Handle,Title,Body (HTML),Vendor,Product Category,Type,Tags,Published,Option1 Name,Option1 Value,Option1 Linked To,Option2 Name,Option2 Value,Option2 Linked To,Option3 Name,Option3 Value,Option3 Linked To,Variant SKU,Variant Grams,Variant Inventory Tracker,Variant Inventory Qty,Variant Inventory Policy,Variant Fulfillment Service,Variant Price,Variant Compare At Price,Variant Requires Shipping,Variant Taxable,Variant Barcode,Image Src,Image Position,Image Alt Text,Gift Card,SEO Title,SEO Description,Google Shopping / Google Product Category,Google Shopping / Gender,Google Shopping / Age Group,Google Shopping / MPN,Google Shopping / Condition,Google Shopping / Custom Product,Google Shopping / Custom Label 0,Google Shopping / Custom Label 1,Google Shopping / Custom Label 2,Google Shopping / Custom Label 3,Google Shopping / Custom Label 4,Google: Custom Product (product.metafields.mm-google-shopping.custom_product),Product rating count (product.metafields.reviews.rating_count),Age group (product.metafields.shopify.age-group),Color (product.metafields.shopify.color-pattern),Constitutive ingredients (product.metafields.shopify.constitutive-ingredients),Cosmetic finish (product.metafields.shopify.cosmetic-finish),Cosmetic function (product.metafields.shopify.cosmetic-function),Detailed ingredients (product.metafields.shopify.detailed-ingredients),Dispenser type (product.metafields.shopify.dispenser-type),Flavor (product.metafields.shopify.flavor),Makeup shade (product.metafields.shopify.makeup-color-shade),Makeup features (product.metafields.shopify.makeup-features),Package type (product.metafields.shopify.package-type),Product certifications & standards (product.metafields.shopify.product-certifications-standards),Product form (product.metafields.shopify.product-form),Skin care effect (product.metafields.shopify.skin-care-effect),Skin care features (product.metafields.shopify.skin-care-features),Skin tone (product.metafields.shopify.skin-tone),Suitable for skin type (product.metafields.shopify.suitable-for-skin-type),Variant Image,Variant Weight Unit,Variant Tax Code,Cost per item,Status
precos-tablet,Precos Tablet,"<p class=""p1""><strong><span class=""s3"">PreCOS® Tablet</span></strong></p>
<ul>
<li>
<p class=""p1""><span class=""s1"">Triple Whitening Complex, Skin Whitening, Melasma &amp; Anti-Ageing</span></p>
</li>
<li>
<p class=""p1""><span class=""s1"">L-Glutathione …………… 500 mg</span></p>
</li>
<li>
<p class=""p1""><span class=""s1"">Vitamin C ………………… 60 mg</span></p>
</li>
<li>
<p class=""p1""><span class=""s1"">Pine Bark Extract ……… 75 mg</span></p>
</li>
<li>
<p class=""p1""><span class=""s1"">30 Tablets</span></p>
</li>
</ul>
<p class=""p1""><strong><span class=""s3"">INDICATION:</span></strong></p>
<ul>
<li>
<p class=""p1""><span class=""s1"">Good anti-oxidant effective whitening effect by reducing the melanin formation.</span></p>
</li>
<li>
<p class=""p1""><span class=""s1"">Beneficial for detox, maintenance, rejuvenation and protection of all the body cells.</span></p>
</li>
<li>
<p class=""p1""><span class=""s1"">Activates Vital Nutrients like Vitamin C and Vitamin E.</span></p>
</li>
<li>
<p class=""p1""><span class=""s1"">It detoxifies the cells and provides clear and radiant skin.</span></p>
</li>
</ul>
<p class=""p1""><strong><span class=""s3"">DOSAGE:</span></strong></p>
<p class=""p1""><span class=""s1"">One or two tablets daily or as directed by the health care adviser.</span></p>
<p class=""p1""><strong><span class=""s3"">Warning:</span></strong></p>
<p class=""p1""><span class=""s1"">If you are pregnant, may become pregnant, or Breast Feeding, consult your health care professional before using this product.</span><span class=""s1""></span></p>
<p class=""p1""><strong><span class=""s3"">STORAGE:</span></strong></p>
<p class=""p1""><span class=""s1"">Store at cool and dry place. Keep all medicines out of children’s reach.</span></p>
<p class=""p1""><strong><span class=""s3"">Composition (Each Tablet Contains):</span></strong></p>
<ul>
<li>
<p class=""p1""><span class=""s1"">L-Glutathione ………………………… 500 mg</span></p>
</li>
<li>
<p class=""p1""><span class=""s1"">Pine Bark Extract …………………… 75 mg</span></p>
</li>
<li>
<p class=""p1""><span class=""s1"">Vitamin A ……………………………… 1500 IU</span></p>
</li>
<li>
<p class=""p1""><span class=""s1"">Vitamin C ……………………………… 60 mg</span></p>
</li>
<li>
<p class=""p1""><span class=""s1"">Vitamin E ……………………………… 5 mg</span></p>
</li>
<li>
<p class=""p1""><span class=""s1"">Lycopene ……………………………… 5 mg</span></p>
</li>
<li>
<p class=""p1""><span class=""s1"">Tomato Extract ……………………… 30 mg</span></p>
</li>
<li>
<p class=""p1""><span class=""s1"">Spirulina Extract ……………………… 150 mg</span></p>
</li>
<li>
<p class=""p1""><span class=""s1"">Alpha Lipoic Acid …………………… 20 mg</span></p>
</li>
<li>
<p class=""p1""><span class=""s1"">Zinc ……………………………………… 10 mg</span></p>
</li>
</ul>
<p class=""p1""> </p>",Dermlax Shop,Health & Beauty > Health Care > Fitness & Nutrition > Vitamins & Supplements > Herbal Supplements,"","",true,Title,Default Title,,,,,,,,,0.0,shopify,9,deny,manual,4950.00,,true,true,"",https://cdn.shopify.com/s/files/1/0861/7810/3594/files/precos_final.png?v=1757952967,1,"",false,,,,,,,,,,,,,,,,adults,,,,,vitamin-e; vitamin-c; zinc; vitamin-a,,unflavored,,,,,,,,,,,kg,,,active
rebute-night-cream,Rebute Night Cream,"<p class=""p1""><span class=""s3"">Rebute Night Cream</span></p>
<p class=""p1""><strong><span class=""s1"">Helps to Remove Fine Lines, Wrinkles and Uneven Skin Tone<br></span><span class=""s1"">Leaves your skin feeling soft and smooth</span></strong><span class=""s3""></span></p>
<p class=""p1""><span class=""s1"">30gm / 1.06 oz</span></p>
<p class=""p1""><strong><span class=""s3"">INGREDIENTS:</span></strong></p>
<p class=""p1""><span class=""s1"">Deionized Water, Disodium EDTA, Glycerin, Propylene Glycol, Carbomer, Ceteareth-20, Cetyl Alcohol, Caprylic/Capric Triglyceride, Cetostearyl Alcohol, Stearic Acid, Glyceryl Stearate &amp; PEG-100 Stearate, White Soft Paraffin, Liquid Paraffin, Isopropyl Myristate, Butylated Hydroxytoluene, Avobenzone, Octyl Methoxycinnamate, Ascorbyl Palmitate, Acetyl Glucosamine, Centella Asiatica Extract, Morus Alba Bark Extract, Pyrus Malus (Apple) Fruit Extract, Camellia Sinensis Leaf Extract, Broussonetia Kazinoki Root Extract, Ergosterol, Galactocarban, Camellia Japonica Leaf Extract, Sodium Ascorbyl Phosphate, Glutathione, Resveratrol, Alpha Arbutin, Gamma Aminobutyric Acid, Sodium Hyaluronate, Olea Europaea Oil, Wheat Germ Oil, Triethanolamine, DMDM Hydantoin, Caprylyl Glycol, Phenoxyethanol, Colorants, Fragrance.</span><span class=""s1""></span></p>
<p class=""p3""><span class=""s1""></span><br></p>
<p class=""p1""><span class=""s3"">Note:</span><span class=""s1""> This is a Non-Medicated Skin Care Product. Therefore, does not fall under medicated cosmetic category.</span></p>
<p class=""p3""> </p>
<p class=""p1""><strong><span class=""s3"">REBUTÉ Night Cream</span></strong></p>
<p class=""p1""><span class=""s1"">Contains Sodium Hyaluronate which helps to restore skin’s moisture, promoting a more revitalized and youthful complexion.</span></p>
<ul>
<li>
<p class=""p1""><span class=""s1"">Smooths wrinkles and improves skin texture.</span></p>
</li>
<li>
<p class=""p1""><span class=""s1"">Sodium Ascorbyl Phosphate: powerful antioxidant for skin repair and protection.</span></p>
</li>
<li>
<p class=""p1""><span class=""s1"">Alpha Arbutin:</span><span class=""s2""> inhibits tyrosinase (reduces tan and spots, lowers melanin).</span></p>
</li>
<li>
<p class=""p1""><span class=""s1"">Resveratrol:</span><span class=""s2""> reverses signs of premature aging (fine lines, wrinkles), hydrates and reduces dryness.</span></p>
</li>
</ul>
<p class=""p1""><strong><span class=""s3"">How to Use:</span></strong></p>
<p class=""p1""><span class=""s1"">Apply a pea-size amount on fingertip. Apply on affected areas, then gently spread it over entire face.</span><span class=""s1""></span></p>
<p class=""p1""><strong><span class=""s3"">Cautions:</span></strong></p>
<ul>
<li>
<p class=""p1""><span class=""s1"">Avoid contact with eyes. If contact occurs, rinse thoroughly.</span></p>
</li>
<li>
<p class=""p1""><span class=""s1"">Store below 30°C. Protect from sunlight.</span></p>
</li>
<li>
<p class=""p1""><span class=""s1"">Keep out of reach of children.</span></p>
</li>
</ul>
<p class=""p1""> </p>",Dermlax Shop,Health & Beauty > Personal Care > Cosmetics > Skin Care > Anti-Aging Skin Care,"","",true,Title,Default Title,,,,,,,,,0.0,shopify,9,deny,manual,1399.00,,true,true,"",https://cdn.shopify.com/s/files/1/0861/7810/3594/files/rebutecream.webp?v=1757879833,1,"",false,,,,,,,,,,,,,,,,,,water; glycerin,,,,,,,,,,cream,brightening; revitalizing; moisturizing; smoothing; anti-wrinkle; anti-aging; hydrating; anti-dark-spot; protection,,,all-skin-types,,kg,,,active
rebute-skin-brightening-facewash,Rebute Skin Brightening Facewash,"<p class=""p1""><span class=""s2"">Rebute </span><span class=""s2"">Skin Brightening Face Wash</span></p>
<p class=""p1""><strong><span class=""s1"">Naturally Cleanse &amp; Glowing The Skin<br></span><span class=""s1"">Revitalized &amp; Rejuvenate Skin<br></span><span class=""s2"">Enriched with Natural Extracts</span></strong><span class=""s1""></span></p>
<p class=""p1""><span class=""s1"">100ml / 3.52 FL OZ</span><span class=""s1""></span></p>
<p class=""p1""><strong><span class=""s2"">Ingredients:</span></strong></p>
<p class=""p1""><span class=""s1"">Deionized Water, Disodium EDTA, Glycerin, Propylene Glycol, Aloe Vera Extract, Sodium Lauryl Ether Sulphate, Alkyl Polyglycoside, Sodium Lauryl Sarcosinate, Cocamidopropyl Betaine, C10-30 Alkyl Acrylate Crosspolymer, 3-pyridinecarboxamide, Acetyl Glucosamine, Centella Asiatica Extract, Prunus Malus (Apple) Fruit Extract, Camellia Sinensis Leaf Extract, Broussonetia Kazinoki Root Extract, Ergosterol, Galactoarabinan, Camellia Japonica Leaf Extract, Sodium Ascorbyl Phosphate, Kojic Acid Dipalmitate, Glutathione, Wheat Germ Oil, Sodium Lactate, Sodium Hydroxide, Colorants, DMDM Hydantoin, Caprylyl Glycol, Phenoxyethanol, Fragrance.</span><span class=""s1""></span></p>
<p class=""p1""><strong><span class=""s2"">Directions for Use:</span></strong></p>
<p class=""p1""><span class=""s1"">Dampen skin. Dispense small amount to fingertips. Massage into lather and cleanse face. Rinse. Repeat if necessary.</span></p>
<p class=""p1""><strong><span class=""s2"">Warnings:</span></strong></p>
<ul>
<li>
<p class=""p1""><span class=""s1"">Avoid contact with eyes. If contact occurs, rinse eyes thoroughly with water.</span></p>
</li>
<li>
<p class=""p1""><span class=""s1"">Do not use if you have known sensitivity to any of the ingredients.</span></p>
</li>
<li>
<p class=""p1""><span class=""s1"">Store below 30°C.</span></p>
</li>
<li>
<p class=""p1""><span class=""s1"">Protect from direct sunlight.</span></p>
</li>
<li>
<p class=""p1""><span class=""s1"">Keep out of reach of children.<br><br></span></p>
</li>
</ul>
<p class=""p1""><strong><span class=""s2"">For External Use Only</span></strong><span class=""s1""></span></p>
<p class=""p1""><span class=""s3"">Note: This is a Non-Medicated Skin Care Product. Therefore, does not fall under medicated cosmetic category.</span></p>",Dermlax Shop,Health & Beauty > Personal Care > Cosmetics > Skin Care > Facial Cleansers,"","",true,Title,Default Title,,,,,,,,,0.0,shopify,9,deny,manual,950.00,,true,true,"",https://cdn.shopify.com/s/files/1/0861/7810/3594/files/rebutefw.webp?v=1757879491,1,"",false,,,,,,,,,,,,,,,,,,water; aloe-vera; glycerin,,,,,,,,squeeze-tube,dermatologist-tested; natural-ingredients,gel; liquid,illuminating; revitalizing; brightening; cleansing,,,all-skin-types,,kg,,,active
layers-sunblock-spf-60,Layers Sunblock Spf 60,"<p><strong>Research Based Clinically Proven Formulations</strong></p>
<p>SUN BLOCK SPF 60<br>PA+++ Broad Spectrum UVA / UVB Protection</p>
<p><strong>Ingredients:</strong><br>Purified Water, C-12 Alkyl Benzoate, Octyl Methoxy Cinnamate, Octyl Salicylate, Glyceryl Mono Stearate, Glycerine, Avobenzone, Cetyl Alcohol, Phenoxyethanol, Fragrance, Polysorbate, Allantoin, Carbomer, Disodium EDTA, Vitamin E Acetate.</p>
<p>Net Weight: 50 g<br><br><strong>Directions:</strong><br>Apply a generous amount of SPF 60 sunblock 15–30 minutes before sun exposure. Reapply every two hours or after swimming/sweating. Use daily for best protection.<br></p>",Dermlax Shop,Health & Beauty > Personal Care > Cosmetics > Skin Care > Sunscreen,"","",true,Title,Default Title,,,,,,,,,0.0,shopify,2,deny,manual,790.00,,true,true,"",https://cdn.shopify.com/s/files/1/0861/7810/3594/files/layerssunbloxk.png?v=1754907301,1,"",false,,,,,,,,,,,,,,,,,,water; glycerin; vitamin-e,,,,tube,,,,,spf-protection,,protection,uva-uvb-protection,,all-skin-types,,kg,,,active
oily-skin-bundle,OILY SKIN BUNDLE,"<p><strong>💧 Oily Skin Bundle </strong><br><strong>🧴 What’s Inside:</strong></p>
<p><strong>1. Mecos Facewash (Mandelic Acid)</strong><br>✔ Gently exfoliates without irritation<br>✔ Packed with Mandelic Acid, Vitamin C, Vitamin E, Hyaluronic Acid &amp; Niacinamide<br>✔ Cleanses pores and reduces buildup</p>
<p><strong>2. Purest intensive pore tightening Serum (Niacinamide + Zinc)</strong><br>✔ Controls sebum production<br>✔ Calms inflammation and tightens pores<br>✔ Strengthens your skin barrier with hydration + antioxidants</p>
<p><strong>3. Vera Gleam Gel</strong><br>✔ Non-greasy hydration for oily skin<br>✔ Aloe Vera &amp; Vitamin C soothe and refresh<br>✔ Balances hydration without clogging pores</p>
<p><strong>4. Giasun water gel SPF 100</strong><br>✔ Ultra-light, broad-spectrum protection<br>✔ Controls shine, hydrates &amp; protects<br>✔ Enriched with Niacinamide &amp; Hyaluronic Acid</p>
<p><strong>✨ How to Use:</strong></p>
<p>Morning Routine:<br>1️⃣ Cleanse with the Mecos Facewash<br>2️⃣ Apply the purest Serum on clean skin<br>3️⃣ Follow with the vera gleam gel<br>4️⃣ Finish with a generous layer of giasun Sunscreen</p>
<p>Evening Routine:<br>1️⃣ Cleanse again<br>2️⃣ Apply the serum<br>3️⃣ Moisturize and you’re done! (No sunscreen at night)</p>
<p>No more second-guessing your routine. This bundle simplifies skincare for oily skin — expertly designed, tested, and trusted by skin professionals.</p>",Dermlax Shop,Uncategorized,"","",true,Title,Default Title,,,,,,,,,0.0,shopify,5,deny,manual,9845.00,,true,true,,https://cdn.shopify.com/s/files/1/0861/7810/3594/files/oilyskin1.jpg?v=1754044185,1,"",false,,,,,,,,,,,,,,,,,,,,,,,,,,,,,,,,,,kg,,,active
oily-skin-bundle,,,,,,,,,,,,,,,,,,,,,,,,,,,,https://cdn.shopify.com/s/files/1/0861/7810/3594/files/oily_skin_bundle.jpg?v=1754044196,2,"",,,,,,,,,,,,,,,,,,,,,,,,,,,,,,,,,,,,,,
dry-sensitive-skin-bundle,DRY & SENSITIVE SKIN BUNDLE,"<p><strong>🧴 Dry &amp; Sensitive Skin Bundle</strong><br><strong>💧 What’s Inside:</strong></p>
<p><strong>1. Lirene creamy almond wash gel (with Almond Oil &amp; D-Panthenol)</strong><br>🥥 Non-foaming creamy texture<br>🌰 Enriched with Sweet Almond Oil to soften &amp; calm<br>💧 Panthenol + Glycerin = Hydration boost while cleansing</p>
<p><strong>2. Silcio ceramide Moisturizer (with Shea Butter + Olive Squalane)</strong><br>🧴 Rich &amp; nourishing, yet fast-absorbing<br>🛡 Strengthens skin’s barrier with Ceramide NP<br>🌿 Perfect for dry, flaky, or sensitive skin prone to irritation</p>
<p><strong>3. Melona-HA Serum (5% Hyaluronic Acid + Peptides)</strong><br>💧 Deep hydration at multiple skin levels<br>🌿 Calms redness with D-Panthenol + Allantoin<br>💡 Improves elasticity and plumpness over time</p>
<p><strong>4. Lazuxe Sunblock (SPF 50+)</strong><br>☀️ Broad spectrum protection with Zinc + Titanium Dioxide<br>🍃 Infused with Aloe Vera &amp; Allantoin for soothing effect<br>🌬 Non-greasy, sensitive-skin-safe, and barrier-repair friendly</p>
<p><strong>🕓 How to Use (Daily AM + PM Routine):</strong></p>
<p>Morning:<br>1️⃣ Cleanse gently with the lirene facewash<br>2️⃣ Apply 3 drops of melona HA serum<br>3️⃣ Lock it in with the silcio ceramide moisturizer<br>4️⃣ Finish with lazuxe sunblock (even on cloudy days!)</p>
<p>Night:<br>1️⃣ Wash with lirene facewash<br>2️⃣ Apply melona HA serum on damp skin<br>3️⃣ Massage in silcio ceramide moisturizer before bed</p>
<p>This bundle is your gentle warrior — no harsh chemicals, no stripping — just pure, calm hydration and everyday barrier care. Perfect for dry winters, reactive skin types, or anyone who just wants to feel comfort on their face.</p>",Dermlax Shop,Uncategorized,"","",true,Title,Default Title,,,,,,,,,0.0,shopify,3,deny,manual,7326.00,,true,true,,https://cdn.shopify.com/s/files/1/0861/7810/3594/files/dryandsensitve1.jpg?v=1754044315,1,"",false,,,,,,,,,,,,,,,,,,,,,,,,,,,,,,,,,,kg,,,active
dry-sensitive-skin-bundle,,,,,,,,,,,,,,,,,,,,,,,,,,,,https://cdn.shopify.com/s/files/1/0861/7810/3594/files/dry_and_senstive_skin.jpg?v=1754044315,2,"",,,,,,,,,,,,,,,,,,,,,,,,,,,,,,,,,,,,,,
hairfall-rescue-bundle,HAIRFALL RESCUE BUNDLE,"<p><strong>💆 Hairfall Rescue Bundle </strong><br><strong>🛍️ What’s Inside:</strong></p>
<p>1. Wemist Shampoo (with Argan Oil, Biotin, Keratin, Avocado)<br>🧴 Gently cleanses the scalp while strengthening hair fibers<br>💪 Biotin and Keratin work to repair and protect hair structure<br>✨ Leaves your hair smoother, shinier, and less prone to breakage</p>
<p>2. Bioxcin Forte Serum<br>💧 A powerful topical formula with Procyanidin, Fig Leaf Extract, and Menthol<br>🌿 Soothes the scalp, increases blood flow, and supports new growth<br>🌟 Lightweight &amp; non-greasy – perfect for daily use</p>
<p>3. Morvil Multivitamin (Oral Capsules)<br>💊 Packed with 25+ active nutrients like Biotin, Zinc, L-Methyl Folate, and CoQ10<br>🔋 Strengthens hair from the inside by correcting deficiencies<br>🧠 Also supports skin, nails, and overall vitality</p>
<p>4. Kellick Spray (with Procail, Anagain &amp; Botanicals)<br>🌿 Direct root stimulation with Biotin, Tea Tree Oil, Rosemary &amp; Oleanolic Acid<br>📈 Helps extend the growth phase of hair<br>🌀 Controls DHT (a major cause of hair thinning)</p>
<p><strong>🕓 How to Use:</strong></p>
<p>Morning &amp; Night Routine:<br>1️⃣ wemist Shampoo: Use 3 times a week to gently cleanse and prepare the scalp<br>2️⃣ bioxcin forte Serum: Apply directly on the scalp, massage gently. Use daily.<br>3️⃣ kellick Spray: After serum or separately, spray on thinning areas. Let it absorb.<br>4️⃣ morvil Multivitamin: Once daily</p>
<p>This is your complete defense kit against thinning, breakage, and weak roots.<br>Healthy scalp = Healthy hair.</p>",Dermlax Shop,Uncategorized,"","",true,Title,Default Title,,,,,,,,,0.0,shopify,5,deny,manual,9150.00,,true,true,,https://cdn.shopify.com/s/files/1/0861/7810/3594/files/hairfallrescue1.jpg?v=1754043894,1,"",false,,,,,,,,,,,,,,,,,,,,,,,,,,,,,,,,,,kg,,,active
hairfall-rescue-bundle,,,,,,,,,,,,,,,,,,,,,,,,,,,,https://cdn.shopify.com/s/files/1/0861/7810/3594/files/hairfall_rescue.jpg?v=1754043902,2,"",,,,,,,,,,,,,,,,,,,,,,,,,,,,,,,,,,,,,,
glow-bundle,GLOW BUNDLE,"<p><meta charset=""utf-8""><strong>🌟Glow Bundle</strong><br><strong>What’s Inside:</strong></p>
<p><strong>1. Clearnex Whitening Facewash (Glutathione + Vitamin B3)</strong><br>🧼 Gently cleanses without drying<br>🌿 Enriched with Glutathione, Licorice &amp; Emblica for a fresh, even tone<br>💧 Aloe Vera + Panthenol = Smooth, calm skin after every wash</p>
<p><strong>2. Belleza Serum (15% Vitamin C + 10% Alpha Arbutin + 10% Niacinamide)</strong><br>💡 Brightens dull skin<br>🎯 Targets pigmentation &amp; dark spots<br>💧 Boosted with Hyaluronic Acid + Aloe Vera for added hydration<br>⚡ Advanced Ezorb &amp; Microclear tech = faster absorption</p>
<p><strong>3. Lirene C+D Gel Moisturizer</strong><br>🔬 Loaded with DUOC, DPRO, and encapsulated Vitamin E<br>🌿 Deeply hydrates + revitalizes skin barrier<br>🧴 Leaves skin plump, bouncy, and visibly fresh</p>
<p><strong>4. Belleza White Cream (Glutathione + Sepi White + Alpha Arbutin)</strong><br>🌟 Fades melasma, pigmentation &amp; uneven patches<br>🛡 Improves radiance and skin clarity with consistent use<br>🌱 Aloe Vera base = soothing nourishment</p>
<p><strong>5. Barrier Sunblock (Oil-Free)</strong><br>☀️ Non-comedogenic &amp; non-greasy<br>🌿 Controls excess sebum while shielding from UV rays<br>🛡 Keeps pigmentation from worsening due to sun damage</p>
<p><strong>6. Cinn Pam Capsules (Oral Glutathione + Collagen)</strong><br>💊 Boosts internal glow<br>🛡 Fights oxidative stress &amp; improves skin texture from within<br>💪 Combines L-Glutathione + Collagen + Pycnogenol + Vitamin C for visible skin clarity</p>
<p><strong>🕓 How to Use (AM + PM Routine):</strong></p>
<p>Morning:<br>1️⃣ Cleanse with clearnex Facewash<br>2️⃣ Apply belleza Serum (3 drops)<br>3️⃣ Moisturize with lirene c+d Gel moisturizer <br>4️⃣ Follow with Belleza white Cream<br>5️⃣ Finish with Barrier Sunblock<br>6️⃣ Take 1 Cinn pam Capsule daily</p>
<p>Night:<br>1️⃣ Cleanse with facewash<br>2️⃣ Apply serum again<br>3️⃣ Use Brightening Cream<br>4️⃣ Lock in moisture with gel moisturizer</p>
<p>This bundle is your AM-to-PM radiance ritual, powered by clinical ingredients + clean formulations.</p>",Dermlax Shop,Uncategorized,"","",true,Title,Default Title,,,,,,,,,0.0,shopify,0,deny,manual,14625.00,,true,true,,https://cdn.shopify.com/s/files/1/0861/7810/3594/files/glow1.jpg?v=1754043674,1,"",false,,,,,,,,,,,,,,,,,,,,,,,,,,,,,,,,,,kg,,,active
glow-bundle,,,,,,,,,,,,,,,,,,,,,,,,,,,,https://cdn.shopify.com/s/files/1/0861/7810/3594/files/glow.jpg?v=1754043681,2,"",,,,,,,,,,,,,,,,,,,,,,,,,,,,,,,,,,,,,,
anti-aging-bundle,ANTI-AGING BUNDLE,"<p><strong>✨ Anti-Aging Bundle </strong><br><strong>💼 What’s Inside:</strong></p>
<p><strong>1. Beotiv vitamin E Facewash (Vitamin E + Raspberry Seed Oil)</strong><br>🧼 Cleanses without stripping the skin<br>🛡 Rich in antioxidants to defend against environmental aging<br>🌿 Prepares skin for the rest of your anti-aging routine</p>
<p><strong>2. Fusion aloe vera gel (with Aloe Vera, Vitamin E &amp; Olive Oil)</strong><br>💧 Lightweight yet nourishing hydration<br>🌿 Soothes, calms, and softens skin<br>🌟 Maintains elasticity and plumpness</p>
<p><strong>3. Preagex Anti-Wrinkle Cream (Peptides + Collagen Complex)</strong><br>🎯 Targets wrinkles and fine lines<br>💪 Boosts skin firmness and collagen regeneration<br>🍃 Powered by Borage Oil, Linolenic Acid &amp; Hyaluronic Acid</p>
<p><strong>4. Hycol Z Oral collagen Sachets</strong><br>💊 Each sachet delivers 5g of pure collagen + Hyaluronic Acid, Quatrefolic &amp; Vitamin C<br>💡 Enhances skin structure from within<br>✨ Promotes firm, smooth skin + joint &amp; hair benefits too</p>
<p><strong>5. Solor pro SPF 90 Sunblock (Broad Spectrum + Vitamins C &amp; E)</strong><br>🛡 High-level protection from UVA/UVB<br>🌿 Prevents premature aging caused by sun damage<br>☀️ Daily essential to maintain youthfulness</p>
<p><strong>6. Oxido Lite Serum (Melavold, Sepiwhite &amp; Botanicals)</strong><br>🌟 Reduces pigmentation, uneven tone &amp; dullness<br>💧 Adds hydration and boosts glow<br>🍇 Plant-based extracts help in overall skin regeneration</p>
<p><strong>🕓 How to Use (AM &amp; PM Routine):</strong></p>
<p>Morning:<br>1️⃣ Cleanse with beotiv vitamin E facewash<br>2️⃣ Apply 2-3 drops of oxido lite serum over face and neck<br>3️⃣ Follow with fusion alovera gel <br>4️⃣ Finish with Solor pro sunblock<br>5️⃣ Take 1 sachet of hycol z daily</p>
<p>Night:<br>1️⃣ Cleanse with beotiv vitamin E facewash<br>2️⃣ Apply oxido lite serum<br>3️⃣ Apply preagex anti-wrinkle cream (focus on lines, under eyes, and forehead)<br>4️⃣ Finish with fusion alovera gel</p>
<p>This bundle is perfect for anyone 35+ looking to prevent or reduce visible signs of aging and maintain youthful skin.<br>Your skin deserves to age like fine wine — with grace, glow.</p>",Dermlax Shop,Uncategorized,"","",true,Title,Default Title,,,,,,,,,0.0,shopify,1,deny,manual,8575.00,,true,true,,https://cdn.shopify.com/s/files/1/0861/7810/3594/files/anti_aging_1.jpg?v=1754043539,1,"",false,,,,,,,,,,,,,,,,,,,,,,,,,,,,,,,,,,kg,,,active
anti-aging-bundle,,,,,,,,,,,,,,,,,,,,,,,,,,,,https://cdn.shopify.com/s/files/1/0861/7810/3594/files/antiaeging.jpg?v=1754043539,2,"",,,,,,,,,,,,,,,,,,,,,,,,,,,,,,,,,,,,,,
acne-control-bundle,ACNE CONTROL BUNDLE,"<p><strong>✨ Acne Control Bundle </strong><br><strong>🧴 What’s Inside:</strong></p>
<p><strong>1. Beotiv Acnewash- 2% Salicylic Acid Cleanser</strong><br>🫧 Gently exfoliates &amp; unclogs pores<br>🛡 Helps prevent new breakouts without drying<br>💧 Preps your skin for maximum product absorption</p>
<p><strong>2. Dapsone Gel</strong><br>💥 Powerful antibacterial + anti-inflammatory action<br>🎯 Targets deep pimples, pustules, and inflamed acne<br>🧬 Dermatologist-trusted ingredient for resistant acne</p>
<p><strong>3. Zitfix Anti-Acne Serum</strong><br>🧪 Niacinamide + BHA + Tea Tree = breakout-fighting trio<br>💧 Fades dark spots + controls oil + reduces clogged pores<br>🌿 Soothes redness with Aloe Vera &amp; Vitamin E</p>
<p><strong>4. Alocare Gel</strong><br>🌱 Lightweight, calming hydration<br>🛡 Collagen elastin + Allantoin = faster skin recovery<br>✨ Leaves skin smooth, soft, and refreshed</p>
<p><strong>5. Aknow Acne Solution Gel (Spot Treatment)</strong><br>🎯 High-impact salicylic acid + tea tree oil<br>🩹 Apply directly to stubborn pimples for overnight action<br>🧴 Helps dry out blemishes without over-stripping skin</p>
<p><strong>6. Defensive SC Gel Sunscreen SPF 60</strong><br>☀️ Ultra-light, oil-free sun protection<br>🛡 Prevents acne marks from darkening<br>✨ No white cast, no pore clogging</p>
<p><strong>📋 How to Use (AM + PM Routine):</strong></p>
<p>Morning:<br>1️⃣ Wash face with Beotiv acnewash.<br>2️⃣ Apply zitfix Serum (2–3 drops) on full face<br>3️⃣ Follow with Alocare Gel for moisture<br>4️⃣ Finish with defensive Sunscreen</p>
<p>Night:<br>1️⃣ Cleanse with beotiv acnewash<br>2️⃣ Apply Dapsone Gel to acne-prone areas<br>3️⃣ Use Aknow Acne Solution Gel (spot treatment)<br>4️⃣ Finish with Alocare Gel to calm skin overnight</p>
<p>Clear skin doesn’t happen overnight — but this bundle brings you closer, faster, and safer with Trusted ingredients. Smart layering and Real results.</p>",Dermlax Shop,Uncategorized,"","",true,Title,Default Title,,,,,,,,,0.0,shopify,0,deny,manual,6015.00,,true,true,,https://cdn.shopify.com/s/files/1/0861/7810/3594/files/GreyandBrownMinimalistSkincareBundlingPromoFlyer_4.png?v=1753997452,1,"",false,,,,,,,,,,,,,,,,,,,,,,,,,,,,,,,,,,kg,,,active
acne-control-bundle,,,,,,,,,,,,,,,,,,,,,,,,,,,,https://cdn.shopify.com/s/files/1/0861/7810/3594/files/1_5a1fb8c2-46b1-4167-bb9e-55161a5a8b20.png?v=1753997452,2,"",,,,,,,,,,,,,,,,,,,,,,,,,,,,,,,,,,,,,,
testing-bundle,testing bundle,,Dermlax Shop,Uncategorized,"","",false,Title,Default Title,,,,,,,,,0.0,shopify,1,deny,manual,1190.00,,true,true,,,,,false,,,,,,,,,,,,,,,,,,,,,,,,,,,,,,,,,,kg,,,draft
test,test,"",Dermlax Shop,Uncategorized,"","",true,Title,Default Title,,,,,,,,,0.0,shopify,1,deny,manual,0.00,,true,true,"",,,,false,,,,,,,,,,,,,,,,,,,,,,,,,,,,,,,,,,kg,,,active
mecos-face-wash,MECOS Face Wash,"<h3 class=""p1""><strong><span class=""s2"">MECOS Face Wash</span></strong></h3>
<h4 class=""p1"">
<span class=""s2"">Suitable for all types of skin<br><br></span><span class=""s1""></span><span class=""s2""></span><strong><span class=""s1"">Ingredients:</span></strong>
</h4>
<ul>
<li>
<p class=""p1""><span class=""s1"">Mandelic Acid – 2.00%</span></p>
</li>
<li>
<p class=""p1""><span class=""s1"">Vitamin C – 1.00%</span></p>
</li>
<li>
<p class=""p1""><span class=""s1"">Vitamin E – 4.00%</span></p>
</li>
<li>
<p class=""p1""><span class=""s1"">Hyaluronic Acid – 2.00%</span></p>
</li>
<li>
<p class=""p1""><span class=""s1"">Niacinamide – 2.00%</span></p>
</li>
</ul>
<h3><span class=""s1"">APPLICATION:</span></h3>
<p class=""p1""><span class=""s1"">Take MECOS face wash on to your palm. Work up lather and massage it gently on wet face and neck with circulation motion. </span><span class=""s1"">Wash thoroughly with clean water and pat dry. </span><span class=""s1"">Use 2–3 times a day or as directed by consultant.</span></p>
<h3><span class=""s1"">CAUTION:<meta charset=""utf-8""></span></h3>
<ul>
<li>
<p class=""p1""><span class=""s1"">Avoid contact with eyes and mouth, if contact does occur, rinse well with clean water.</span></p>
</li>
<li>
<p class=""p1""><span class=""s1"">If irritation develops, discontinue use and contact your consultant immediately.</span></p>
</li>
<li>
<p class=""p1""><span class=""s1"">Store in a cool &amp; dark place not exceeding 30°C.</span></p>
</li>
<li>
<p class=""p1""><span class=""s1"">Keep away from direct sunlight &amp; children.</span></p>
</li>
</ul>
<p class=""p3""> </p>
<p class=""p1""><span class=""s2""><meta charset=""utf-8"">120 ml / 4.23 Oz ℮<br>FOR EXTERNAL USE ONLY</span></p>
<p class=""p1""> </p>",Dermlax Shop,Health & Beauty > Personal Care > Cosmetics > Skin Care > Facial Cleansers,"","",true,Title,Default Title,,,,,,,,,0.0,shopify,10,deny,manual,1250.00,,true,true,"",https://cdn.shopify.com/s/files/1/0861/7810/3594/files/2_25495005-5053-4f03-928a-6008c6c02f8a.png?v=1753879687,1,"",false,,,,,,,,,,,,,,,,,,,,,,,,,,,,,,,,,,kg,,,active
hexcos-w-whitening-serum,HEXCOS W Whitening Serum,"<p class=""p1""><strong><span class=""s2"">HEXCOS W </span><span class=""s2"">Whitening Serum<br><br></span></strong><span class=""s1""></span></p>
<ul>
<li>
<p class=""p1""><span class=""s1"">Hyaluronic acid</span></p>
</li>
<li>
<p class=""p1""><span class=""s1"">Niacinamide</span></p>
</li>
<li>
<p class=""p1""><span class=""s1"">Kojic Acid DP</span></p>
</li>
<li>
<p class=""p1""><span class=""s1"">Alpha Arbutin</span></p>
</li>
<li>
<p class=""p1""><span class=""s1"">Magnesium Ascorbyl Phosphate</span></p>
</li>
</ul>
<p class=""p1""><span class=""s2"">Dermatologist tested<br></span><span class=""s2"">SLS &amp; Paraben Free<br></span><span class=""s2"">30 ml</span><span class=""s1""></span><span class=""s1""></span></p>
<p class=""p1""><span class=""s2"">Warning:</span></p>
<ul>
<li>
<p class=""p1""><span class=""s1"">For external use only</span></p>
</li>
<li>
<p class=""p1""><span class=""s1"">Store in cool &amp; dry place</span></p>
</li>
<li>
<p class=""p1""><span class=""s1"">Protect from light</span></p>
</li>
<li>
<p class=""p1""><span class=""s1"">Keep out of the reach of children</span></p>
</li>
</ul>
<p class=""p1""> </p>",Dermlax Shop,Health & Beauty > Personal Care > Cosmetics > Skin Care > Face Serums,"","",true,Title,Default Title,,,,,,,,,0.0,shopify,5,deny,manual,2495.00,,true,true,"",https://cdn.shopify.com/s/files/1/0861/7810/3594/files/1_3915d751-984f-4ba5-aa38-cdc52942a076.png?v=1753879626,1,"",false,,,,,,,,,,,,,,,,,,,,,,,,,,,,,,,,,,kg,,,active
qwerty,qwerty,"",Dermlax Shop,Uncategorized,"","",true,Title,Default Title,,,,,,,,"",0.0,shopify,93,deny,manual,0.00,,true,true,"",,,,false,,,,,,,,,,,,,,,,,,,,,,,,,,,,,,,,,,kg,,,active
lavida-azelaic-acid-10-maltodextrin-1-serum,Lavida Azelaic Acid 10% + Maltodextrin 1% Serum,"<div>AZELAIC ACID 10% + MALTODEXTRIN 1% <meta charset=""utf-8"">SERUM</div>
<div>An effective natural compound derived from grains</div>
<div></div>
<div>Treats Rosacea &amp; Balances Skin’s Microbiome</div>
<div>For all skin types</div>
<div>Free from sulfates, parabens, or cruelty</div>
<div></div>
<div>Dermatologically Tested</div>
<div>30 mL / 1 fl oz</div>
<div></div>
<div><strong>AZELAIC ACID</strong></div>
<div>Topical azelaic acid is a versatile skincare ingredient used to address acne, rosacea, and hyperpigmentation.</div>
<div>It works by reducing keratin production, decreasing inflammation, and inhibiting tyrosinase activity, which helps fade dark spots and improve overall skin texture.</div>
<div><br></div>
<div>Suitable for sensitive skin, it is often found in creams, gels, or serums and can be combined with other actives like niacinamide or hyaluronic acid.</div>
<div>Regular use (2–3 months) can result in noticeable improvements in skin clarity and tone, with minimal risk of irritation.</div>
<div></div>
<div><br></div>
<div><strong>Ingredients:</strong></div>
<div>Azelaic Acid, Aqua, Glycerin, Dimethyl Isosorbide, Panthenol, Allantoin, Phenoxyethanol, PEG-8, Propylene Glycol, Rice Extract, Sodium Hyaluronate, Maltodextrin, EDTA</div>
<div><br></div>
<div><strong>Key Benefits:</strong></div>
<div><span> • Rosacea: Reduces redness and visible blood vessels associated with rosacea.</span></div>
<div><span> • Inflammation: Supports skin healing, making it ideal for conditions like post-inflammatory hyperpigmentation.</span></div>
<div><span> • Acne: Reduces bacterial growth, specifically targeting Cutibacterium acnes (a common cause of acne).</span></div>
<div><br></div>
<div></div>
<div><strong>Directions:<br></strong></div>
<div><span> • First, cleanse your face.</span></div>
<div><span> • Then, apply a small amount of Lavida face serum all over your face.</span></div>
<div><span> • Gently massage the serum into your skin until it is fully absorbed.</span></div>
<div><span> • Allow a couple of minutes for the serum to penetrate your skin.</span></div>",Dermlax Shop,Health & Beauty > Personal Care > Cosmetics > Skin Care > Face Serums,"","",true,Title,Default Title,,,,,,,,"",0.0,shopify,2,deny,manual,2800.00,,true,true,"",https://cdn.shopify.com/s/files/1/0861/7810/3594/files/lavidaazelaicacid.png?v=1750249528,1,"",false,,,,,,,,,,,,,,,,,,,,,,,,,,,,serum,anti-redness; healing; keratin-reduction; rebalancing; treatment,,,all-skin-types; sensitive; with-redness,,kg,,,active
french-keratin-hair-mask,Layers French Keratin Hair Mask,"<p><meta charset=""utf-8""><strong>KERATIN RESEARCH</strong><br><strong>FRENCH KERATIN HAIR MASK</strong><br><strong>MASQUE CAPILLAIRE</strong><br>300 g<br><br><strong>How to Apply:</strong><br>Gently massage the mask into the scalp and leave for 30 minutes.</p>
<p><strong>Ingredients:</strong><br>Castor Oil, Hydrolyzed Keratin 3%, Vitamin E, Panthenol, Wheat Germ Oil, Coconut</p>
<p> </p>
<p><br></p>",Dermlax Shop,Health & Beauty > Personal Care > Hair Care,"","",true,Title,Default Title,,,,,,,,"",0.0,shopify,3,deny,manual,2500.00,,true,true,"",https://cdn.shopify.com/s/files/1/0861/7810/3594/files/layer.png?v=1748859283,1,"",false,,,486,,,,,,,,,,,,,,,,,,,,,,,,,,,,,,,kg,,,active
lavida-mandelic-acid-serum,Lavida Mandelic Acid Serum,"<div>Lavida Mandelic Acid Gentle Exfoliant Anti-Acne Serum</div>
<div>A Potent AHA, derived from Bitter Almonds</div>
<div>For sensitive skin</div>
<div><span>Free from sulfates, parabens, or cruelty</span></div>
<div><span>Dermatologically tested</span></div>
<div><span>30 mL / 1 fl oz</span></div>
<div></div>
<div><strong>Ingredients:<br><br></strong></div>
<div><span> • Mandelic Acid</span></div>
<div><span> • Dimethyl Isosorbide</span></div>
<div><span> • Polysorbate</span></div>
<div><span> • Ethylhexylglycerin</span></div>
<div><span> • Dimethyl Isosorbide</span></div>
<div><span> • Propanediol</span></div>
<div><span> • Aqua (water)</span></div>
<div><br></div>
<div><strong>Key Benefits:<br><br></strong></div>
<div><span>Gently removes dead skin cells and reveals a brighter complexion</span></div>
<div><span>Improves the appearance of fine lines and wrinkles</span></div>
<div><span>Reduces hyperpigmentation and improves skin tone</span></div>
<div><span>Effective in reducing acne and preventing breakouts</span></div>
<div><span>Less irritating than other AHAs, suitable for sensitive skin</span></div>
<div></div>
<div><strong>Directions for Use:</strong></div>
<div></div>
<div><span> 1. Cleanse your face</span></div>
<div><span> 2. Apply a small amount of Lavida serum all over the face</span></div>
<div><span> 3. Gently massage until fully absorbed</span></div>
<div><span> 4. Allow a few minutes for full penetration</span></div>
<div><span> 5. Use thrice a week or as directed by your physician</span></div>",Dermlax Shop,Health & Beauty > Personal Care > Cosmetics > Skin Care > Face Serums,"","",true,Title,Default Title,,,,,,,,"",0.0,shopify,1,deny,manual,2250.00,,true,true,"",https://cdn.shopify.com/s/files/1/0861/7810/3594/files/IMG_0079.jpg?v=1747830167,1,"",false,,,567,,,,,,,,,,,,,,,,,,,,,,,,,,,,,,,kg,,,active
lavida-hyperfade-cream,Lavida Hyperfade Cream,"<div><span>Treats Hyperpigmentation &amp; Lightens Skin</span></div>
<div><span>With Melasyl &amp; Niacinamide (Vitamin B3)</span></div>
<div><span>Free from Sulfates, Parabens, or Cruelty</span></div>
<div><span>Dermatologically Tested</span></div>
<div><br></div>
<div>
<strong>Directions:</strong><br><br>
</div>
<div><span>Apply a small amount of cream thinly on affected areas and massage gently till completely absorbed.</span></div>
<div><span>For best results use in the evening before going to bed.</span></div>
<div><br></div>
<div>
<strong>Precautions:</strong><br><br>
</div>
<div><span>Keep out of reach of children.</span></div>
<div><span>Store below 25°C. Protect from heat &amp; direct sunlight.</span></div>
<div><span>For external use only.</span></div>
<div><br></div>
<div><strong>Ingredients:<br><br></strong></div>
<div><span> • Melasyl</span></div>
<div><span> • Niacinamide</span></div>
<div><span> • Glutathione</span></div>
<div><span> • Sodium Ascorbyl Phosphate</span></div>
<div><span> • Alpha Arbutin</span></div>
<div><span> • Kojic Acid Dipalmitate</span></div>
<div><span> • Licorice Extract</span></div>
<div><span> • Ascorbyl Glucoside</span></div>
<div><span> • Glabridin</span></div>
<div><span> • Papaya Extract</span></div>
<div><span> • Hyaluronic Acid</span></div>
<div><br></div>
<div><strong>Benefits:<br><br></strong></div>
<div><span>Treats hyperpigmentation, including dark spots, melasma, acne scars, age spots, and sun damage</span></div>
<div><span>Smooths and softens rough texture</span></div>
<div><span>Delivers antioxidant protection against environmental stressors</span></div>
<div><span>Brightens and evens skin tone</span></div>",Dermlax Shop,Health & Beauty > Personal Care > Cosmetics > Skin Care > Face Moisturizers,"","",true,Title,Default Title,,,,,,,,"",0.0,shopify,10,deny,manual,1630.00,,true,true,"",https://cdn.shopify.com/s/files/1/0861/7810/3594/files/IMG_0077.webp?v=1747829733,1,"",false,,,2592,,,,,,,,,,,,,,,,,,,,,,,,,,,,,,,kg,,,active
lavida-hyperfade-cream,,,,,,,,,,,,,,,,,,,,,,,,,,,,https://cdn.shopify.com/s/files/1/0861/7810/3594/files/IMG_0076.jpg?v=1747829704,2,"",,,,,,,,,,,,,,,,,,,,,,,,,,,,,,,,,,,,,,
exo-cure-ointment,Exo Cure Ointment,"",Dermlax Shop,Uncategorized,"","",true,Title,Default Title,,,,,,,,"",0.0,shopify,3,deny,manual,499.00,,true,true,"",https://cdn.shopify.com/s/files/1/0861/7810/3594/files/exocureointment.png?v=1750240678,1,"",false,,,,,,,,,,,,,,,,,,,,,,,,,,,,,,,,,,kg,,,active
exo-cure-ointment,,,,,,,,,,,,,,,,,,,,,,,,,,,,https://cdn.shopify.com/s/files/1/0861/7810/3594/files/exo_cure_old.png?v=1750240686,2,"",,,,,,,,,,,,,,,,,,,,,,,,,,,,,,,,,,,,,,
pearlite-skin-lightening-glowing-cream,Pearlite Skin Lightening Glowing Cream,"<div>Pearlite - L-Glutathione</div>
<div><br></div>
<div>SPF 35 Skin Lightening &amp; Glowing Cream</div>
<div></div>
<div>Description: Pearlite is multi-action cream which brightens the skin for beautiful, glowing and radiant complexion. Visibly reduces age spots, uneven skin tone and blemishes. Restoring skin’s natural beauty, it has powerful and natural skin brightening ingredients to improve fairness and promote skin’s elasticity.</div>
<div><br></div>
<div>Indications: Face, hands and skin dullness, darkness, pigmentation disorders.</div>
<div>Directions for use: Cleanse and dry face. Apply on affected areas and massage gently. Apply twice a day in morning and evening.</div>
<div><br></div>
<div>Cautions:</div>
<div>Avoid contact with eyes.</div>
<div>If contact occurs rinse thoroughly with water.</div>
<div>Store below 30°C.</div>
<div>Protect from direct sunlight.</div>
<div>Keep out of the reach of children.</div>
<div><br></div>
<div>Ingredients:</div>
<div><span> • Deionized Water</span></div>
<div><span> • Ultra-Microfine Zinc Oxide</span></div>
<div><span> • Octinoxate</span></div>
<div><span> • Glycerin</span></div>
<div><span> • Glyceryl Stearate &amp; (PEG)100 Stearate</span></div>
<div><span> • Ceteareth-20</span></div>
<div><span> • Caprylic/Capric Triglyceride</span></div>
<div><span> • Cetyl Alcohol</span></div>
<div><span> • Stearic Acid</span></div>
<div><span> • Liquid Paraffin</span></div>
<div><span> • Niacinamide</span></div>
<div><span> • Glycolic Acid</span></div>
<div><span> • Papaya Extract</span></div>
<div><span> • Ultra-Microfine Titanium Dioxide</span></div>
<div><span> • Glycerin</span></div>
<div><span> • Perfume</span></div>
<div><span> • Ceteareth-12</span></div>
<div><span> • Cetyl Alcohol</span></div>
<div><span> • Propylene Glycol</span></div>
<div><span> • L-Glutathione</span></div>
<div><span> • Ascorbyl Palmitate</span></div>
<div><span> • Sodium Ascorbyl Phosphate</span></div>
<div><span> • Hydroxy Toluene (BHT)</span></div>
<div><span> • Disodium EDTA</span></div>
<div><span> • Propylparaben</span></div>
<div><span> • Triethanolamine</span></div>
<div><span> • Coloring Agents</span></div>",Dermlax Shop,Health & Beauty > Personal Care > Cosmetics > Skin Care > Skin Care Masks & Peels,"","",true,Title,Default Title,,,,,,,,"",0.0,shopify,5,deny,manual,2995.00,,true,true,"",https://cdn.shopify.com/s/files/1/0861/7810/3594/files/IMG_9678.jpg?v=1747131787,1,"",false,,,6262,,,,,,,,,,,,'1,,,water; zinc-oxide; titanium-dioxide; glycerin; glycolic-acid,,,,,,,,,,,brightening; anti-blemish; anti-dark-spot; anti-dullness; elasticity; moisturizing,moisturizing,,all-skin-types,,kg,,,active
pearlite-skin-lightening-glowing-cream,,,,,,,,,,,,,,,,,,,,,,,,,,,,https://cdn.shopify.com/s/files/1/0861/7810/3594/files/IMG_9679.jpg?v=1747131766,2,"",,,,,,,,,,,,,,,,,,,,,,,,,,,,,,,,,,,,,,
pearlite-skin-lightening-glowing-cream,,,,,,,,,,,,,,,,,,,,,,,,,,,,https://cdn.shopify.com/s/files/1/0861/7810/3594/files/IMG_9680.jpg?v=1747131766,3,"",,,,,,,,,,,,,,,,,,,,,,,,,,,,,,,,,,,,,,
lirene-creamy-almond-wash-gel,Lirene Creamy Almond Wash Gel,"<div>Lirene Creamy Almond Wash Gel (with D-panthenol)</div>
<div>For Sensitive, dry and capillary skin</div>
<div></div>
<div>Creamy almond wash gel contains a soothing bio-formula which cleanses the skin gently yet effectively, removing make-up and all kinds of impurities.</div>
<div>The almond oil contained in the gel strengthens your skin’s lipid barrier, protecting it from moisture loss.</div>
<div>D-Panthenol soothes your skin and relieves irritations.</div>
<div><br></div>
<div>Directions for Use:</div>
<div>Apply the gel to the moist face and neck, smooth it on gently, and wash with warm water.</div>
<div><br></div>
<div>Volume:</div>
<div>150 ml / 5 fl. oz.</div>
<div><br></div>
<div>Made in: Poland</div>
<div>Website: www.lirene.eu</div>
<div><br></div>
<div>Main Ingredients:</div>
<div><span> • Aqua (Water)</span></div>
<div><span> • Cocamidopropyl Betaine</span></div>
<div><span> • Betaine</span></div>
<div><span> • Glycerin</span></div>
<div><span> • Glycol Distearate</span></div>
<div><span> • Acrylates/C10-30 Alkyl Acrylate Crosspolymer</span></div>
<div><span> • Panthenol</span></div>
<div><span> • Sodium Cocoyl Glutamate</span></div>
<div><span> • Fragrance</span></div>
<div><span> • Sweet Almond Oil</span></div>
<div><span> • Citric Acid</span></div>
<div><br></div>",Dermlax Shop,Uncategorized,"","",true,Title,Default Title,,,,,,,,"",0.0,shopify,6,deny,manual,2200.00,,true,true,"",https://cdn.shopify.com/s/files/1/0861/7810/3594/files/lirenealmond2.png?v=1750257340,1,"",false,,,,,,,,,,,,,,,,,,,,,,,,,,,,,,,,,,kg,,,active
zarvion-hair-growth-serum-1,Zarvion Hair Growth Serum,"<div>ZARVION</div>
<div>HAIR GROWTH SERUM</div>
<div><span> • Supports Growth</span></div>
<div><span> • Creates Instant Volume</span></div>
<div><span> • Fights DHT</span></div>
<div><br></div>
<div>50 ml / 1.69 FL. OZ</div>
<div></div>
<div>Dermatologically tested</div>
<div>Helps to prevent Hair Loss &amp; solution of hair problems.</div>
<div></div>
<div>Contains Biotin, Procapil, Vitamin B6, Panthenol, L-Arginine.</div>
<div>That helps to restore the health of existing hair and adds volume.</div>
<div>Assists to strengthen Hair Shaft.</div>
<div>Prevent premature hair loss and damaged hair while helping to increase natural hair growth.</div>
<div>Assists to strengthen hair follicles and hair shaft, to promote hair health.</div>
<div>Zarvion Hair Growth Serum also helps to reduce DHT and slows down the shedding process over time to reveal much healthier and thicker-looking hair.</div>
<div></div>
<div>Ingredients:</div>
<div><span> • Procapil – 3%</span></div>
<div><span> • Biotin – 0.3%</span></div>
<div><span> • Vitamin B6 – 2.5%</span></div>
<div><span> • Panthenol – 1%</span></div>
<div><span> • Zn Gluconate – 1.5%</span></div>
<div><span> • Aloe Vera – 5.0%</span></div>
<div><span> • Cationic Guar – 0.1%</span></div>
<div><span> • L-Arginine – 1.5%</span></div>
<div><span> • S. Palm Extr – 1%</span></div>
<div><br></div>
<div>How to use:</div>
<div>Spray on your scalp on affected areas first and then row by row also.</div>
<div>Leave for whole night and wash the hair with Zarvion anti-hair fall shampoo in morning.</div>
<div><br></div>
<div>Cautions:</div>
<div><span> • Store in a cool and dry place.</span></div>
<div><span> • Avoid direct sunlight.</span></div>
<div><span> • Avoid contact with eyes. If contact occurs rinse immediately.</span></div>
<div><span> • Keep out from children.</span></div>
<div><br></div>
<div></div>",Dermlax Shop,Health & Beauty > Personal Care > Hair Care > Hair Loss Treatments,"","",true,Title,Default Title,,,,,,,,"",0.0,shopify,7,deny,manual,1750.00,,true,true,"",https://cdn.shopify.com/s/files/1/0861/7810/3594/files/zarvion2.png?v=1751283055,1,"",false,,,4766,,,,,,,,,,,,,,,,,,,,,,,,,,,,,,,kg,,,active
hycoll-z-sachets-with-hyaluronic-acid-vitaminc-quatrefolic,"HyColl-Z Sachet (with hyaluronic Acid, VitaminC & Quatrefolic)","<p class=""p1""><span class=""s2"">HyColl-Z </span><span class=""s2"">with Hyaluronic Acid, Vitamin C &amp; Quatrefolic<br></span><span class=""s2"">5 gm per sachet <br></span><span class=""s1"">20 SACHETS<br></span><span class=""s1"">FOOD SUPPLEMENT</span></p>
<h3><span class=""s2"">SUPPLEMENT FACTS</span></h3>
<p class=""p1""><span class=""s1"">Each Sachet Contains:</span></p>
<p class=""p1""><span class=""s1"">Collagen</span><span class=""s2""> – 5gm<br></span><span class=""s1"">Hyaluronic Acid</span><span class=""s2""> – 50mg<br></span><span class=""s1"">Quatrefolic</span><span class=""s2""> – 400mcg<br></span><span class=""s1"">L-Ascorbic Acid</span><span class=""s2""> – 500mcg<br></span><span class=""s1"">Zinc</span><span class=""s2""> – 5mg</span></p>
<p class=""p1""><span class=""s2""><strong>Benefits:</strong></span></p>
<p class=""p1""><span class=""s1"">Skin, Hair &amp; Nail Support<br></span><span class=""s1"">Skin Elasticity<br></span><span class=""s1"">Bone &amp; Joint Support</span></p>
<p class=""p1""><strong><span class=""s2"">SUGGESTED USE:</span></strong></p>
<p class=""p1""><span class=""s1"">Take one sachet, mix the content in a glass of water and use immediately. Do not store opened sachet.</span></p>
<p class=""p1""><strong><span class=""s2"">STORAGE:</span></strong></p>
<p class=""p1""><span class=""s1"">Store in a cool &amp; dry place.<br></span><span class=""s1"">Protect from the sunlight.<br></span><span class=""s1"">Keep out of the reach of children.</span></p>
<p class=""p3""><span class=""s1""></span><br></p>
<p class=""p1""><strong><span class=""s2"">USUAL DOSAGE:</span></strong></p>
<p class=""p1""><span class=""s1"">1 sachet daily or as directed by the physician.</span></p>
<p class=""p3""><span class=""s1""></span><br></p>
<p class=""p1""><strong><span class=""s2"">What are the dosages of each mineral?</span></strong></p>
<p class=""p1""><span class=""s1"">Our expert team has specially chosen the dosage in this supplement to ensure you are receiving a safe amount that absorbs effectively.</span></p>
<p class=""p3""><span class=""s1""></span><br></p>
<p class=""p1""> </p>
<p class=""p2""> </p>
<p> </p>",Dermlax Shop,Health & Beauty > Health Care > Fitness & Nutrition > Vitamins & Supplements,"","",true,Title,Default Title,,,,,,,,"",0.0,shopify,21,deny,manual,2300.00,,true,true,"",https://cdn.shopify.com/s/files/1/0861/7810/3594/files/hycol2.png?v=1751283115,1,"",false,,,525,,,,,,,,,,,,'1,,,,,,,,,,,,,,,,,,,kg,,,active
wemist-anti-hairfall-shampoo,Wemist Anti hairfall Shampoo,"<p><meta charset=""utf-8""><strong data-end=""200"" data-start=""171"">HERBI LIFE COSMECEUTICALS</strong><br data-end=""203"" data-start=""200""><strong data-end=""213"" data-start=""203"">Wemist </strong><strong data-end=""242"" data-start=""216"">ANTI HAIR FALL SHAMPOO</strong><br data-end=""245"" data-start=""242"">Active Keratin, Biotin &amp; Argan Oil Extract for <strong data-end=""325"" data-start=""296"">Smooth and Healthier Hair</strong><br data-end=""328"" data-start=""325""><strong data-end=""345"" data-start=""328"">Net wt: 130ml<br><meta charset=""utf-8""></strong></p>
<p class="""" data-end=""654"" data-start=""394""><strong data-end=""408"" data-start=""394"">DIRECTIONS:</strong><br data-end=""411"" data-start=""408"">Pour sufficient quantity of <strong data-end=""449"" data-start=""439"">WEMIST</strong> on palm of your hand.<br data-end=""474"" data-start=""471"">Apply <strong data-end=""490"" data-start=""480"">WEMIST</strong> on to the wet hair/scalp &amp; massage <strong data-end=""536"" data-start=""526"">WEMIST</strong> in to lather with the help of your finger tip.<br data-end=""586"" data-start=""583"">Leave <strong data-end=""602"" data-start=""592"">WEMIST</strong> for 2-3 minutes then rinse thoroughly with water.</p>
<p class="""" data-end=""694"" data-start=""656""><strong data-end=""694"" data-start=""656"">For Best Results Use WEMIST Daily.</strong></p>
<p class="""" data-end=""713"" data-start=""696""><strong data-end=""711"" data-start=""696"">PRECAUTIONS:</strong></p>
<p class="""" data-end=""739"" data-start=""716"">For External Use Only</p>
<p class="""" data-end=""778"" data-start=""742"">Not Use On Large Areas Of The Body</p>
<p class="""" data-end=""850"" data-start=""781"">Avoid Contact With Eyes. If This Occur rinse thoroughly with water.</p>
<p class="""" data-end=""866"" data-start=""852""><strong data-end=""864"" data-start=""852"">STORAGE:</strong></p>
<p class="""" data-end=""892"" data-start=""869"">Avoid direct sunlight</p>
<p class="""" data-end=""936"" data-start=""895"">Keep pack cool and dry place (below 30°C)<br><br></p>
<p><strong data-end=""345"" data-start=""328"">INGREDIENTS: <meta charset=""utf-8""></strong></p>
<p class="""" data-end=""1269"" data-start=""1075""><strong data-end=""1089"" data-start=""1075"">ARGAN OIL:</strong><br data-end=""1092"" data-start=""1089"">With its high content of antioxidants, essential fatty acids, and Vitamin E, Argan Oil helps to increase hair’s elasticity and consistently restore shine to dull, lifeless hair.</p>
<p class="""" data-end=""1558"" data-start=""1271""><strong data-end=""1282"" data-start=""1271"">BIOTIN:</strong><br data-end=""1285"" data-start=""1282"">Is a water-soluble B Vitamin also called Vitamin B7 and formerly known as Vitamin H or Coenzyme R. Biotin is an important component of enzymes involved in metabolizing fats and carbohydrates, influencing cell growth, and effecting amino acids involved in protein synthesis.</p>
<p class="""" data-end=""1812"" data-start=""1560""><strong data-end=""1573"" data-start=""1560"">KERATINE:</strong><br data-end=""1576"" data-start=""1573"">You’ll see the best results if you use Keratin Shampoo every day. After just a few days of usage, you’ll start noticing positive changes in your hair and scalp. Keratin Shampoo is a gentle cleanser, so it’s perfectly safe for daily use.</p>
<p class="""" data-end=""2279"" data-start=""1814""><strong data-end=""1826"" data-start=""1814"">AVOCADO:</strong><br data-end=""1829"" data-start=""1826"">Nourishes and strengthens hair. Treating your hair with avocado can moisturize, repair, and strengthen your strands. *Avocados are rich in antioxidants, minerals, essential fatty acids as well as Vitamins A, B-5, and E. All of these help to seal the cuticle of the hair and prevent breakages. Few days of usage, you’ll start noticing positive changes in your hair and scalp. Keratin Shampoo is a gentle cleanser, so it’s perfectly safe for daily use.</p>
<p><br></p>",Dermlax Shop,Health & Beauty > Personal Care > Hair Care > Shampoo & Conditioner > Shampoo,"","",true,Title,Default Title,,,,,,,,"",0.0,shopify,9,deny,manual,1650.00,,true,true,"",https://cdn.shopify.com/s/files/1/0861/7810/3594/files/wemist.png?v=1751283079,1,"",false,,,543615,,,,,,,,,,,,,,,,,,,,,,,,,,,,,,,kg,,,active
hydrocare-moisturizing-lotion-1,Hydrocare Moisturizing Lotion,"<p><meta charset=""utf-8""><strong data-start=""171"" data-end=""184"">Hydrocare</strong><br data-start=""184"" data-end=""187""><strong data-start=""187"" data-end=""222"">Moisturizing Lotion WITH SPF-25</strong><br data-start=""222"" data-end=""225""><strong data-start=""225"" data-end=""250"">Lightweight hydration</strong><br data-start=""250"" data-end=""253"">For everyday for everyone<br data-start=""278"" data-end=""281""><strong data-start=""281"" data-end=""304"">For All Skins Types</strong><br data-start=""304"" data-end=""307"">Soft &amp; Supple Skin<br data-start=""325"" data-end=""328""><strong data-start=""328"" data-end=""337"">120ml</strong><br><meta charset=""utf-8""></p>
<h3 data-start=""400"" data-end=""420"" class=""""><strong data-start=""404"" data-end=""420"">Ingredients:</strong></h3>
<p data-start=""422"" data-end=""907"" class="""">Deionized Water, Disodium EDTA, Carbomer, Propylene Glycol, Glyceryl Stearate &amp; PEG-100 Stearate, Glycerin, Ceteareth-20, Cetostearyl Alcohol, Isopropyl Myristate, Cetyl Alcohol, Dimethicone, Cyclopentasiloxane, Stearic Acid, Caprylic/Capric Triglyceride, Butyrospermum Parkii (Shea) Butter, Ceramide III, Squalane, Wheat Germ Oil, Octinoxate, Avobenzone, Ultra-Microfine Titanium Dioxide, Triethanolamine, Xanthan Gum, DMDM Hydantoin, Caprylyl Glycol, Phenoxyethanol.</p>
<p data-start=""909"" data-end=""1010"" class=""""><strong data-start=""909"" data-end=""1010"">Non-Greasy formula helps restore skin’s natural protective barrier.<br data-start=""978"" data-end=""981"">Keeps skin moisturized and:</strong></p>
<p data-start=""1013"" data-end=""1030"" class="""">Non-comedogenic</p>
<p data-start=""1033"" data-end=""1049"" class="""">Non-irritating</p>
<p data-start=""1052"" data-end=""1087"" class="""">Lanolin, Paraben &amp; Fragrance free</p>
<p data-start=""1090"" data-end=""1133"" class="""">Reduces TEWL (Trans Epidermal Water Loss</p>
<p data-start=""1090"" data-end=""1133"" class="""">Dermatologically Tested Ingredients<br><br><meta charset=""utf-8""></p>
<p data-start=""1222"" data-end=""1450"" class=""""><strong data-start=""1222"" data-end=""1235"">HYDROCARE</strong> is a Hypo-Allergenic, Moisturizing Lotion that contains natural lipids similar to the skin’s <strong data-start=""1329"" data-end=""1387"">physiological lipids in Derma Membrane Structure (DMS)</strong>, a structure similar to the skin, hence revitalizing dry skin.</p>
<p data-start=""1452"" data-end=""1629"" class=""""><strong data-start=""1452"" data-end=""1476"">Physiological lipids</strong> are essential components of healthy skin. They help to retain skin moisture, prevent skin dryness and provide protection against environmental triggers.</p>
<p data-start=""1631"" data-end=""1765"" class=""""><strong data-start=""1631"" data-end=""1654"">DIRECTIONS FOR USE:</strong><br data-start=""1654"" data-end=""1657"">Apply twice daily to dry skin as needed. If necessary, it may be used more often, ideal for the entire body.</p>
<p data-start=""1767"" data-end=""1935"" class=""""><strong data-start=""1767"" data-end=""1780"">CAUTIONS:</strong><br data-start=""1780"" data-end=""1783"">Avoid contact with eyes. If contact occurs, rinse eyes thoroughly with water. Store below 30°C. Keep out of reach of children. Protect from direct heat.</p>
<p data-start=""1937"" data-end=""1962"" class=""""><strong data-start=""1937"" data-end=""1962"">FOR EXTERNAL USE ONLY</strong></p>
<p> </p>",Dermlax Shop,Health & Beauty > Personal Care > Cosmetics > Skin Care > Lotions & Moisturizers,"","",true,Title,Default Title,,,,,,,,"",0.0,shopify,4,deny,manual,950.00,,true,true,"",https://cdn.shopify.com/s/files/1/0861/7810/3594/files/hydrocare2.png?v=1750164215,1,"",false,,,2592,,,,,,,,,,,,,,,,,,,,,,,,,,,,,,,kg,,,active
hydrocare-moisturizing-lotion-1,,,,,,,,,,,,,,,,,,,,,,,,,,,,https://cdn.shopify.com/s/files/1/0861/7810/3594/files/hydrocare_old_1.png?v=1750163860,2,"",,,,,,,,,,,,,,,,,,,,,,,,,,,,,,,,,,,,,,
sebtic-acne-control-serum,Sebtic Acne Control Serum,"<p data-start=""95"" data-end=""125""><strong data-start=""95"" data-end=""123"">SEBTIC Acne Control Serum</strong></p>
<p>20ml (0.68 fl. oz)</p>
<h2 data-start=""197"" data-end=""219""><strong data-start=""200"" data-end=""219"">📌 Ingredients:</strong></h2>
<ul data-start=""220"" data-end=""390"">
<li data-start=""220"" data-end=""240""><strong data-start=""222"" data-end=""238"">Tea Tree Oil</strong></li>
<li data-start=""241"" data-end=""264""><strong data-start=""243"" data-end=""262"">Hyaluronic Acid</strong></li>
<li data-start=""265"" data-end=""286""><strong data-start=""267"" data-end=""284"">Glycolic Acid</strong></li>
<li data-start=""287"" data-end=""304""><strong data-start=""289"" data-end=""302"">Aloe Vera</strong></li>
<li data-start=""305"" data-end=""326""><strong data-start=""307"" data-end=""324"">Mandelic Acid</strong></li>
<li data-start=""327"" data-end=""367""><strong data-start=""329"" data-end=""365"">NDGA (Nordihydroguaiaretic Acid)</strong></li>
<li data-start=""368"" data-end=""390""><strong data-start=""370"" data-end=""388"">Oleanolic Acid</strong></li>
</ul>
<h2 data-start=""397"" data-end=""432""><strong data-start=""400"" data-end=""432"">📌 Application Instructions:</strong></h2>
<p>Apply <strong data-start=""441"" data-end=""463"">two to three drops</strong> on <strong data-start=""467"" data-end=""501"">clean and dry skin twice daily</strong>.</p>
<h2 data-start=""511"" data-end=""530""><strong data-start=""514"" data-end=""530"">📌 Cautions:</strong></h2>
<ul data-start=""531"" data-end=""662"">
<li data-start=""531"" data-end=""556"">Store <strong data-start=""539"" data-end=""553"">below 30°C</strong>.</li>
<li data-start=""557"" data-end=""595"">Keep <strong data-start=""564"" data-end=""592"">out of reach of children</strong>.</li>
<li data-start=""596"" data-end=""631"">Store in a <strong data-start=""609"" data-end=""628"">cool, dry place</strong>.</li>
<li data-start=""632"" data-end=""662""><strong data-start=""634"" data-end=""660"">For external use only.</strong></li>
</ul>
<h2 data-start=""669"" data-end=""707""><strong data-start=""672"" data-end=""707"">📌 Benefits of Key Ingredients:</strong></h2>
<h3 data-start=""708"" data-end=""728""><strong data-start=""712"" data-end=""728"">Tea Tree Oil</strong></h3>
<ul data-start=""729"" data-end=""881"">
<li data-start=""729"" data-end=""783"">
<strong data-start=""731"" data-end=""782"">Anti-inflammatory and anti-microbial properties</strong>.</li>
<li data-start=""784"" data-end=""845"">Helps <strong data-start=""792"" data-end=""817"">prevent new breakouts</strong> and <strong data-start=""822"" data-end=""844"">reduces acne scars</strong>.</li>
<li data-start=""846"" data-end=""881"">Leaves skin <strong data-start=""860"" data-end=""880"">smooth and clear</strong>.</li>
</ul>
<h3 data-start=""883"" data-end=""904""><strong data-start=""887"" data-end=""904"">Glycolic Acid</strong></h3>
<ul data-start=""905"" data-end=""1074"">
<li data-start=""905"" data-end=""965"">
<strong data-start=""907"" data-end=""929"">Keratolytic effect</strong> that helps <strong data-start=""941"" data-end=""964"">clear clogged pores</strong>.</li>
<li data-start=""966"" data-end=""1024"">Peels off the <strong data-start=""982"" data-end=""1001"">dead skin layer</strong> along with impurities.</li>
<li data-start=""1025"" data-end=""1074"">Helps <strong data-start=""1033"" data-end=""1073"">reduce breakouts and keep skin clear</strong>.</li>
</ul>
<h3 data-start=""1076"" data-end=""1097""><strong data-start=""1080"" data-end=""1097"">Mandelic Acid</strong></h3>
<ul data-start=""1098"" data-end=""1199"">
<li data-start=""1098"" data-end=""1132"">
<strong data-start=""1100"" data-end=""1131"">Effective for inflamed acne</strong>.</li>
<li data-start=""1133"" data-end=""1199"">Helps treat <strong data-start=""1147"" data-end=""1198"">discoloration, sun damage, and uneven skin tone</strong>.</li>
</ul>
<h3 data-start=""1201"" data-end=""1224""><strong data-start=""1205"" data-end=""1224"">Hyaluronic Acid</strong></h3>
<ul data-start=""1225"" data-end=""1335"">
<li data-start=""1225"" data-end=""1286"">Retains <strong data-start=""1235"" data-end=""1247"">moisture</strong> by strengthening the <strong data-start=""1269"" data-end=""1285"">skin barrier</strong>.</li>
<li data-start=""1287"" data-end=""1335"">Reduces <strong data-start=""1297"" data-end=""1334"">Trans Epidermal Water Loss (TEWL)</strong>.</li>
</ul>
<h3 data-start=""1337"" data-end=""1359""><strong data-start=""1341"" data-end=""1359"">Oleanolic Acid</strong></h3>
<ul data-start=""1360"" data-end=""1458"">
<li data-start=""1360"" data-end=""1422"">
<strong data-start=""1362"" data-end=""1381"">Sebum regulator</strong> that controls <strong data-start=""1396"" data-end=""1421"">excess oil production</strong>.</li>
<li data-start=""1423"" data-end=""1458"">Helps prevent <strong data-start=""1439"" data-end=""1457"">comedonal acne</strong>.</li>
</ul>",Dermlax Shop,Health & Beauty > Personal Care > Cosmetics > Skin Care > Acne Treatments & Kits,"","",true,Title,Default Title,,,,,,,,"",0.0,shopify,5,deny,manual,1690.00,,true,true,"",https://cdn.shopify.com/s/files/1/0861/7810/3594/files/sebtic1.png?v=1749735979,1,"",false,,,481,,,,,,,,,,,,,,,,,,,,,,,,,,,,,,,kg,,,active
sebtic-acne-control-serum,,,,,,,,,,,,,,,,,,,,,,,,,,,,https://cdn.shopify.com/s/files/1/0861/7810/3594/files/sebtic2.png?v=1749735979,2,"",,,,,,,,,,,,,,,,,,,,,,,,,,,,,,,,,,,,,,
zit-fix-anti-acne-serum,ZIT FIX Anti Acne Serum,"<p data-start=""94"" data-end=""124""><strong data-start=""94"" data-end=""122"">ZIT FIX™ Anti-Acne Serum</strong></p>
<p><strong data-start=""127"" data-end=""160"">For Acne, Pimples &amp; Breakouts<br></strong>30ml / 1 fl oz<br><strong data-start=""196"" data-end=""218"">For All Skin Types</strong></p>
<h2 data-start=""227"" data-end=""250""><strong data-start=""230"" data-end=""250"">📌 Key Benefits:</strong></h2>
<p data-start=""251"" data-end=""471"">✔ <strong data-start=""253"" data-end=""290"">Reduces acne spots &amp; balances oil</strong><br data-start=""290"" data-end=""293"">✔ <strong data-start=""295"" data-end=""349"">Unclogs pores &amp; prevents blackheads and whiteheads</strong><br data-start=""349"" data-end=""352"">✔ <strong data-start=""354"" data-end=""423"">Reduces inflammation &amp; deeply penetrates to clear congested pores</strong><br data-start=""423"" data-end=""426"">✔ <strong data-start=""428"" data-end=""469"">Comedolytic action against impurities</strong><strong data-start=""481"" data-end=""508""></strong></p>
<h2 data-start=""936"" data-end=""958""><strong data-start=""939"" data-end=""958"">📌 Ingredients:</strong></h2>
<ul data-start=""959"" data-end=""1352"">
<li data-start=""959"" data-end=""978""><strong data-start=""961"" data-end=""976"">Niacinamide</strong></li>
<li data-start=""979"" data-end=""1001""><strong data-start=""981"" data-end=""999"">Salicylic Acid</strong></li>
<li data-start=""1002"" data-end=""1047""><strong data-start=""1004"" data-end=""1045"">Tea Tree Oil (Melaleuca Alternifolia)</strong></li>
<li data-start=""1048"" data-end=""1065""><strong data-start=""1050"" data-end=""1063"">Aloe Vera</strong></li>
<li data-start=""1066"" data-end=""1097""><strong data-start=""1068"" data-end=""1095"">Beta Hydroxy Acid (BHA)</strong></li>
<li data-start=""1098"" data-end=""1113""><strong data-start=""1100"" data-end=""1111"">Arbutin</strong></li>
<li data-start=""1114"" data-end=""1130""><strong data-start=""1116"" data-end=""1128"">Carbomer</strong></li>
<li data-start=""1131"" data-end=""1162""><strong data-start=""1133"" data-end=""1160"">Sodium Laureth Sulphate</strong></li>
<li data-start=""1163"" data-end=""1182""><strong data-start=""1165"" data-end=""1180"">Eliclear 4U</strong></li>
<li data-start=""1183"" data-end=""1213""><strong data-start=""1185"" data-end=""1211"">Cocamidopropyl Betaine</strong></li>
<li data-start=""1214"" data-end=""1243""><strong data-start=""1216"" data-end=""1241"">Methyl Paraben Sodium</strong></li>
<li data-start=""1244"" data-end=""1273""><strong data-start=""1246"" data-end=""1271"">Propyl Paraben Sodium</strong></li>
<li data-start=""1274"" data-end=""1286""><strong data-start=""1276"" data-end=""1284"">EDTA</strong></li>
<li data-start=""1287"" data-end=""1310""><strong data-start=""1289"" data-end=""1308"">Triethanolamine</strong></li>
<li data-start=""1311"" data-end=""1328""><strong data-start=""1313"" data-end=""1326"">Vitamin E</strong></li>
<li data-start=""1329"" data-end=""1352""><strong data-start=""1331"" data-end=""1350"">Deionized Water</strong></li>
</ul>
<h2 data-start=""1359"" data-end=""1394""><strong data-start=""1362"" data-end=""1394"">📌 Application Instructions:</strong></h2>
<ol data-start=""1395"" data-end=""1572"">
<li data-start=""1395"" data-end=""1483"">
<strong data-start=""1398"" data-end=""1417"">Use the dropper</strong> to apply <strong data-start=""1427"" data-end=""1457"">2-4 drops of ZIT FIX serum</strong> onto the affected area.</li>
<li data-start=""1484"" data-end=""1529"">
<strong data-start=""1487"" data-end=""1505"">Gently massage</strong> until fully absorbed.</li>
<li data-start=""1530"" data-end=""1572"">Use <strong data-start=""1537"" data-end=""1552"">twice daily</strong> for best results.</li>
</ol>
<h2 data-start=""1579"" data-end=""1601""><strong data-start=""1582"" data-end=""1601"">📌 Precautions:</strong></h2>
<ul data-start=""1602"" data-end=""1765"">
<li data-start=""1602"" data-end=""1655"">Store in a <strong data-start=""1615"" data-end=""1635"">cool &amp; dry place</strong> (<strong data-start=""1637"" data-end=""1651"">below 30°C</strong>).</li>
<li data-start=""1656"" data-end=""1695"">Keep away from <strong data-start=""1673"" data-end=""1692"">direct sunlight</strong>.</li>
<li data-start=""1696"" data-end=""1734"">
<strong data-start=""1698"" data-end=""1731"">Keep out of reach of children</strong>.</li>
<li data-start=""1735"" data-end=""1765""><strong data-start=""1737"" data-end=""1763"">For external use only.</strong></li>
</ul>",Dermlax Shop,Health & Beauty > Personal Care > Cosmetics > Skin Care > Acne Treatments & Kits,"","",true,Title,Default Title,,,,,,,,"",0.0,shopify,8,deny,manual,1390.00,,true,true,"",https://cdn.shopify.com/s/files/1/0861/7810/3594/files/zitfix1.png?v=1749733352,1,"",false,,,481,,,,,,,,,,,,,,,,,,,,,,,,,,,,,,,kg,,,active
zit-fix-anti-acne-serum,,,,,,,,,,,,,,,,,,,,,,,,,,,,https://cdn.shopify.com/s/files/1/0861/7810/3594/files/zitfix2.png?v=1749733351,2,"",,,,,,,,,,,,,,,,,,,,,,,,,,,,,,,,,,,,,,
retegin-body-solution,Retegin Body Solution,"<p><strong>Retegin Body Solution</strong><br><strong>Rapid Wrinkle Repair</strong><br><strong>Regenerating Body Solution</strong></p>
<ul>
<li style=""list-style-type: none;"">
<ul>
<li>Targets: Fine Lines &amp; Wrinkles</li>
<li>Skin Pigmentation</li>
<li>Acne Scars</li>
<li>Dry and Dull Skin<br><strong>Accelerated Retinol SA</strong><br><strong>200 ml</strong>
</li>
</ul>
</li>
</ul>
<p><strong>(For All Types of Skin):</strong></p>
<p><strong>This Retegin body solution delivers the highest concentration of Accelerated Retinol SA deep into skin’s surface quickly &amp; effectively, for visibly smoother and younger-looking skin in just 30 days.</strong></p>
<p><strong>Retegin Body Solution</strong> is a unique combination of the following ingredients:</p>
<ol>
<li>
<p><strong>Retinol SA:</strong><br>Exclusive sustained action works to continuously renew the look of skin. Helping to smooth wrinkles fast and diminish age spots. It provides an anti-aging effect as it is infused with powerful active ingredients which help bring new skin cells to the surface while encouraging new collagen growth over time.</p>
</li>
<li>
<p><strong>Hyaluronic Acid:</strong><br>Adds line plumping, moisture to help hydrate, replenish, and rejuvenate the look of skin.</p>
</li>
<li>
<p><strong>Niacinamide:</strong><br>Repairs skin barrier, smoothes, and promotes skin elasticity.</p>
</li>
</ol>
<p><strong>Directions:</strong><br>Apply twice daily to cleansed body or as directed by the dermatologist.</p>
<p><strong>Important:</strong><br>You may experience mild redness, a warm, tingling sensation, or flaking. These are normal temporary indications that the product is working. If effect persists or causes discomfort, limit use to once every other day until your skin adjusts, then revert to daily use.</p>
<p> </p>",Dermlax Shop,Health & Beauty > Personal Care > Cosmetics > Skin Care > Lotions & Moisturizers,"","",true,Title,Default Title,,,,,,,,"",0.0,shopify,5,deny,manual,5500.00,,true,true,"",https://cdn.shopify.com/s/files/1/0861/7810/3594/files/Untitleddesign_12.png?v=1738923701,1,"",false,,,2592,,,,,,,,,,,,,,,,,,,,,,,,,,,,,,,kg,,3171.00,active
fusion-skin-repair-moisturizer,Fusion Skin Repair Moisturizer,"<p><strong>Fusion Botanicals</strong><br><strong>Fusion Skin Repair Moisturizer</strong><br><em>for normal to dry skin</em></p>
<p><strong>With Urea, Petroleum Jelly &amp; Vitamin E</strong><br><em>100 ml approx</em></p>
<p><strong>Ingredients:</strong><br>Aqua, Petroleum Jelly, Coconut Oil, Urea, Vitamin E, Cetyl Alcohol, Emulsifying Wax, Rose Essential Oil &amp; Preservatives.</p>
<p><strong>Directions:</strong><br>Apply all over face &amp; body after showering. Use generously as needed. For best results, use twice daily or as directed by physician.<br><br>Dermatologically tested.</p>",Dermlax Shop,Health & Beauty > Personal Care > Cosmetics > Skin Care > Lotions & Moisturizers,"","",true,Title,Default Title,,,,,,,,"",0.0,shopify,6,deny,manual,1500.00,,true,true,"",https://cdn.shopify.com/s/files/1/0861/7810/3594/files/fusion.png?v=1748378777,1,"",false,,,2592,,,,,,,,,,,,'1,,,,,,,,,,,,,,,,,,,kg,,850.00,active
metafil-moisturizing-lotion,Metafil Moisturizing Lotion,"<h3 data-start=""387"" data-end=""410""><strong data-start=""391"" data-end=""408"">Key Benefits Of Metafil Moisturizing Lotion:</strong></h3>
<ul data-start=""411"" data-end=""765"">
<li data-start=""411"" data-end=""478"">💦 <strong data-start=""416"" data-end=""434"">Deep Hydration</strong> – Keeps skin soft, smooth, and nourished.</li>
<li data-start=""479"" data-end=""540"">🤲 <strong data-start=""484"" data-end=""500"">Softens Skin</strong> – Enhances smoothness and suppleness.</li>
<li data-start=""541"" data-end=""606"">🌿 <strong data-start=""546"" data-end=""573"">Gentle &amp; Non-Irritating</strong> – Suitable for all skin types.</li>
<li data-start=""607"" data-end=""683"">✨ <strong data-start=""611"" data-end=""639"">Lightweight &amp; Non-Greasy</strong> – Absorbs quickly without clogging pores.</li>
<li data-start=""684"" data-end=""765"">🛡️ <strong data-start=""690"" data-end=""719"">Restores Moisture Barrier</strong> – Supports skin’s natural protective layer.</li>
</ul>
<ul>
<li style=""list-style-type: none;"">
<ul>
<li>
<p><strong>Features:</strong></p>
<ul>
<li>Non-greasy</li>
<li>Non-comedogenic</li>
<li>Fragrance-free<br><br>
<p><strong>Directions for Use:</strong></p>
<ul>
<li>Apply Metafil Moisturising Lotion on dry skin as needed.<br>
<p> </p>
<p><strong>Product Benefits:</strong></p>
<ul>
<li style=""list-style-type: none;"">
<ul>
<li>Ideal for all-over body hydration.</li>
<li>A daily use lightweight formula that softens &amp; hydrates the skin.</li>
<li>Enhances the skin’s natural moisture &amp; helps nourish the skin.</li>
<li>Restores the skin’s natural protective barrier.</li>
</ul>
</li>
</ul>
<br>
<p><strong>Storage &amp; Safety:</strong></p>
<ul>
<li>Store at below 30°C.</li>
<li>Keep out of reach of children.</li>
<li>For external use only.</li>
<li>Shake well before use.<br>
</li>
</ul>
</li>
</ul>
</li>
</ul>
</li>
</ul>
</li>
</ul>
<hr>
<h3><strong>Ingredients List:</strong></h3>
<ul>
<li>
<strong>Main Ingredients:</strong>
<ul>
<li>Purified Water</li>
<li>Glycerin</li>
<li>Hydrogenated Polyisobutene</li>
<li>Cetearyl Alcohol &amp; Ceteareth-20</li>
<li>Macadamia Nut Oil</li>
<li>Dimethicone</li>
<li>Tocopheryl Acetate (Vitamin E)</li>
<li>Stearoxytrimethylsilane &amp; Stearyl Alcohol</li>
<li>Panthenol</li>
<li>Farnesol</li>
<li>Benzyl Alcohol</li>
<li>Phenoxyethanol</li>
<li>Acrylates/C10-30 Alkyl Acrylate Crosspolymer</li>
<li>Sodium Hydroxide</li>
<li>Citric Acid</li>
</ul>
</li>
</ul>",Dermlax Shop,Uncategorized,"","",true,Title,Default Title,,,,,,,,"",0.0,shopify,2,deny,manual,1850.00,,true,true,"",https://cdn.shopify.com/s/files/1/0861/7810/3594/files/metafil1.jpg?v=1738136653,1,"",false,,,,,,,,,,,,,,,'1,,,,,,,,,,,,,,,,,,,kg,,,active
metafil-moisturizing-lotion,,,,,,,,,,,,,,,,,,,,,,,,,,,,https://cdn.shopify.com/s/files/1/0861/7810/3594/files/metafil2.jpg?v=1738136653,2,"",,,,,,,,,,,,,,,,,,,,,,,,,,,,,,,,,,,,,,
wetcos-intensive-moisturising-cream,Wetcos Intensive Moisturising Cream,"<p><strong>INGREDIENTS:</strong></p>
<ul>
<li>
<strong>Glycerin</strong> – 3.00%</li>
<li>
<strong>Nicotinamide (Niacinamide)</strong> – 2.00%</li>
<li>
<strong>Grape Seed Extract</strong> – 0.50%</li>
<li>
<strong>Dimethicone</strong> – 2.00%</li>
<li>
<strong>Tocopherol Acetate (Vitamin E)</strong> – 0.50%</li>
<li>
<strong>Retinyl Palmitate (Vitamin A derivative)</strong> – 0.15%</li>
<li>
<strong>Sodium Hyaluronate (Hyaluronic Acid)</strong> – 0.10%</li>
<li>
<strong>Ascorbyl Glucoside (Vitamin C derivative)</strong> – 0.70%</li>
<li>
<strong>Collagen</strong> – 0.20%</li>
<li>
<strong>D-Panthenol (Vitamin B5)</strong> – 0.50%</li>
<li>
<strong>Allantoin</strong> – 0.10%</li>
</ul>
<hr>
<h3><br></h3>
<p><strong>INDICATIONS:</strong></p>
<ul>
<li>Intensive rehydration &amp; moisturization.</li>
<li>Vitamin &amp; mineral balance helps improve skin rehabilitation.</li>
<li>Anti-wrinkle, evens skin tone.</li>
</ul>
<p><strong>HOW TO USE:</strong></p>
<ul>
<li>After cleansing, apply over dry areas.</li>
<li>Use as often as necessary, paying special attention to stubborn and extra dry spots on <strong>face, elbow, knees, and heels</strong>.</li>
</ul>
<p> </p>",Dermlax Shop,Health & Beauty > Personal Care > Cosmetics > Skin Care > Lotions & Moisturizers,"","",true,Title,Default Title,,,,,,,,"",0.0,shopify,6,deny,manual,1495.00,,true,true,"",https://cdn.shopify.com/s/files/1/0861/7810/3594/files/wetcos.png?v=1750164592,1,"",false,,,2592,,,,,,,,,,,,,,,,,,,,,,,,,,,,,,,kg,,941.00,active
wetcos-intensive-moisturising-cream,,,,,,,,,,,,,,,,,,,,,,,,,,,,https://cdn.shopify.com/s/files/1/0861/7810/3594/files/wetcos_old.jpg?v=1750164601,2,"",,,,,,,,,,,,,,,,,,,,,,,,,,,,,,,,,,,,,,
belleza-lightening-melasma-serum,Belleza Lightening & Melasma Serum,"<p><span style=""font-size: large;"" data-original-attrs='{""style"":""""}' data-keep-original-tag=""false""> <strong>Direction For Use:</strong></span></p>
<p>Apply as prescribed by physician Belleza Lightening &amp; Melasma Serum can be used in day and night Massaged gently until Serum is absorbed.</p>
<p data-original-attrs='{""data-sourcepos"":""7:1-7:22""}'><strong>SERUM INGREDIENTS:</strong></p>
<p data-original-attrs='{""data-sourcepos"":""9:1-15:19""}'>Alpha arbutin 10% </p>
<p data-original-attrs='{""data-sourcepos"":""9:1-15:19""}'>Niacinamide 10% </p>
<p data-original-attrs='{""data-sourcepos"":""9:1-15:19""}'>Aloe Vera 10%</p>
<p data-original-attrs='{""data-sourcepos"":""9:1-15:19""}'>Hyaluronic acid 15%</p>
<p data-original-attrs='{""data-sourcepos"":""9:1-15:19""}'>Vitamin C 15% </p>
<p data-original-attrs='{""data-sourcepos"":""9:1-15:19""}'>Vitamin D3 10%</p>
<p data-original-attrs='{""data-sourcepos"":""9:1-15:19""}'>Sandal wood oil 10%</p>
<p data-original-attrs='{""data-sourcepos"":""17:1-18:16""}'>Micro clear technology Ezorb technology</p>
<p data-original-attrs='{""data-sourcepos"":""20:1-22:13""}'><strong><span style=""font-size: large;"" data-original-attrs='{""style"":""""}' data-keep-original-tag=""false"">Warning:</span></strong></p>
<p data-original-attrs='{""data-sourcepos"":""20:1-22:13""}'>For external use only avoid contact eyes.</p>
<p data-original-attrs='{""data-sourcepos"":""24:1-26:16""}'><strong><span style=""font-size: large;"" data-original-attrs='{""style"":""""}' data-keep-original-tag=""false"">Storage:</span></strong></p>
<p data-original-attrs='{""data-sourcepos"":""24:1-26:16""}'>Keep at cool and dry place Avoid sun light.</p>",Dermlax Shop,Health & Beauty > Personal Care > Cosmetics > Skin Care,"","",true,Title,Default Title,,,,,,,,"",0.0,shopify,5,deny,manual,3500.00,,true,true,"",https://cdn.shopify.com/s/files/1/0861/7810/3594/files/bellezaserum.png?v=1749735834,1,"",false,,,567,,,,,,,,,,,,,,,,,,,,,,,,,,,,,,,kg,,,active
lavida-sunblock-spf-50,Lavida Tinted Sunblock SPF 50+,"<ul>
<li>
<strong>Sunblock</strong>
<ul>
<li>With Hyaluronic Acid and Ceramides.</li>
</ul>
</li>
<li>
<strong>SPF 50+</strong>
<ul>
<li>UVA/UVB Protection.</li>
<li>Light Fluid Suncream.</li>
</ul>
</li>
<li><strong>Dry Touch.</strong></li>
<li><strong>Broad Spectrum.</strong></li>
<li>
<strong>Sheer Tint</strong>
<ul>
<li><strong>50 mL / 1.6907 fl oz.</strong></li>
</ul>
</li>
</ul>
<ul>
<li>
<p><strong>Ingredients:</strong></p>
<ul>
<li>De-ionized Water, Ultra-Micro Fine Titanium Dioxide 5%, Zinc Oxide 7% (Micronized), Ceramide NP, Stearic Acid, Hyaluronic Acid, Cetyl Alcohol, Dimethicone, Glyceryl Mono Stearate, Propylene Glycol, PEG-10/15 Crosspolymer Collagen, Carbopol 940, Octyl Methoxycinnamate, Butylene Methoxy Dibenzoyl Methane, Iron Oxide.<strong></strong>
</li>
</ul>
</li>
</ul>
<ul>
<li>
<p><strong>Uses:</strong></p>
<ul>
<li>Provides protection against sunburn.</li>
<li>Reduces the likelihood of skin cancer and premature skin aging resulting from sun exposure.</li>
</ul>
</li>
<li>
<p><strong>Directions:</strong></p>
<ul>
<li>Apply a generous amount 15 minutes prior to sun exposure.</li>
<li>
<strong>Reapply:</strong>
<ul>
<li>After 30 minutes of swimming or sweating.</li>
<li>Promptly after towel drying.</li>
</ul>
</li>
</ul>
</li>
<li>
<p><strong>Warnings:</strong></p>
<ul>
<li>Avoid application on injured skin.</li>
<li>Keep away from eyes; in case of contact, rinse with water.</li>
<li>Consult a doctor if a rash develops; discontinue use.</li>
<li>Keep out of children’s reach; seek medical assistance if swallowed.</li>
</ul>
</li>
<li>
<p><strong>Storage:</strong></p>
<ul>
<li>Store below 25°C.</li>
<li><strong>Do Not Freeze.</strong></li>
<li>For External Use Only.</li>
</ul>
</li>
</ul>",Dermlax Shop,Health & Beauty > Personal Care > Cosmetics > Skin Care > Sunscreen,"","",true,Title,Default Title,,,,,,,,"",0.0,shopify,6,deny,manual,1590.00,,true,true,"",https://cdn.shopify.com/s/files/1/0861/7810/3594/files/lavidatinted.png?v=1750331631,1,"",false,,,2844,,,,,,,,,,,,,,,,,,,,,,,,,,,,,,,kg,,,active
juve-skin-revitilizing-capsule,Juve Skin Revitilizing Capsule,"<p> <strong>COMPOSITION:</strong></p>
<p data-original-attrs='{""data-sourcepos"":""5:1-9:39""}'>Each capsule contains: Collagen (USP)........... 400mg Co-Q10 (USP).......... 20mg Pycnogenol (USP). 50mg Hyaluronic Acid (BP) 200mg</p>
<p data-original-attrs='{""data-sourcepos"":""11:1-11:11""}'><strong>DOSAGE:</strong></p>
<p data-original-attrs='{""data-sourcepos"":""13:1-14:32""}'>1 to 2 capsule daily after meal or as directed by the physician.</p>
<p data-original-attrs='{""data-sourcepos"":""16:1-16:13""}'><strong>CAUTIONS:</strong></p>
<p data-original-attrs='{""data-sourcepos"":""18:1-20:51""}'>Store below 30°C. Protect from light, heat &amp; moisture. Keep all medications out of the reach of children.</p>",Dermlax Shop,Health & Beauty > Personal Care > Cosmetics > Skin Care > Sunscreen,"","",true,Title,Default Title,,,,,,,,"",0.0,shopify,9,deny,manual,3500.00,,true,true,"",https://cdn.shopify.com/s/files/1/0861/7810/3594/files/juveskin.png?v=1751111187,1,"",false,,,2844,,,,,,,,,,,,,,,,,,,,,,,,,,,,,,,kg,,,active
dapsone-anti-acne-gel,Dapsone Anti Acne Gel,"",Dermlax Shop,Health & Beauty > Personal Care > Cosmetics > Skin Care > Acne Treatments & Kits,"","",true,Title,Default Title,,,,,,,,"",0.0,shopify,2,deny,manual,1325.00,,true,true,"",https://cdn.shopify.com/s/files/1/0861/7810/3594/files/20g_1.png?v=1734005229,1,"",false,,,481,,,,,,,,,,,,,,,,,,,,,,,,,,,,,,,kg,,,active
zarvion-biotin-complex,Zarvion Biotin Complex,"<p data-original-attrs='{""data-sourcepos"":""1:1-1:12""}'><b>DESCRIPTION:</b></p>
<p data-original-attrs='{""data-sourcepos"":""3:1-3:42""}'>Zarvion<span> </span><span data-keep-original-tag=""false"" class=""citation-0"">Biotin 5000 mcg per Serving.</span></p>
<ul data-original-attrs='{""data-sourcepos"":""5:1-10:0""}'>
<li data-original-attrs='{""data-sourcepos"":""5:1-5:87""}'><span data-keep-original-tag=""false"" class=""citation-0"">Maximum Strength Biotin to give Maximum benefits for Hair, Skin &amp; Nails Health.</span></li>
<li data-original-attrs='{""data-sourcepos"":""6:1-6:249""}'>
<span data-keep-original-tag=""false"" class=""citation-0"">Biotin is a water-soluble vitamin that's a part of the vitamin B family. Your<span> </span></span><span data-keep-original-tag=""false"" class=""citation-0 citation-1 citation-end-0"">body needs biotin to help convert certain<span data-original-tag=""SOURCE-FOOTNOTE"" data-original-attrs='{""_nghost-ng-c2124624638"":"""",""ng-version"":""0.0.0-PLACEHOLDER""}'><sup data-original-attrs='{""_ngcontent-ng-c2124624638"":"""",""data-turn-source-index"":""1""}' class=""superscript""><span data-original-comment=""""></span></sup></span></span><span data-keep-original-tag=""false"" class=""citation-1""><span> </span>nutrients into energy. It also plays an important role in the health of<span> </span></span><span data-keep-original-tag=""false"" class=""citation-1 citation-2 citation-end-1"">your hair, skin, and nails.</span><span data-keep-original-tag=""false"" class=""citation-1 citation-2 citation-end-1""><span data-original-tag=""SOURCE-FOOTNOTE"" data-original-attrs='{""_nghost-ng-c2124624638"":"""",""ng-version"":""0.0.0-PLACEHOLDER""}'><sup data-original-attrs='{""_ngcontent-ng-c2124624638"":"""",""data-turn-source-index"":""2""}' class=""superscript""><span data-original-comment=""""></span></sup></span></span>
</li>
<li data-original-attrs='{""data-sourcepos"":""6:1-6:249""}'>
<span data-keep-original-tag=""false"" class=""citation-2""></span><span data-original-tag=""SOURCES-CAROUSEL-INLINE"" data-original-attrs='{""_nghost-ng-c2487796178"":"""",""ng-version"":""0.0.0-PLACEHOLDER""}'><span data-original-attrs='{""_ngcontent-ng-c2487796178"":"""",""hide-from-message-actions"":""""}' data-keep-original-tag=""false"" class=""button-container hide-from-message-actions ng-star-inserted""> <span data-original-comment=""""></span></span><span data-original-tag=""SOURCES-CAROUSEL"" data-original-attrs='{""_ngcontent-ng-c2487796178"":"""",""_nghost-ng-c3353360079"":"""",""hide-from-message-actions"":"""",""style"":""""}' class=""ng-tns-c3353360079-62 hide-from-message-actions ng-star-inserted""></span></span>
<div data-original-attrs='{""_ngcontent-ng-c3353360079"":"""",""jslog"":""220997;BardVeMetadataKey:[null,null,null,null,null,null,null,null,null,null,null,null,null,null,null,[2,null,1]]""}' class=""container ng-tns-c3353360079-62 hide"">
<span data-original-comment=""""></span>
<div data-original-attrs='{""_ngcontent-ng-c3353360079"":""""}' class=""carousel-container ng-tns-c3353360079-62""><br></div>
<span data-original-comment=""""></span>
</div>
</li>
<li data-original-attrs='{""data-sourcepos"":""7:1-7:55""}'><span data-keep-original-tag=""false"" class=""citation-2"">Biotin improves your body's keratin infrastructure.</span></li>
</ul>
<ul data-original-attrs='{""data-sourcepos"":""5:1-10:0""}'>
<li data-original-attrs='{""data-sourcepos"":""8:1-8:74""}'><span data-keep-original-tag=""false"" class=""citation-2"">Biotin helps reduce hair fall and promotes hair growth &amp; regrowth.</span></li>
</ul>
<ul data-original-attrs='{""data-sourcepos"":""5:1-10:0""}'>
<li data-original-attrs='{""data-sourcepos"":""9:1-10:0""}'>
<span data-keep-original-tag=""false"" class=""citation-2 citation-end-2"">Biotin helps make Nails strong and shiny.<span data-original-tag=""SOURCE-FOOTNOTE"" data-original-attrs='{""_nghost-ng-c2124624638"":"""",""ng-version"":""0.0.0-PLACEHOLDER""}'><sup data-original-attrs='{""_ngcontent-ng-c2124624638"":"""",""data-turn-source-index"":""3""}' class=""superscript""><span data-original-comment=""""></span></sup></span></span><span data-original-tag=""SOURCES-CAROUSEL-INLINE"" data-original-attrs='{""_nghost-ng-c2487796178"":"""",""ng-version"":""0.0.0-PLACEHOLDER""}'><span data-original-attrs='{""_ngcontent-ng-c2487796178"":"""",""hide-from-message-actions"":""""}' data-keep-original-tag=""false"" class=""button-container hide-from-message-actions ng-star-inserted"">   <span data-original-comment=""""></span></span><span data-original-tag=""SOURCES-CAROUSEL"" data-original-attrs='{""_ngcontent-ng-c2487796178"":"""",""_nghost-ng-c3353360079"":"""",""hide-from-message-actions"":"""",""style"":""""}' class=""ng-tns-c3353360079-63 hide-from-message-actions ng-star-inserted""></span></span>
<div data-original-attrs='{""_ngcontent-ng-c3353360079"":"""",""jslog"":""220997;BardVeMetadataKey:[null,null,null,null,null,null,null,null,null,null,null,null,null,null,null,[1,null,1]]""}' class=""container ng-tns-c3353360079-63 hide"">
<span data-original-comment=""""></span>
<div data-original-attrs='{""_ngcontent-ng-c3353360079"":""""}' class=""carousel-container ng-tns-c3353360079-63"">
<div data-original-attrs='{""_ngcontent-ng-c3353360079"":""""}' class=""carousel-content ng-tns-c3353360079-63"">
<div data-original-attrs='{""_ngcontent-ng-c3353360079"":"""",""data-test-id"":""sources-carousel-source""}' class=""sources-carousel-source ng-tns-c3353360079-63 hide ng-star-inserted"">
<span data-original-comment=""""></span><br>
</div>
<span data-original-comment=""""></span><span data-original-comment=""""></span>
</div>
</div>
<span data-original-comment=""""></span>
</div>
</li>
</ul>
<p data-original-attrs='{""data-sourcepos"":""11:1-11:6""}'><b>Dosage:</b></p>
<p data-original-attrs='{""data-sourcepos"":""13:1-13:153""}'><span data-keep-original-tag=""false"" class=""citation-3 citation-end-3"">For Adults men and women. Take 2 tablets daily as a dietary supplement with water preferably after the meal or as directed by the physician.</span></p>
<p data-original-attrs='{""data-sourcepos"":""13:1-13:153""}'><b>Composition:</b></p>
<p data-original-attrs='{""data-sourcepos"":""13:1-13:153""}'>Each Tablet Contains</p>
<p data-original-attrs='{""data-sourcepos"":""13:1-13:153""}'>Biotin - 5000mcg, Vitamin A - 1400IU,Vitamin C - 120mg, Calcium Carbonate - 80mg, Iron (Ferrous Sulphate) - 14.5mg, Vitamin D3 - 800IU, Vitamin E - 30IU, Vitamin B1 - 6mg, Vitamin B6 - 8mg, Folic Acid - 880ug, Vitamin B12 - 12ug, Vitamin B5 - 30mg, Magnesium Sulphate - 120mg, Zinc Oxide - 7.2mg, Manganese Sulphate - 4mg, Potassium Gluconate - 12mg, Centella Asiatica Extract - 50mg</p>",Dermlax Shop,Health & Beauty > Personal Care > Hair Care > Hair Loss Treatments,"","",true,Title,Default Title,,,,,,,,"",0.0,shopify,10,deny,manual,2050.00,,true,true,"",https://cdn.shopify.com/s/files/1/0861/7810/3594/files/Untitled_design.png?v=1733680059,1,"",false,,,4766,,,,,,,,,,,,'1,,,,,,,,,,,,,,,,,,,kg,,,active
lirene-whitening-bb-cream-spf-50-01-light-shade,Lirene Whitening BB cream SPF-50 (01 light shade),"<p>Designed for all skin types, including those with discolorations, our BB cream offers a blend of skin care and makeup. It provides broad-spectrum UVA, UVB, and Infrared (IR) protection, ensuring comprehensive coverage against harmful rays and preventing sun-induced hyperpigmentation.</p>
<p><strong>Key Benefits:</strong></p>
<ul>
<li>
<strong>Brighter Skin Tone</strong>: Infused with Alpha-Arbutin and Vitamin C, our BB cream not only brightens the skin tone but also inhibits melanin production, enhancing your skin’s natural radiance.</li>
<li>
<strong>Moisturizing</strong>: Glycerine in the formula keeps your skin hydrated and soft, perfect for maintaining a smooth complexion.</li>
<li>
<strong>Sun Protection</strong>: With SPF 50, it offers high-level protection against photoaging and is essential for daily use.</li>
<li>
<strong>Coverage</strong>: The lightweight formula covers imperfections and evens out skin tone without the heaviness of traditional foundations.</li>
</ul>
<p><strong>How to Use:</strong> Apply an appropriate amount to cleansed skin. Spread evenly for full coverage. Reapply every two hours during prolonged exposure to the sun to maintain protection.</p>
<p><strong>Ingredients:</strong> Aqua (Water), Titanium Dioxide (nano), Ethylhexyl Methoxycinnamate, and other skin-loving components that ensure effectiveness and care.</p>
<p><strong>Safety Information:</strong> Even the highest SPF does not provide 100% protection. Always reapply as directed, especially after sweating, swimming, or toweling off.</p>",Dermlax Shop,Health & Beauty > Personal Care > Cosmetics > Makeup > Face Makeup > Foundations & Concealers,"","",true,Title,Default Title,,,,,,,,"",0.0,shopify,3,deny,manual,3000.00,,true,true,"",https://cdn.shopify.com/s/files/1/0861/7810/3594/files/IMG_9736.webp?v=1746631122,1,"",false,,,2765,,,,,,,,,,,,,,,,,,,case,,light-beige,moisturizing; hydrating,,spf-protection,cream,brightening; moisturizing; hydrating; protection,,all-skin-tones,all-skin-types,,kg,,2295.00,active
rout-renew-revitalizing-hair-growth-serum,Rout Renew Revitalizing & Hair Growth Serum,"<p><b><span style=""font-size: large;"" data-original-attrs='{""style"":""""}' data-keep-original-tag=""false"">Description<span style=""color: #333333;"" data-original-attrs='{""style"":"""",""face"":""Roboto, sans-serif""}' data-keep-original-tag=""false"">:</span></span></b></p>
<p><span style=""color: #333333;"" data-original-attrs='{""style"":"""",""face"":""Roboto, sans-serif""}' data-keep-original-tag=""false"">ROUT RENEW REVITALIZING &amp; HAIR GROWTH SERUM is formulated with a clinically proven formula to nurish follicles and boost growth. ROUT RENEW REVITALIZING &amp; HAIR GROWTH SERUM slows down and stops hair loss. It functions well in accelerating blood circulation in the scalp, promoting healthy hair growth, regulating and stabilizing oil secretion giving strength &amp; balance. ROUT RENEW REVITALIZING &amp; HAIR GROWTH SERUM promotes stronger, thicker hair growth and increases hair anchoring for both men &amp; women. Fuller Looking, Beautiful Hair starts with a Healthy Scalp. Deeply nourish your hair right from the source with this rich hard-working formula.</span></p>
<p><span data-original-attrs='{""style"":"""",""face"":""Roboto, sans-serif""}' data-keep-original-tag=""false""><b>Directions for use: </b></span></p>
<div><span style=""color: #333333;"" data-original-attrs='{""style"":"""",""face"":""Roboto, sans-serif""}' data-keep-original-tag=""false""><br></span></div>
<div><span style=""color: #333333;"" data-original-attrs='{""style"":"""",""face"":""Roboto, sans-serif""}' data-keep-original-tag=""false"">Suitable for dry or towel dried hair. Apply approximately 1 ml (4 to 5 sprays) of serum on your scalp directly in the area of hair loss and thinning hair two times a day, once in the morning and once in the evening. Massage the serum into the scalp. Do not rinse. Use continuously for at least 2-3 months to notice first results,</span></div>
<div><br></div>
<div><b><span style=""font-size: large;"" data-original-attrs='{""style"":""""}' data-keep-original-tag=""false"">Ingredients: </span></b></div>
<div><br></div>
<div>Procapil Nourishes the Hair-follicles and stimulates growth. Biotin is a B-Vitamin that supports hair health and growth. Anagain, derived from pea sprouts, help in increasing hair growth and reducing hair loss.<br data-original-attrs='{""style"":""""}'><span style=""color: #333333;"" data-original-attrs='{""style"":"""",""face"":""Roboto, sans-serif""}' data-keep-original-tag=""false""><br></span>
</div>
<div><span style=""color: #333333;"" data-original-attrs='{""style"":"""",""face"":""Roboto, sans-serif""}' data-keep-original-tag=""false""><b>Cautions:</b></span></div>
<div><span style=""color: #333333;"" data-original-attrs='{""style"":"""",""face"":""Roboto, sans-serif""}' data-keep-original-tag=""false""><br></span></div>
<div><span style=""color: #333333;"" data-original-attrs='{""style"":"""",""face"":""Roboto, sans-serif""}' data-keep-original-tag=""false""> Avoid contact with eyes. If contact occurs, rinse eyes thoroughly with water. Store below 30°C. Protect from direct sunlight. Keep out of the reach of children. Do not use if you have known sensitivity to any of the ingredients.</span></div>",Dermlax Shop,Health & Beauty > Personal Care > Hair Care > Hair Loss Treatments,"","",true,Title,Default Title,,,,,,,,"",0.0,shopify,4,deny,manual,1190.00,,true,true,"",https://cdn.shopify.com/s/files/1/0861/7810/3594/files/6_b207832a-aaf3-48ce-b6e0-21c6f301aa43.png?v=1733392712,1,"",false,,,4766,,,,,,,,,,,,,,,,,,,,,,,,,,,,,,,kg,,,active
lirene-professional-skincare-whitening-spf-50-cream,Lirene Whitening BB cream SPF-50 (02 Nude shade),"<p><strong>Key Features:</strong></p>
<ul>
<li>
<strong>Broad Spectrum SPF 50 Protection:</strong> Guards against harmful UVA, UVB, and IR radiation, reducing the risk of sun-induced hyperpigmentation while ensuring comprehensive sun safety.</li>
<li>
<strong>Skin Whitening and Brightening:</strong> Enhanced with Alpha-Arbutin and Vitamin C, this cream actively reduces melanin production, leading to a visibly lighter and radiant complexion.</li>
<li>
<strong>Moisturizing Formula:</strong> Infused with Glycerine, our BB cream maintains optimal hydration levels, leaving your skin soft and smooth without any greasiness.</li>
<li>
<strong>Seamless Coverage:</strong> Lightweight yet effective, it covers skin imperfections and blemishes for a flawless finish.</li>
</ul>
<p><strong>Benefits:</strong></p>
<ul>
<li>
<strong>Clinically Proven Results:</strong> Achieves 100% coverage of imperfections and significantly brightens the skin with its unique formula, confirmed through rigorous in vivo tests.</li>
<li>
<strong>Gentle and Effective:</strong> Suitable for daily use and all skin types, this vegan formula supports skin health without harsh chemicals.</li>
<li>
<strong>Easy to Use:</strong> Apply a small amount to clean skin, spreading evenly for a natural look. Reapply every two hours during prolonged sun exposure for uninterrupted protection.</li>
</ul>
<p><strong>How to Use:</strong></p>
<ol>
<li>Apply an appropriate amount of BB cream to cleansed skin.</li>
<li>Spread evenly across the face for a smooth, natural finish.</li>
<li>For continuous protection, reapply every two hours during extensive sun exposure.</li>
</ol>
<p>Note: Even the highest SPF does not guarantee 100% protection.</p>
<p><strong>Contents:</strong> Each package contains 30 ml / 1 fl.oz of BB cream, perfect for daily use.</p>",Dermlax Shop,Health & Beauty > Personal Care > Cosmetics > Skin Care > Sunscreen,"","",true,Title,Default Title,,,,,,,,"",0.0,shopify,2,deny,manual,3000.00,,true,true,"",https://cdn.shopify.com/s/files/1/0861/7810/3594/files/IMG_9662.jpg?v=1746630509,1,"",false,,,2844,,,,,,,,,,,,,,,,,,,,,,,,,,,,,,,kg,,2295.00,active
lirene-professional-skincare-whitening-spf-50-cream,,,,,,,,,,,,,,,,,,,,,,,,,,,,https://cdn.shopify.com/s/files/1/0861/7810/3594/files/4_4202c7e1-959c-4f59-86aa-cf6c771d02e3.png?v=1746630581,2,"",,,,,,,,,,,,,,,,,,,,,,,,,,,,,,,,,,,,,,
skin-aqua-clear-white-spf-50-sunscreen,Skin Aqua Clear White SPF-50 Sunscreen,"<p data-original-attrs='{""data-sourcepos"":""1:1-2:9""}'><span style=""font-size: large;"" data-original-attrs='{""style"":""""}' data-keep-original-tag=""false""><b>DESCRIPTION</b><b>:</b></span></p>
<p data-original-attrs='{""data-sourcepos"":""1:1-2:9""}'><b>SKIN AQUA</b></p>
<p data-original-attrs='{""data-sourcepos"":""4:1-4:217""}'><span data-keep-original-tag=""false"" class=""citation-0"">Daily your skin is directly exposed to UVA and UVB rays mainly responsible for skin darkening and photo-aging. SKIN AQUA Clear white is the complete protection lotion for a perfectly fair and young looking skin.</span></p>
<p data-original-attrs='{""data-sourcepos"":""6:1-6:8""}'><span data-keep-original-tag=""false"" class=""citation-0""><b>ACTIONS:</b></span></p>
<p data-original-attrs='{""data-sourcepos"":""8:1-9:119""}'><span data-keep-original-tag=""false"" class=""citation-0""><b>Recover and nourish damaged skin:</b></span></p>
<p data-original-attrs='{""data-sourcepos"":""8:1-9:119""}'><span data-keep-original-tag=""false"" class=""citation-0""> Vitamin C and E help to prevent aging, remove and stop melanin process, protect sun burn and deeply nourishes the skin.</span></p>
<p data-original-attrs='{""data-sourcepos"":""11:1-12:158""}'><span data-keep-original-tag=""false"" class=""citation-0""><b>Reinforce smooth, moisture glowing skin: </b></span></p>
<p data-original-attrs='{""data-sourcepos"":""11:1-12:158""}'><span data-keep-original-tag=""false"" class=""citation-0"">Collagen, Amino Acid and Hyaluronic Acid create an optimal moisture layer to reinforce the skin's natural capacity to defend itself from external aggressions.</span></p>
<p data-original-attrs='{""data-sourcepos"":""14:1-15:135""}'><span data-keep-original-tag=""false"" class=""citation-0 citation-end-0""><b>Prevent skin darkening and aging: </b></span></p>
<p data-original-attrs='{""data-sourcepos"":""14:1-15:135""}'><span data-keep-original-tag=""false"" class=""citation-0 citation-end-0"">SPF 50+ and PA++++ create powerful sunscreen, that protect your skin from UVA and UVB rays to prevent darkening and photo-aging.<span data-original-tag=""SOURCE-FOOTNOTE"" data-original-attrs='{""_nghost-ng-c2124624638"":"""",""ng-version"":""0.0.0-PLACEHOLDER""}'><sup data-original-attrs='{""_ngcontent-ng-c2124624638"":"""",""data-turn-source-index"":""1""}' class=""superscript""><span data-original-comment=""""></span></sup></span></span><span data-original-tag=""SOURCES-CAROUSEL-INLINE"" data-original-attrs='{""_nghost-ng-c2487796178"":"""",""ng-version"":""0.0.0-PLACEHOLDER""}'><span data-original-attrs='{""_ngcontent-ng-c2487796178"":"""",""hide-from-message-actions"":""""}' data-keep-original-tag=""false"" class=""button-container hide-from-message-actions ng-star-inserted"">   <span data-original-comment=""""></span></span><span id=""sources"" data-original-tag=""SOURCES-CAROUSEL"" data-original-attrs='{""_ngcontent-ng-c2487796178"":"""",""_nghost-ng-c3353360079"":"""",""hide-from-message-actions"":"""",""style"":""""}' class=""ng-tns-c3353360079-122 hide-from-message-actions ng-star-inserted""></span></span></p>
<div data-original-attrs='{""_ngcontent-ng-c3353360079"":"""",""jslog"":""220997;BardVeMetadataKey:[null,null,null,null,null,null,null,null,null,null,null,null,null,null,null,[1,null,1]]""}' class=""container ng-tns-c3353360079-122 hide"">
<span data-original-comment=""""></span>
<div data-original-attrs='{""_ngcontent-ng-c3353360079"":""""}' class=""carousel-container ng-tns-c3353360079-122"">
<div data-original-attrs='{""_ngcontent-ng-c3353360079"":""""}' class=""carousel-content ng-tns-c3353360079-122"">
<div data-original-attrs='{""_ngcontent-ng-c3353360079"":"""",""data-test-id"":""sources-carousel-source""}' class=""sources-carousel-source ng-tns-c3353360079-122 hide ng-star-inserted"">
<span data-original-comment=""""></span><br>
</div>
<span data-original-comment=""""></span><span data-original-comment=""""></span>
</div>
</div>
<span data-original-comment=""""></span>
</div>
<p> </p>
<p data-original-attrs='{""data-sourcepos"":""17:1-18:239""}'><b>LIGHT TEXTURE:</b></p>
<p data-original-attrs='{""data-sourcepos"":""17:1-18:239""}'> <span> </span><span data-keep-original-tag=""false"" class=""citation-1 citation-end-1"">Light, Non Oily, Milk Essence formula quickly absorbed, creating transparent screen on your skin. The essential moisturizing layer brings your skin the fresh look, leaving it perfectly soft, non shiny and relaxed all day long.<span data-original-tag=""SOURCE-FOOTNOTE"" data-original-attrs='{""_nghost-ng-c2124624638"":"""",""ng-version"":""0.0.0-PLACEHOLDER""}'><sup data-original-attrs='{""_ngcontent-ng-c2124624638"":"""",""data-turn-source-index"":""2""}' class=""superscript""><span data-original-comment=""""></span></sup></span></span><span data-original-tag=""SOURCES-CAROUSEL-INLINE"" data-original-attrs='{""_nghost-ng-c2487796178"":"""",""ng-version"":""0.0.0-PLACEHOLDER""}'><span data-original-attrs='{""_ngcontent-ng-c2487796178"":"""",""hide-from-message-actions"":""""}' data-keep-original-tag=""false"" class=""button-container hide-from-message-actions ng-star-inserted"">  </span></span></p>
<div>
<p data-original-attrs='{""data-sourcepos"":""3:1-3:24"",""style"":""""}'><b>Water &amp; Sweat Proof.</b></p>
<p data-original-attrs='{""data-sourcepos"":""5:1-5:74"",""style"":""""}'>Optimal Water layer nourishes hydrated, glowing, white &amp; healthy skin.</p>
<p data-original-attrs='{""data-sourcepos"":""7:1-7:22"",""style"":""""}'>Good base for make-up.</p>
<p data-original-attrs='{""data-sourcepos"":""9:1-9:82"",""style"":""""}'>SKIN AQUA Clear White can be used on a well-cleansed skin, as a daily moisturizer.</p>
<p data-original-attrs='{""data-sourcepos"":""11:1-11:25"",""style"":""""}'>Daily use is recommended. </p>
</div>
<div><br></div>
<p><span style=""color: #333333;"" data-original-attrs='{""style"":"""",""face"":""Roboto, sans-serif""}' data-keep-original-tag=""false""><b>INGREDIENTS:</b></span></p>
<div>
<div>
<br data-original-attrs='{""style"":""""}'><span style=""color: #333333;"" data-original-attrs='{""style"":"""",""face"":""Roboto, sans-serif""}' data-keep-original-tag=""false"">Water, Cyclopentasiloxane, Octyl Methoxycinnamate, Zinc Oxide, Butylene Glycol, Glycerin, Isononyl Isononanoate, PEG-9 Polydimethylsiloxyethyl Dimethicone, Ascorbyl Glucoside, Silica, Polymethylsilsesquioxane, Disodium Phosphate, Ethylhexyl Dimethoxybenzylidene</span><br data-original-attrs='{""style"":""""}'><span style=""color: #333333;"" data-original-attrs='{""style"":"""",""face"":""Roboto, sans-serif""}' data-keep-original-tag=""false"">Dioxoimidazolidine Propionate, Lauroyl Lysine, Titanium Dioxide, Acrylates/Demethicone Copolymer, Methylhydrogenpolysiloxane, Sodium Hydroxide, Methylparaben, Disodium EDTA, Propylparaben, Stearyl Glycyrrhetinate, Potassium Hydroxide, Arginine, Hyaluronic Acid, Tocopheryl Acetate, Hydrolyzed Collagen.</span>
</div>
<div><br></div>
<div>
<p data-original-attrs='{""data-sourcepos"":""13:1-13:19""}'><b>DIRECTIONS FOR USE:</b></p>
<p data-original-attrs='{""data-sourcepos"":""15:1-15:28""}'><span data-keep-original-tag=""false"" class=""citation-0 interactive-span-selected-v2""><b>SHAKE WELL BEFORE USE.</b></span></p>
<span data-keep-original-tag=""false"" class=""citation-0 interactive-span-selected-v2""><b></b></span>
<p>Apply softly on face in light circular motions inside out. Use daily before makeup. If skin is dried with towel or sweated, apply again for best results.</p>
<p><b>RESULTS:</b></p>
</div>
<div>
<p data-original-attrs='{""data-sourcepos"":""20:1-21:110""}'><span data-keep-original-tag=""false"" class=""citation-2"">From the first application your skin is efficiently protected, perfectly hydrated and ready for make-up.</span></p>
<p data-original-attrs='{""data-sourcepos"":""23:1-23:49""}'><span data-keep-original-tag=""false"" class=""citation-2 citation-end-2"">Nourishes smooth, fairer and glowing<span data-original-tag=""SOURCE-FOOTNOTE"" data-original-attrs='{""_nghost-ng-c2124624638"":"""",""ng-version"":""0.0.0-PLACEHOLDER""}'><sup data-original-attrs='{""_ngcontent-ng-c2124624638"":"""",""data-turn-source-index"":""3""}' class=""superscript""><span data-original-comment=""""></span></sup></span></span><span> </span>skin.</p>
<p data-original-attrs='{""data-sourcepos"":""3:1-3:24""}'><b>CAUTION:</b></p>
<p data-original-attrs='{""data-sourcepos"":""21:1-21:117""}'>Do not apply on wound or burnt skin. If red spots, itching or other allergy appears, stop using &amp; consult doctor.</p>
<div><span style=""color: #333333;"" data-original-attrs='{""style"":"""",""face"":""Roboto, sans-serif""}' data-keep-original-tag=""false""><b>STORAGE</b>:</span></div>
<div><span style=""color: #333333;"" data-original-attrs='{""style"":"""",""face"":""Roboto, sans-serif""}' data-keep-original-tag=""false""><br></span></div>
<div>
<span style=""color: #333333;"" data-original-attrs='{""style"":"""",""face"":""Roboto, sans-serif""}' data-keep-original-tag=""false"">Store below 30°C.</span><br data-original-attrs='{""style"":""""}'><span style=""color: #333333;"" data-original-attrs='{""style"":"""",""face"":""Roboto, sans-serif""}' data-keep-original-tag=""false"">Protect from direct sunlight.</span>
</div>
<div>
<span style=""color: #333333;"" data-original-attrs='{""style"":"""",""face"":""Roboto, sans-serif""}' data-keep-original-tag=""false"">Keep away from reach of children.</span> </div>
</div>
</div>",Dermlax Shop,Health & Beauty > Personal Care > Cosmetics > Skin Care > Sunscreen,"","",false,Title,Default Title,,,,,,,,"",0.0,shopify,0,deny,manual,2056.00,,true,true,"",https://cdn.shopify.com/s/files/1/0861/7810/3594/files/3_fb58ee39-0a45-4793-986d-f1e628c756b6.png?v=1733392253,1,"",false,,,2844,,,,,,,,,,,,,,,,,,,,,,,,,,,,,,,kg,,,draft
dermaxil-ultra-moisturiser-with-uv-protector,DerMaxil Ultra Moisturiser with UV Protector,"<p data-original-attrs='{""data-sourcepos"":""1:1-1:14""}'><b>DESCRIPTION:</b></p>
<p data-original-attrs='{""data-sourcepos"":""5:1-5:280""}'><span data-keep-original-tag=""false"" class=""citation-0 citation-end-0"">DERMAXIL ULTRA offers natural skin identical lipids with broad spectrum sunscreen. It helps to protect, repair and hydrate dry itchy damaged photo sensitive skin. It protects from UV rays with SPF-35 and moisturizes.<span data-original-tag=""SOURCE-FOOTNOTE"" data-original-attrs='{""_nghost-ng-c2124624638"":"""",""ng-version"":""0.0.0-PLACEHOLDER""}'><sup data-original-attrs='{""_ngcontent-ng-c2124624638"":"""",""data-turn-source-index"":""1""}' class=""superscript""><span data-original-comment=""""></span></sup></span></span><span> </span>Ideal for delicate, sensitive and baby skin of all ages.<span data-original-tag=""SOURCES-CAROUSEL-INLINE"" data-original-attrs='{""_nghost-ng-c2487796178"":"""",""ng-version"":""0.0.0-PLACEHOLDER""}'><span data-original-attrs='{""_ngcontent-ng-c2487796178"":"""",""hide-from-message-actions"":""""}' data-keep-original-tag=""false"" class=""button-container hide-from-message-actions ng-star-inserted"">   <span data-original-comment=""""></span></span><span id=""sources"" data-original-tag=""SOURCES-CAROUSEL"" data-original-attrs='{""_ngcontent-ng-c2487796178"":"""",""_nghost-ng-c3353360079"":"""",""hide-from-message-actions"":"""",""style"":""""}' class=""ng-tns-c3353360079-82 hide-from-message-actions ng-star-inserted""></span></span><span data-original-comment=""""></span></p>
<div data-original-attrs='{""_ngcontent-ng-c3353360079"":"""",""jslog"":""220997;BardVeMetadataKey:[null,null,null,null,null,null,null,null,null,null,null,null,null,null,null,[1,null,1]]""}' class=""container ng-tns-c3353360079-82 hide"">
<span data-original-comment=""""></span>
<div data-original-attrs='{""_ngcontent-ng-c3353360079"":""""}' class=""carousel-container ng-tns-c3353360079-82"">
<div data-original-attrs='{""_ngcontent-ng-c3353360079"":""""}' class=""carousel-content ng-tns-c3353360079-82"">
<span data-original-comment=""""></span><span data-original-comment=""""></span><br>
</div>
</div>
<span data-original-comment=""""></span>
</div>
<p data-original-attrs='{""data-sourcepos"":""7:1-7:16""}'><b>RECOMMENDED FOR:</b></p>
<p data-original-attrs='{""data-sourcepos"":""9:1-9:139""}'><span data-keep-original-tag=""false"" class=""citation-1"">Atopic dermatitis, Pityriasis alba, Photosensitivity disorders, Premature aging, Dry sensitive skin of Adults, Babies &amp; Children.</span></p>
<ul data-original-attrs='{""data-sourcepos"":""11:1-15:64""}'>
<li data-original-attrs='{""data-sourcepos"":""11:1-12:77""}'>
<span data-keep-original-tag=""false"" class=""citation-1 citation-end-1"">Superior moisturizer<span data-original-tag=""SOURCE-FOOTNOTE"" data-original-attrs='{""_nghost-ng-c2124624638"":"""",""ng-version"":""0.0.0-PLACEHOLDER""}'><sup data-original-attrs='{""_ngcontent-ng-c2124624638"":"""",""data-turn-source-index"":""2""}' class=""superscript""><span data-original-comment=""""></span></sup></span></span><span> </span><span data-keep-original-tag=""false"" class=""citation-2"">plus sun Protector.</span>
</li>
<li data-original-attrs='{""data-sourcepos"":""11:1-12:77""}'>
<span data-keep-original-tag=""false"" class=""citation-2""> Keeps skin hydrated all day and helps to prevent environmental sun damage</span><span data-original-tag=""SOURCES-CAROUSEL-INLINE"" data-original-attrs='{""_nghost-ng-c2487796178"":"""",""ng-version"":""0.0.0-PLACEHOLDER""}'><span data-original-attrs='{""_ngcontent-ng-c2487796178"":"""",""hide-from-message-actions"":""""}' data-keep-original-tag=""false"" class=""button-container hide-from-message-actions ng-star-inserted"">   <span data-original-comment=""""></span></span><span data-original-tag=""SOURCES-CAROUSEL"" data-original-attrs='{""_ngcontent-ng-c2487796178"":"""",""_nghost-ng-c3353360079"":"""",""hide-from-message-actions"":"""",""style"":""""}' class=""ng-tns-c3353360079-83 hide-from-message-actions ng-star-inserted""></span></span>
<div data-original-attrs='{""_ngcontent-ng-c3353360079"":"""",""jslog"":""220997;BardVeMetadataKey:[null,null,null,null,null,null,null,null,null,null,null,null,null,null,null,[1,null,1]]""}' class=""container ng-tns-c3353360079-83 hide"">
<span data-original-comment=""""></span>
<div data-original-attrs='{""_ngcontent-ng-c3353360079"":""""}' class=""carousel-container ng-tns-c3353360079-83""><br></div>
<span data-original-comment=""""></span>
</div>
</li>
<li data-original-attrs='{""data-sourcepos"":""13:1-13:56""}'><span data-keep-original-tag=""false"" class=""citation-2"">UV protector to prevent the signs of premature aging</span></li>
</ul>
<ul data-original-attrs='{""data-sourcepos"":""11:1-15:64""}'>
<li data-original-attrs='{""data-sourcepos"":""14:1-14:51""}'><span data-keep-original-tag=""false"" class=""citation-2"">Helps lessen skin irritations &amp; pacify skin</span></li>
</ul>
<ul data-original-attrs='{""data-sourcepos"":""11:1-15:64""}'>
<li data-original-attrs='{""data-sourcepos"":""15:1-15:64""}'>
<span data-keep-original-tag=""false"" class=""citation-2 citation-end-2"">Minimizes stinging, tingling &amp; burning sensations<span data-original-tag=""SOURCE-FOOTNOTE"" data-original-attrs='{""_nghost-ng-c2124624638"":"""",""ng-version"":""0.0.0-PLACEHOLDER""}'><sup data-original-attrs='{""_ngcontent-ng-c2124624638"":"""",""data-turn-source-index"":""3""}' class=""superscript""><span data-original-comment=""""></span></sup></span></span><span data-original-tag=""SOURCES-CAROUSEL-INLINE"" data-original-attrs='{""_nghost-ng-c2487796178"":"""",""ng-version"":""0.0.0-PLACEHOLDER""}'><span data-original-attrs='{""_ngcontent-ng-c2487796178"":"""",""hide-from-message-actions"":""""}' data-keep-original-tag=""false"" class=""button-container hide-from-message-actions ng-star-inserted""></span></span>
</li>
</ul>
<p data-original-attrs='{""data-sourcepos"":""1:1-1:14""}'><b>INGREDIENTS:</b></p>
<p data-original-attrs='{""data-sourcepos"":""7:1-7:239""}'><span data-keep-original-tag=""false"" class=""citation-0 interactive-span-selected-v2"">Aqua, Glycerin, Collagen, Caprylic/</span><span data-keep-original-tag=""false"" class=""citation-0 citation-1 citation-end-0 interactive-span-selected-v2"">Capric Triglyceride, Titanium Dioxide, Ceramide, Zinc Oxide, Octyl Methoxycinnamate, Squalane, Jojoba Oil, Benzophenone-3,<span data-original-tag=""SOURCE-FOOTNOTE"" data-original-attrs='{""_nghost-ng-c2124624638"":"""",""ng-version"":""0.0.0-PLACEHOLDER""}'><sup data-original-attrs='{""_ngcontent-ng-c2124624638"":"""",""data-turn-source-index"":""1""}' class=""superscript visible highlight""><span> </span>1<span> </span><span data-original-comment=""""></span></sup></span></span><span data-keep-original-tag=""false"" class=""citation-1 citation-end-1 interactive-span-selected-v2"">Aloe Barbadensis Leaf Extract, &amp; Vitamin-E Acetate.<span data-original-tag=""SOURCE-FOOTNOTE"" data-original-attrs='{""_nghost-ng-c2124624638"":"""",""ng-version"":""0.0.0-PLACEHOLDER""}'><sup data-original-attrs='{""_ngcontent-ng-c2124624638"":"""",""data-turn-source-index"":""2""}' class=""superscript visible highlight""><span> </span>2 </sup></span></span></p>
<p data-original-attrs='{""data-sourcepos"":""9:1-9:19""}'><b>DIRECTIONS FOR USE:</b></p>
<p data-original-attrs='{""data-sourcepos"":""11:1-11:184""}'>Massage into dry photo sensitive skin. Apply liberally on face, neck &amp; other exposed areas every morning, re-apply as and when needed or as directed by dermatologist/cosmetologist.</p>
<p data-original-attrs='{""data-sourcepos"":""13:1-13:12""}'><b>PRECAUTIONS</b></p>
<p data-original-attrs='{""data-sourcepos"":""15:1-15:121""}'>Store in a cool dry place (below 30°C) away from direct sunlight. Avoid contact with eyes. Keep out of reach of children.</p>
<p data-original-attrs='{""data-sourcepos"":""15:1-15:121""}'> </p>",Dermlax Shop,Health & Beauty > Personal Care > Cosmetics > Skin Care > Lotions & Moisturizers,"","",true,Title,Default Title,,,,,,,,"",0.0,shopify,1,deny,manual,1190.00,,true,true,"",https://cdn.shopify.com/s/files/1/0861/7810/3594/files/2_36b72466-21ef-4df3-9f0a-7794be6f420a.png?v=1733392027,1,"",false,,,2592,,,,,,,,,,,,,,,,,,,,,,,,,,,,,,,kg,,,active
acnewipe-anti-acne-milky-cleanser,AcneWipe Anti Acne Milky Cleanser,"<p><b>DESCRIPTION:</b></p>
<p> ACNEWIPE ANTI ACNE MILKY CLEANSER removes dirt, decongests pores, eliminates dull skin cells &amp; softens the skin. It contains multiple ingredients to clarify, brighten, even-out skin tone and help to fight acne. It attracts moisture to the skin, provides a pleasant sensation of comfort &amp; leaves skin feeling refreshed, smooth and velvety. Results in skin that is perfectly cleansed with all its softness, suppleness and radiance.</p>
<p data-original-attrs='{""data-sourcepos"":""4:1-5:361""}'><b>INGREDIENTS: </b></p>
<p data-original-attrs='{""data-sourcepos"":""4:1-5:361""}'>Aqua, Milk Protein, Phenoxyethanol, Sodium Lauryl Ether Sulphate, DMDM Hydantoin, Cocamidopropyl Betaine, Cocamide DEA, Sodium Lauryl Sulphate, Dimethicone, Ethylenediamine Tetraacetic Acid, Polyquaternium, Citric Acid, Sodium Lactate, Vitamin E, Mulberry Extract, Aloe Barbadensis Leaf Extract, Salicylic Acid, Propylene Glycol, Oleanolic Acid, Coco Glucoside.</p>
<p data-original-attrs='{""data-sourcepos"":""7:1-8:220""}'><b>DIRECTIONS FOR USE: </b></p>
<p data-original-attrs='{""data-sourcepos"":""7:1-8:220""}'>Use daily in the morning &amp; evening or as often as needed. Take a few drops on wet hand make some lather, apply on the face or other affected areas. Massage gently in circular motion &amp; rinse thoroughly with water.</p>
<p data-original-attrs='{""data-sourcepos"":""10:1-11:121""}'><b>CAUTIONS:</b></p>
<p data-original-attrs='{""data-sourcepos"":""10:1-11:121""}'> Keep out of reach of children. Avoid contact with eyes. Store in a cool dry place (below 30°C) away from direct sunlight.</p>",Dermlax Shop,Health & Beauty > Personal Care > Cosmetics > Skin Care > Facial Cleansers,"","",true,Title,Default Title,,,,,,,,"",0.0,shopify,0,deny,manual,850.00,,true,true,"",https://cdn.shopify.com/s/files/1/0861/7810/3594/files/1_e66a0bb4-9b9a-470d-9c56-d41fa80b9539.png?v=1733391883,1,"",false,,,2526,,,,,,,,,,,,,,,,,,,,,,,,,,,,,,,kg,,,active
acnes-vitamin-wash,Acnes Vitamin Wash,"",Dermlax Shop,Health & Beauty > Personal Care > Cosmetics > Skin Care > Facial Cleansers,"","",false,Title,Default Title,,,,,,,,"",0.0,shopify,0,deny,manual,842.00,,true,true,"",https://cdn.shopify.com/s/files/1/0861/7810/3594/files/Mentholatum-Acnes-Vitamin-Wash-50g-Amforia.pk_-removebg-preview.png?v=1732474216,1,"",false,,,2526,,,,,,,,,,,,,,,,,,,,,,,,,,,,,,,kg,,,archived
acnes-fairness-wash,Acnes Fairness Wash,"",Dermlax Shop,Health & Beauty > Personal Care > Cosmetics > Skin Care > Facial Cleansers,"","",false,Title,Default Title,,,,,,,,"",0.0,shopify,0,deny,manual,842.00,,true,true,"",https://cdn.shopify.com/s/files/1/0861/7810/3594/files/Mentholatum-Acnes-Fairness-Wash-Face-Wash-50g-Amforia.pk_-removebg-preview.png?v=1732474022,1,"",false,,,2526,,,,,,,,,,,,,,,,,,,,,,,,,,,,,,,kg,,,archived
acnes-creamy-wash-1,Acnes Creamy Wash,"",Dermlax Shop,Health & Beauty > Personal Care > Cosmetics > Skin Care > Facial Cleansers,"","",false,Title,Default Title,,,,,,,,"",0.0,shopify,0,deny,manual,0.00,,true,true,"",,,,false,,,2526,,,,,,,,,,,,,,,,,,,,,,,,,,,,,,,kg,,,draft
plain-organic-lip-balm,Plain Organic Lip Balm,<p>Fusion Botanicals</p>,Dermlax Shop,Health & Beauty > Personal Care > Cosmetics > Skin Care > Lip Balms & Treatments > Lip Balms,"",Featured,true,Title,Default Title,,,,,,,,"",0.0,shopify,3,deny,manual,400.00,,true,true,"",https://cdn.shopify.com/s/files/1/0861/7810/3594/files/3_f6286f7b-673b-4974-8a0e-997a6607e6e3.png?v=1731530518,1,"",false,,,543573,,,,,,,,,,,,,,pink,,,,,,,,,stick,,solid,,,,,,kg,,,active
plain-organic-lip-balm,,,,,,,,,,,,,,,,,,,,,,,,,,,,https://cdn.shopify.com/s/files/1/0861/7810/3594/files/2_97432467-9431-4487-8095-9c50c57a89e5.png?v=1731530879,2,"",,,,,,,,,,,,,,,,,,,,,,,,,,,,,,,,,,,,,,
plain-organic-lip-balm,,,,,,,,,,,,,,,,,,,,,,,,,,,,https://cdn.shopify.com/s/files/1/0861/7810/3594/files/5_0e3962e2-af7a-4079-a3ca-8559ec31dc7d.png?v=1731530948,3,"",,,,,,,,,,,,,,,,,,,,,,,,,,,,,,,,,,,,,,
tinted-pink-organic-lip-balm,Tinted Organic Lip Balm,<p>Fusion Botanicals</p>,Dermlax Shop,Health & Beauty > Personal Care > Cosmetics > Skin Care > Lip Balms & Treatments > Lip Balms,"","",true,Title,Default Title,,,,,,,,"",0.0,shopify,2,deny,manual,500.00,,true,true,"",https://cdn.shopify.com/s/files/1/0861/7810/3594/files/4_ae29345b-bf66-4351-a091-ca2c1dd7107e.png?v=1731530419,1,"",false,,,543573,,,,,,,,,,,,,,,,,,,,,,,,,,,,,,,kg,,,active
tinted-pink-organic-lip-balm,,,,,,,,,,,,,,,,,,,,,,,,,,,,https://cdn.shopify.com/s/files/1/0861/7810/3594/files/1_a7291be0-d865-4022-b983-3567ad30f0a1.png?v=1731530785,2,"",,,,,,,,,,,,,,,,,,,,,,,,,,,,,,,,,,,,,,
sanclear-cream,Sanclear Cream,"<p><meta charset=""utf-8"">Sanclear Cream, contains hydroquinone 4% and glycolic acid 10%. This is a potent topical cream designed for skin lightening and the treatment of hyperpigmentation.<br><meta charset=""utf-8""></p>
<h3>Benefits and Uses:</h3>
<ol>
<li>
<p><strong>Hydroquinone (4%)</strong>: This is a skin-lightening agent used in the treatment of conditions like dark spots, age spots, melasma, and other forms of hyperpigmentation. Hydroquinone works by decreasing the formation of melanin, the pigment in the skin that gives it color.</p>
</li>
<li>
<p><strong>Glycolic Acid (10%)</strong>: As an alpha hydroxy acid (AHA), glycolic acid helps to exfoliate the surface of the skin, reduce fine lines, improve skin texture, and remove dead skin cells that can lead to dullness. This concentration helps in enhancing the penetration of hydroquinone for more effective pigment reduction.</p>
</li>
</ol>
<h3>Usage Instructions:</h3>
<ul>
<li>The cream is intended for external use only.</li>
<li>Users should apply it to the affected areas as directed by a physician, typically once or twice daily.</li>
<li>It is crucial to follow the enclosed instructions carefully to avoid any side effects or overuse.</li>
</ul>
<h3>Precautions:</h3>
<ul>
<li>Avoid exposure to sunlight and wear sunscreen while using this product as both hydroquinone and glycolic acid can increase skin sensitivity to UV rays.</li>
<li>Not suitable for use on irritated or broken skin.</li>
<li>Patch testing on a small area of skin is recommended to check for any allergic reactions before regular use.</li>
<li>Discontinue use if irritation or excessive redness occurs.</li>
</ul>
<p>This cream offers a strong solution for those seeking to reduce visible signs of pigmentation but should be used with caution and under medical supervision, especially given the high concentrations of active ingredients.</p>",Dermlax Shop,Health & Beauty > Personal Care > Cosmetics > Skin Care > Lotions & Moisturizers,"","",true,Title,Default Title,,,,,,,,"",0.0,shopify,0,deny,manual,300.00,,true,true,"",https://cdn.shopify.com/s/files/1/0861/7810/3594/files/9_39963af7-657f-4ec4-9b03-0df15968eaf8.png?v=1730196115,1,"",false,,,2592,,,,,,,,,,,,,,,,,,,,,,,,,,,,,,,kg,,,active
romlus-ointment,Romlus Ointment,"<p><strong>Romulus Ointment containing 0.03% Tacrolimus</strong>, is primarily used to treat certain skin conditions such as eczema (atopic dermatitis). Tacrolimus is an immunosuppressant. It works by decreasing your body's immune system to help slow down the growth of atopic dermatitis on your skin. Here are the main benefits and uses:</p>
<ol>
<li>
<strong>Reduces Inflammation:</strong> It helps to reduce the swelling, redness, and itching of skin associated with eczema.</li>
<li>
<strong>Immunomodulatory Effect:</strong> As an immunomodulator, it suppresses the immune responses that contribute to inflammation and symptom flare-ups in eczema.</li>
<li>
<strong>Alternative to Steroids:</strong> It provides an alternative treatment for patients who either do not respond well to traditional steroid therapy or who cannot use steroids.</li>
<li>
<strong>Targeted Therapy:</strong> It acts more locally at the site of application and has fewer systemic effects than many oral immunosuppressants.</li>
</ol>
<p>It is important to use this medication strictly under medical supervision as it has specific indications and potential side effects,</p>",Dermlax Shop,Health & Beauty > Health Care > First Aid > Medical Tape & Bandages,"","",false,Title,Default Title,,,,,,,,"",0.0,shopify,10,deny,manual,500.00,,true,true,"",https://cdn.shopify.com/s/files/1/0861/7810/3594/files/8_4b0b7d52-bc4f-4e18-a6d4-60a554f167d9.png?v=1730195736,1,"",false,,,509,,,,,,,,,,,,,,,,,,,,,,,,,,,,,,,kg,,,draft
seravio-vitamin-c-serum,Seravio Vitamin C serum,"<p>Our serum is a masterpiece of science, formulated with the finest extracts and cutting-edge ingredients. Experience the epitome of self-care with Seravio, that embodies elegance and sophistication. Unleash your inner glow and embrace the confidence that comes with flawless skin.</p>
<p data-original-attrs='{""data-sourcepos"":""5:1-5:31""}'><strong>C20 radiance-boosting serum</strong></p>
<ul data-original-attrs='{""data-sourcepos"":""7:1-12:0""}'>
<li data-original-attrs='{""data-sourcepos"":""7:1-7:53""}'>Reduces melanin formation and lightens pigmentation</li>
<li data-original-attrs='{""data-sourcepos"":""8:1-8:27""}'>Neutralizes free radicals</li>
<li data-original-attrs='{""data-sourcepos"":""9:1-9:32""}'>Stimulates collagen production</li>
<li data-original-attrs='{""data-sourcepos"":""10:1-10:48""}'>Improves blood circulation and skin metabolism</li>
<li data-original-attrs='{""data-sourcepos"":""11:1-12:0""}'>Controls sebum production</li>
</ul>
<div>
<p data-original-attrs='{""data-sourcepos"":""3:1-3:16""}'><strong>Instructions</strong></p>
<p data-original-attrs='{""data-sourcepos"":""5:1-6:30""}'>Store below 30°C. Keep out of reach of children.</p>
<p data-original-attrs='{""data-sourcepos"":""8:1-8:15""}'><strong>Ingredients</strong></p>
<p data-original-attrs='{""data-sourcepos"":""10:1-10:153""}'>Ethoxydiglycol, Propylene Glycol, Ethyl Ascorbic Acid, Aqua, Dipropylene Glycol, Butylene Glycol, Ethylhexylglycerin, Grapefruit Extract, Phenoxyethanol.</p>
<p data-original-attrs='{""data-sourcepos"":""10:1-10:153""}'><br></p>
</div>
<p data-original-attrs='{""data-sourcepos"":""13:1-13:25""}'><strong>FOR EXTERNAL USE ONLY</strong></p>",Dermlax Shop,Health & Beauty > Personal Care > Cosmetics > Skin Care > Face Serums,"","",true,Title,Default Title,,,,,,,,"",0.0,shopify,3,deny,manual,2520.00,,true,true,"",https://cdn.shopify.com/s/files/1/0861/7810/3594/files/seraviovitc.png?v=1750274862,1,"",false,,,567,,,,,,,,,,,,,,,,,,,,,,,,,,,,,,,kg,,,active
seravio-retinol-serum,Seravio Retinol Serum,"<p> Our serum is a masterpiece of science, formulated with the finest extracts and cutting-edge ingredients. Experience the epitome of self-care with Seravio, that embodies elegance and sophistication. Unleash your inner glow and embrace the confidence that comes with flawless skin.</p>
<p data-original-attrs='{""data-sourcepos"":""5:1-5:28""}'><strong>Retinol anti-aging serum</strong></p>
<ul data-original-attrs='{""data-sourcepos"":""7:1-11:0""}'>
<li data-original-attrs='{""data-sourcepos"":""7:1-7:51""}'>Improves the appearance of fine and dynamic lines</li>
<li data-original-attrs='{""data-sourcepos"":""8:1-8:29""}'>Evens skin texture and tone</li>
<li data-original-attrs='{""data-sourcepos"":""9:1-9:113""}'>Squalene, enhances surface-level hydration and helps combat the dryness that can be associated with retinol use</li>
<li data-original-attrs='{""data-sourcepos"":""10:1-11:0""}'>Anhydrous serum, for all skin types</li>
</ul>
<div>
<p data-original-attrs='{""data-sourcepos"":""3:1-3:16""}'><strong>Instructions</strong></p>
<p data-original-attrs='{""data-sourcepos"":""5:1-6:30""}'>Store below 30°C. Keep out of reach of children.</p>
<p data-original-attrs='{""data-sourcepos"":""8:1-8:15""}'><strong>Ingredients</strong></p>
<p data-original-attrs='{""data-sourcepos"":""10:1-10:169""}'>Squalane, Caprylic/Capric Triglyceride, Isopropyl Myristate, C12-15 Alkyl Benzoate, Retinol, Jojoba Oil, Tocopheryl Acetate, Butylated Hydroxytoluene, Argan Oil, Silica.</p>
</div>
<p data-original-attrs='{""data-sourcepos"":""12:1-12:25""}'><strong>FOR EXTERNAL USE ONLY</strong></p>",Dermlax Shop,Health & Beauty > Personal Care > Cosmetics > Skin Care > Face Serums,"","",true,Title,Default Title,,,,,,,,"",0.0,shopify,5,deny,manual,1820.00,,true,true,"",https://cdn.shopify.com/s/files/1/0861/7810/3594/files/retinol.jpg?v=1727166763,1,"",false,,,567,,,,,,,,,,,,,,,,,,,,,,,,,,,,,,,kg,,1127.00,active
seravio-niacinamide-serum,Seravio Niacinamide Serum,"<p> Our serum is a masterpiece of science, formulated with the finest extracts and cutting-edge ingredients. Experience the epitome of self-care with Seravio, that embodies elegance and sophistication. Unleash your inner glow and embrace the confidence that comes with flawless skin.</p>
<p data-original-attrs='{""data-sourcepos"":""5:1-5:28""}'><strong>NZ pore-tightening serum</strong></p>
<ul data-original-attrs='{""data-sourcepos"":""7:1-12:0""}'>
<li data-original-attrs='{""data-sourcepos"":""7:1-7:24""}'>Boosts skin brightness</li>
<li data-original-attrs='{""data-sourcepos"":""8:1-8:26""}'>Improves skin smoothness</li>
<li data-original-attrs='{""data-sourcepos"":""9:1-9:51""}'>Improves the look of skin radiance and luminosity</li>
<li data-original-attrs='{""data-sourcepos"":""10:1-10:29""}'>Reinforces the skin barrier</li>
<li data-original-attrs='{""data-sourcepos"":""11:1-12:0""}'>Water-based serum, for all skin types</li>
</ul>
<div>
<p data-original-attrs='{""data-sourcepos"":""3:1-3:16""}'><strong>Instructions</strong></p>
<p data-original-attrs='{""data-sourcepos"":""5:1-6:30""}'>Store below 30°C. Keep out of reach of children.</p>
<p data-original-attrs='{""data-sourcepos"":""8:1-8:15""}'><strong>Ingredients</strong></p>
<p data-original-attrs='{""data-sourcepos"":""10:1-10:176""}'>Aqua, Niacinamide, Propylene Glycol, Zinc PCA, Alpha Arbutin, Polysorbate 20, Phenoxyethanol, Ethylhexylglycerin, Sodium Hyaluronate, Carbomer, Disodium EDTA, Sodium Hydroxide.</p>
<p data-original-attrs='{""data-sourcepos"":""12:1-12:11""}'><strong>Caution</strong></p>
<p data-original-attrs='{""data-sourcepos"":""12:1-12:11""}'>Avoid simultaneous use with directly or indirectly Vitamin C.</p>
<p data-original-attrs='{""data-sourcepos"":""12:1-12:11""}'><br></p>
</div>
<p data-original-attrs='{""data-sourcepos"":""13:1-13:25""}'><strong>FOR EXTERNAL USE ONLY</strong></p>",Dermlax Shop,Health & Beauty > Personal Care > Cosmetics > Skin Care > Face Serums,"","",true,Title,Default Title,,,,,,,,"",0.0,shopify,5,deny,manual,2090.00,,true,true,"",https://cdn.shopify.com/s/files/1/0861/7810/3594/files/niacinamide.jpg?v=1727166525,1,"",false,,,567,,,,,,,,,,,,,,,,,,,,,,,,,,,,,,,kg,,,active
hairoaie-organic-hair-oil,Hairoaie Organic Hair Oil,"<p><strong>Key Features</strong>:</p>
<ul>
<li>
<strong>Global Anti Hair Fall</strong> </li>
<li><strong>Hair Growth</strong></li>
<li><strong>Anti Dandruff</strong></li>
<li>
<strong>Dry &amp; Itchy Scalp Solution</strong><br><br><strong>How to Use</strong>:</li>
</ul>
<ul>
<li>
<strong>Daily Usage</strong>: Use it daily or as directed by a doctor</li>
<li>
<strong>Application</strong>: The oil is applied by massaging gently into the hair roots and spreading along the hair lengths. After leaving it overnight, it is washed off in the morning using a mild shampoo.</li>
</ul>
<h3>
<strong>Indications</strong>:</h3>
<ul>
<li>The product is ideal for treating <strong>Hair Fall</strong>, <strong>Dry Hair</strong>, and <strong>Damaged Hair</strong>.</li>
</ul>
<h3>
<strong>Benefits</strong>:</h3>
<ul>
<li><strong>Healthy Hair Growth</strong></li>
<li><strong>Strength &amp; Softness</strong></li>
</ul>
<h3>
<strong>Ingredients</strong>:</h3>
<ul>
<li><strong>Organic Hair Oil</strong></li>
</ul>
<h3>
<strong>Precautions</strong>:</h3>
<ul>
<li>Store below 25°C, away from heat and direct sunlight. The product is only for external use and should be kept out of the reach of children.</li>
</ul>",Dermlax Shop,Health & Beauty > Personal Care > Hair Care > Hair Styling Products,"","",true,Title,Default Title,,,,,,,,"",0.0,shopify,11,deny,manual,1695.00,,true,true,"",https://cdn.shopify.com/s/files/1/0861/7810/3594/files/6_8b3a23b5-09b3-4cbe-b1fa-e9c292893d0a.png?v=1725087603,1,"",false,,,,,,,,,,,,,,,,,,,,,,,,,,,,,,,,,,kg,,1005.00,active
fusion-aloe-vera-gel,Fusion Aloe Vera Gel,"<h3 data-end=""46"" data-start=""0""><strong data-end=""44"" data-start=""4"">Key Benefits of Fusion Aloe Vera Gel</strong></h3>
<ul data-end=""429"" data-start=""48"">
<li data-end=""119"" data-start=""48"">💧 <strong data-end=""71"" data-start=""53"">Deep Hydration</strong> – Locks in moisture for soft, nourished skin.</li>
<li data-end=""192"" data-start=""120"">🌿 <strong data-end=""147"" data-start=""125"">Soothes Irritation</strong> – Calms redness, dryness, and sensitivity.</li>
<li data-end=""268"" data-start=""193"">✨ <strong data-end=""224"" data-start=""197"">Refreshes &amp; Revitalizes</strong> – Leaves skin feeling cool and refreshed.</li>
<li data-end=""352"" data-start=""269"">🛡️ <strong data-end=""297"" data-start=""275"">Nourishing Formula</strong> – Enriched with Aloe Vera, Vitamin E, and Olive Oil.</li>
<li data-end=""429"" data-start=""353"">🔄 <strong data-end=""382"" data-start=""358"">Supports Skin Repair</strong> – Helps restore and maintain a healthy glow.</li>
</ul>
<p> </p>
<ul data-end=""429"" data-start=""48"">
<li>
<strong>Ingredients</strong>:
<ul>
<li>Aqua</li>
<li>Aloe Barbadensis Extract</li>
<li>Vitamin E</li>
<li>Olive Oil</li>
<li>Allantoin</li>
<li>Neutralizer</li>
<li>Dimethicone</li>
<li>Preservatives and Fragrance</li>
</ul>
</li>
</ul>
<p> </p>
<ul data-end=""429"" data-start=""48"">
<li>
<strong>Usage</strong>: Apply a pea-sized amount on the face and neck, massage gently in circular motions, and use thrice daily as a moisturizer. Patch testing is advised for first-time use.</li>
<li>
<strong>Benefits</strong>: Provides hydration, calms irritation, and helps refresh the skin. Aloe Vera has anti-inflammatory properties, and Vitamin E and Olive Oil add moisture to the skin.</li>
</ul>",Dermlax Shop,Health & Beauty > Personal Care > Cosmetics > Skin Care > Lotions & Moisturizers,"","",true,Title,Default Title,,,,,,,,"",0.0,shopify,12,deny,manual,1550.00,,true,true,"",https://cdn.shopify.com/s/files/1/0861/7810/3594/files/fusionaloveragel.png?v=1750538464,1,"",false,,,,,,,,,,,,,,,'2,,,,,,,,,,,,,,,,,,,kg,,,active
nucos-stimulating-hair-conditioner,Nucos Hair Conditioner,"<p><meta charset=""utf-8"">The formula is designed for both men and women, affected by increased temporary or premature hair loss and balding.</p>
<ul>
<li>Argan Oil</li>
<li>Biotin</li>
<li>Saw Palmetto</li>
<li>For fuller, thicker, healthier looking hair with more volume &amp; less visible grey</li>
<li>Formulated for daily use</li>
<li>Suitable for all hair types</li>
</ul>
<p><strong>Directions for use:</strong> Apply the conditioner onto wet hair each time, after washing. Gently rub the conditioner into your hair and scalp. Leave it on for 4-5 minutes, and then rinse with water. If the product gets into your eyes, wash them with water right away. To enhance the results use in combination with the ZeCos shampoo.</p>
<p><strong>Warnings:</strong></p>
<ul>
<li>For external use only</li>
<li>Store in a cool &amp; dry place</li>
<li>Protect from light</li>
<li>Keep out of the reach of children</li>
</ul>
<p><strong>Ingredients:</strong></p>
<ul>
<li>Argan Oil - 1.25%</li>
<li>Biotin - 0.75%</li>
<li>Vitamin B5 - 3.00%</li>
<li>Procapil - 2.50%</li>
<li>Vitamin E - 2.50%</li>
<li>Coconut Oil - 3.00%</li>
<li>Saw Palmetto - 2.50%</li>
</ul>",Dermlax Shop,Health & Beauty > Personal Care > Hair Care > Shampoo & Conditioner > Conditioners,"","",true,Title,Default Title,,,,,,,,"",0.0,shopify,0,deny,manual,950.00,,true,true,"",https://cdn.shopify.com/s/files/1/0861/7810/3594/files/4_d548ce8a-39b5-4fda-929f-dcf1aa4b319f.png?v=1725087488,1,"",false,,,,,,,,,,,,,,,,,,,,,,,,,,,,,,,,,,kg,,598.00,active
cosarb-cream,Cosarb Cream,"<p><strong>Cosarb Cream for hyperpigmentation:</strong></p>
<ul>
<li>Skin Whitening, including age spots, acne marks, old scars, uneven skin tone &amp; melasma.</li>
<li>With complete broad spectrum UV PROTECTION.</li>
</ul>
<p><strong>Ingredients:</strong></p>
<ul>
<li>Octadecenedioic acid ................... 2.00%</li>
<li>Bearberry plant extract ................... 1.50%</li>
<li>Magnesium ascorbyl phosphate .... 4.00%</li>
<li>Nicotinamide ................................. 2.00%</li>
<li>Licorice extract ............................... 0.50%</li>
<li>Triethanolamine .............................. 1.00%</li>
<li>Vitamin-E ...................................... 0.25%</li>
</ul>
<p><strong>Indications:</strong></p>
<ul>
<li>Melasma/Chloasma, Acne marks, Freckles, Discolorations, Birthmarks, Age spots/Liver spots, Sun spots/Tans/Sun damage, Old scars, Dark elbows, Knee, Knuckles, Dark underarms, Other hyperpigmentation, General skin lightening.</li>
</ul>
<p><strong>How to Use:</strong></p>
<ul>
<li>
<p>Wash &amp; dry skin. Apply an even layer over the affected area twice daily. Apply once in the morning &amp; once at night. Massage thoroughly until cream is absorbed completely into the skin. The use of an additional sunblock Solar pro is strongly recommended. Wait 10 minutes before applying makeup &amp; sunblock. Best results if used after Skin Microfoliant.</p>
</li>
<li>
<p>For external use only.</p>
</li>
<li>
<p>Store in a cool &amp; dry place.</p>
</li>
<li>
<p>Protect from light.</p>
</li>
<li>
<p>Keep out of reach of children.</p>
</li>
</ul>",Dermlax Shop,Health & Beauty > Personal Care > Cosmetics > Skin Care > Lotions & Moisturizers,"","",true,Title,Default Title,,,,,,,,"",0.0,shopify,1,deny,manual,2950.00,,true,true,"",https://cdn.shopify.com/s/files/1/0861/7810/3594/files/3_cdc956b6-f689-438b-88c4-34681da4e96b.png?v=1725087414,1,"",false,,,,,,,,,,,,,,,,,,,,,,,,,,,,,,,,,,kg,,1858.00,active
fusion-body-oil,Fusion Body Oil,"<p><strong>Fusion Body Oil</strong></p>
<ul>
<li>Ultra Lightweight with Soothing Fragrance</li>
<li>100 ML APPROX</li>
</ul>
<p><strong>Ingredients:</strong></p>
<ul>
<li>A blend of Sunflower Oil, Jojoba Oil, Grape Seed Oil, Vitamin E, Rose Essential Oil, and Lavender Essential Oil.</li>
</ul>
<p><strong>Direction:</strong></p>
<ul>
<li>Apply two to three drops on the skin.</li>
<li>Massage in a circular motion.</li>
<li>Patch test prior to first-time use is advised.</li>
</ul>",Dermlax Shop,Health & Beauty > Personal Care > Cosmetics > Skin Care > Body Oil,"","",true,Title,Default Title,,,,,,,,"",0.0,shopify,5,deny,manual,2000.00,,true,true,"",https://cdn.shopify.com/s/files/1/0861/7810/3594/files/2_faf2578d-87e8-44ba-8e10-778fc48f605b.png?v=1725087375,1,"",false,,,,,,,,,,,,,,,,,,,,,,,,,,,,,,,,,,kg,,,active
urecos-ultra-moisturizing-ointment,Urecos Ultra Moisturizing Ointment,"<p>Ultra Moisturizing Ointment</p>
<ul>
<li style=""list-style-type: none;"">
<ul>
<li>Moisturizer for dry skin</li>
<li>Soothes and moisturizes very dry skin Seals in moisture to restore and protect the sensitive skin</li>
<li>Clinically Tested</li>
<li>Dermatologist Recommended</li>
<li>100 gm</li>
</ul>
</li>
</ul>
<ul>
<li>
<p><strong>Urea</strong> helps the breakdown of dead skin, moisturizes, and softens dry, cracked, rough, and hardened skin (face, hands, elbows, and feet). Urea 10% contains which nourishes the skin and makes it softer.</p>
</li>
<li>
<p><strong>Lactic acid</strong> is a gentle alpha-hydroxy acid that helps promote the skin's natural exfoliation process — which aids in softening and smoothing the skin and improving its overall texture. Additionally, lactic acid is one component of the skin's natural moisturizing factor, which is a blend of compounds naturally found in the skin that helps to hold moisture within the skin.</p>
<ul>
<li>
<p>Quickly absorbed ointment cares for and smooths chapped skin</p>
</li>
<li>
<p>Deeply effective moisturizing complex made from natural moisturizing factors urea &amp; lactic acid</p>
</li>
<li>
<p>Without fragrances, odorless</p>
</li>
<li>
<p>Clinically tested, also for diabetes, age-related xerosis, and psoriasis.</p>
</li>
<li>
<p>Urecos also recommended for best management of xerosis, eczema &amp; psoriasis.</p>
</li>
</ul>
</li>
<li>
<p>For external use only.</p>
</li>
<li>
<p>Store in a cool &amp; dry place.</p>
</li>
<li>
<p>Protect from light.</p>
</li>
<li>
<p>Keep out of the reach of children.</p>
</li>
</ul>
<hr>
<p><strong>Ingredients:</strong></p>
<ul>
<li>Urea 10.00%</li>
<li>Lactic Acid 2.50%</li>
<li>Vitamin E 0.50%</li>
<li>Isopropyl Myristate 3.00%</li>
<li>Dimethicone 2.00%</li>
<li>Anhydrous Lanolin 1.50%</li>
<li>Salicylic Acid 3.00%</li>
</ul>
<p><strong>Directions:</strong></p>
<ul>
<li>
<p>Apply freely upon all affected areas after cleaning &amp; pat dry skin, apply only to intact skin. Do not apply on mucous membrane.</p>
</li>
</ul>",Dermlax Shop,Health & Beauty > Personal Care > Cosmetics > Skin Care > Lotions & Moisturizers,"","",true,Title,Default Title,,,,,,,,"",0.0,shopify,4,deny,manual,675.00,,true,true,"",https://cdn.shopify.com/s/files/1/0861/7810/3594/files/urecosfinal.png?v=1750241008,1,"",false,,,,,,,,,,,,,,,,,,,,,,,,,,,,,,,,,,kg,,425.00,active
urecos-ultra-moisturizing-ointment,,,,,,,,,,,,,,,,,,,,,,,,,,,,https://cdn.shopify.com/s/files/1/0861/7810/3594/files/urecos_old.png?v=1750240880,2,"",,,,,,,,,,,,,,,,,,,,,,,,,,,,,,,,,,,,,,
anti-acne-bundle,Anti-acne Bundle,"",Dermlax Shop,Health & Beauty > Personal Care > Cosmetics > Skin Care > Acne Treatments & Kits,"","",false,Title,Default Title,,,,,,,,"",0.0,,-2,deny,manual,0.00,,true,true,"",,,,false,,,,,,,,,,,,,,,,,,,,,,,,,,,,,,,,,,kg,,,draft
preagex-anti-wrinkle-cream,Preagex Anti-Wrinkle Cream,"<p><span style=""font-size: large;""><b>Description:</b> </span></p>
<p><span><b>Preagex</b> is a mimic of the N- terminal end of SNAP-25 and it competes with the natural protein for a position in a SNARE complex, so it destabilizes its formation, without breaking any of its components. If the SNAPE complex is slightly destabilized, the vesicle cannot release neurotransmitters. As a consequence, muscle contraction is attenuated and the muscle is relaxed. </span></p>
<p><span><br></span><span>Reduces the depth of wrinkles of face especially in the forehead and around the eyes. Topically targeting the wrinkle- formation mechanism in a very different way.</span></p>
<p><span><b> Benefits: </b></span></p>
<p><span>An advance Anti Aging Cream prevents wrinkles formation &amp; simulate Collagen &amp; elastin of skin. Improves skin elasticity, tone and texture. Offers deep Moisturizing Anti oxidant effects, Reduce Dark circles, wrinkles &amp; make skin more supply and reduce stretch marks. </span></p>
<p data-sourcepos=""3:1-3:16""><strong>Ingredients:</strong></p>
<ul data-sourcepos=""5:1-16:0"">
<li data-sourcepos=""5:1-5:10"">Squsiace</li>
<li data-sourcepos=""6:1-6:19"">Cersinite Complex</li>
<li data-sourcepos=""7:1-7:13"">Borrage Oil</li>
<li data-sourcepos=""8:1-8:11"">Collagens</li>
<li data-sourcepos=""9:1-9:13"">Oepenthanol</li>
<li data-sourcepos=""10:1-10:8"">Gacmth</li>
<li data-sourcepos=""11:1-11:16"">Linolenic Acid</li>
<li data-sourcepos=""12:1-12:15"">Benzophenone3</li>
<li data-sourcepos=""13:1-13:14"">Cocoe Buffer</li>
<li data-sourcepos=""14:1-14:15"">Phospholipids</li>
<li data-sourcepos=""15:1-16:0"">Hyaluronic Acid</li>
</ul>
<p><span><b>Usage: </b></span></p>
<p><span><b><span style=""font-size: large;"">.</span></b></span><b> </b><span>Apply Preagex throughly till complete absorption. </span></p>
<p><span><b><span style=""font-size: large;"">.</span> </b>Apply 2 time a day.</span></p>
<p data-sourcepos=""17:1-17:16""><strong>Indications:</strong></p>
<ul data-sourcepos=""19:1-23:0"">
<li data-sourcepos=""19:1-19:18"">Pre Mature Aging</li>
<li data-sourcepos=""20:1-20:15"">Fine Wrinkles</li>
<li data-sourcepos=""21:1-21:15"">Stretch Marks</li>
<li data-sourcepos=""22:1-23:0"">Pregnancy Marks</li>
</ul>
<p data-sourcepos=""24:1-24:26""><strong>Precautions / Warning:</strong></p>
<ul data-sourcepos=""26:1-29:22"">
<li data-sourcepos=""26:1-26:65"">If irritation occurs,<span> </span>stop using and consult your dermatologist</li>
<li data-sourcepos=""27:1-27:33"">Avoid eyes and mucous membranes</li>
<li data-sourcepos=""28:1-28:35"">Keep out of the reach of children</li>
<li data-sourcepos=""29:1-29:22"">Do not stay too long in the sun,<span> </span>even while using a sunscreen product.</li>
<li data-sourcepos=""29:1-29:22"">Non-comedogenic</li>
<li data-sourcepos=""29:1-29:22"">Hypoallergenic</li>
<li data-sourcepos=""29:1-29:22"">Store at room temperature at dry place.</li>
<li data-sourcepos=""29:1-29:22""> Protect from direct sunlight.</li>
</ul>",Dermlax Shop,Health & Beauty > Personal Care > Cosmetics > Skin Care > Anti-Aging Skin Care,"","",true,Title,Default Title,,,,,,,,"",0.0,shopify,3,deny,manual,1650.00,,true,true,"",https://cdn.shopify.com/s/files/1/0861/7810/3594/files/Untitleddesign_7.png?v=1723044684,1,"",false,,,,,,,,,,,,,,,,,,,,,,,,,,,,,,,,,,kg,,1057.00,active
hair-protein-mask-hpm-mask,Hair Protein Mask (HPM Mask),"<p> </p>
<p data-sourcepos=""7:1-7:26""><strong>How to use:</strong> </p>
<p data-sourcepos=""7:1-7:26"">Apply proper amount to hair after cleaning massage gently for 15 to 20 minutes application &amp; clean away with water.</p>
<p data-sourcepos=""7:1-7:26""><strong>Keratin &amp; Collagen:</strong></p>
<p data-sourcepos=""9:1-14:32""><span class=""citation-0 citation-end-0"">Helps thicken and strengthen weak and damaged hair. Its special blend of keratin, vitamins and collagen thickeners provides needed nourishment</span> forstrong, healthy and growing hair. Safe on all types of hair including natural, color treated and relaxed work wonders on thinning edges and temple areas.<span class=""button-container ng-star-inserted"" _ngcontent-ng-c2016813655="""">   </span></p>
<div class=""container"" jslog=""220997;BardVeMetadataKey:[null,null,null,null,null,null,null,null,null,null,null,null,null,null,null,[1,null,1]]"" _ngcontent-ng-c963642693="""">
<div class=""carousel-container"" _ngcontent-ng-c963642693="""">
<div class=""carousel-content"" _ngcontent-ng-c963642693="""">
<div class=""sources-carousel-source hide ng-star-inserted"" data-test-id=""sources-carousel-source"" _ngcontent-ng-c963642693="""">
<div class=""source-card-container"" _ngcontent-ng-c265615122="""">
<div class=""source-card-content"" _ngcontent-ng-c265615122="""">
<strong>Composition:</strong> </div>
<div class=""source-card-content"" _ngcontent-ng-c265615122=""""><br></div>
<div class=""source-card-content"" _ngcontent-ng-c265615122="""">Argan Oil, Avocado, Alovera, Tea Tree Oil, Rose Marry Oil, Flax Seed, Hydrolyzed Collagen, Amla, Biotin, Olive Oil.</div>
</div>
</div>
</div>
</div>
</div>
<!---->",Dermlax Shop,Health & Beauty > Personal Care > Hair Care,"","",true,Title,Default Title,,,,,,,,"",0.0,shopify,3,deny,manual,4000.00,,true,true,"",https://cdn.shopify.com/s/files/1/0861/7810/3594/files/Untitled_design_5.png?v=1721725203,1,"",false,,,486,,,,,,,,,,,,,,,,,,,,,,,,,,,,,,,kg,,2520.00,active
silcio-face-wash,Silcio Face Wash,"<p><strong><meta charset=""utf-8""></strong> <strong>Description</strong><br><meta charset=""utf-8""></p>
<p data-sourcepos=""3:1-3:96"">Indulge in a daily ritual that goes beyond cleansing &amp; experience the transformative power of this face wash, as it gently cleanses, nourishes, and rejuvenates your skin with each wash delivering a luminous, healthy radiance. With Silcio, beauty isn't just a goal; it's a side effect of the exceptional care your skin deserves.</p>
<p data-sourcepos=""5:1-5:30""><strong>Skin brightening face wash</strong></p>
<ul data-sourcepos=""7:1-7:11"">
<li data-sourcepos=""7:1-7:11"">Brightens skin tone</li>
<li data-sourcepos=""8:1-8:35"">Exfoliates and removes impurities</li>
<li data-sourcepos=""9:1-9:31"">Promotes a radiant complexion</li>
<li data-sourcepos=""10:1-11:0"">Suitable for all skin types</li>
</ul>
<p data-sourcepos=""12:1-12:22""><strong>Directions for use</strong></p>
<ul data-sourcepos=""14:1-14:24"">
<li data-sourcepos=""14:1-14:24""><span>Squeeze a small amount of face wash onto your fingertips</span></li>
<li data-sourcepos=""15:1-15:76"">
<span>Gently massage onto your damp face in a circular motion,</span><span> avoiding the eyes</span>
</li>
<li data-sourcepos=""16:1-16:29""><span>Rinse thoroughly with water</span></li>
<li data-sourcepos=""17:1-18:0""><span>Use in the morning and night for best results</span></li>
</ul>
<div>
<p data-sourcepos=""9:1-9:15""><strong>Ingredients</strong></p>
<p data-sourcepos=""11:1-11:258"">Deionized Water,<span> </span>Disodium EDTA,<span> </span>Glycerin,<span> </span>Propylene Glycol,<span> </span>Cross-Linked Acrylate Copolymer,<span> </span>Cocamidopropyl Betaine,<span> </span>Decyl Glucoside,<span> </span>Polyquaternium-7,<span> </span>Stearic Acid,<span> </span>Lauric Acid,<span> </span>Myristic Acid,<span> </span>Palmitic Acid,<span> </span>Ethylene Glycol Distearate,<span> </span>Licorice Root Extract,<span> </span>Sodium Hyaluronate (As Contained Hyaluronic Acid),<span> </span>Sodium Lactate,<span> </span>Galactoarabinan,<span> </span>Piroctone Olamine,<span> </span>Wheat Germ Oil (As Contained Natural Vitamin E),<span> </span>Potassium Hydroxide,<span> </span>Phenoxyethanol,<span> </span>Fragrance.</p>
</div>
<!---->",Dermlax Shop,Health & Beauty > Personal Care > Cosmetics > Skin Care > Facial Cleansers,"","",true,Title,Default Title,,,,,,,,"",0.0,shopify,2,deny,manual,820.00,,true,true,"",https://cdn.shopify.com/s/files/1/0861/7810/3594/files/12345_c85fcb4c-06c2-4adf-afce-afc5bb2db132.jpg?v=1721458164,1,"",false,,,2526,,,,,,,,,,,,,,,,,,,,,,,squeeze-tube,,cream,cleansing; nourishing; revitalizing,,,all-skin-types,,kg,,438.00,active
xelio-neutral-body-wash,Xelio Neutral Body Wash,"<p data-sourcepos=""3:1-3:58""><strong>Neutral body wash (pH 5.5)</strong></p>
<ul data-sourcepos=""7:1-11:16"">
<li data-sourcepos=""7:1-7:32"">Recommended for sensitive skin</li>
<li data-sourcepos=""8:1-8:30"">Deeply cleanses and hydrates</li>
<li data-sourcepos=""9:1-9:28"">Nourishes and softens skin</li>
<li data-sourcepos=""10:1-10:41"">Mild fragrance leaves you feeling fresh</li>
<li data-sourcepos=""11:1-11:16"">Hypoallergenic,<span> </span>gentle on skin</li>
</ul>
<p data-sourcepos=""13:1-13:22""><strong>Directions for use</strong></p>
<ul data-sourcepos=""15:1-20:0"">
<li data-sourcepos=""15:1-15:74"">Squeeze a generous amount into your palms,<span> </span>or onto a loofah or washcloth</li>
<li data-sourcepos=""16:1-16:29"">Gently lather over wet skin</li>
<li data-sourcepos=""17:1-17:73"">Rinse thoroughly with clean water to remove all traces of the body wash</li>
<li data-sourcepos=""18:1-18:57"">Pat your skin dry gently or use a soft towel to dry off</li>
<li data-sourcepos=""19:1-20:0"">Suitable for daily use</li>
</ul>
<div>
<p data-sourcepos=""15:1-15:15""><strong>Ingredients</strong></p>
<p data-sourcepos=""17:1-19:36"">Aqua,<span> </span>Ethylenediaminetetraacetic Acid,<span> </span>Aloe Barbadensis Leaf Juice Extract,<span> </span>Carbomer,<span> </span>Hyaluronic Acid,<span> </span>Sodium Lauryl Ether Sulfate,<span> </span>Sodium Cocoyl Isethionate,<span> </span>Cocamidopropyl Betaine,<span> </span>Cocamide DEA,<span> </span>Coco Glucoside,<span> </span>Dexpanthenol,<span> </span>Glycerin,<span> </span>Tocopheryl Acetate,<span> </span>Caprylic/Capric Triglyceride,<span> </span>Helianthus Annuus Seed Oil,<span> </span>Rosa Canina Fruit Oil,<span> </span>DMDM Hydantoin,<span> </span>Sodium Benzoate,<span> </span>Phenoxyethanol,<span> </span>Lactic Acid,<span> </span>Triethanolamine</p>
</div>
<!---->",Dermlax Shop,Health & Beauty > Personal Care > Cosmetics > Bath & Body > Body Wash,"","",true,Title,Default Title,,,,,,,,"",0.0,shopify,1,deny,manual,970.00,,true,true,"",https://cdn.shopify.com/s/files/1/0861/7810/3594/files/1234.jpg?v=1721457916,1,"",false,,,2747,,,,,,,,,,,,,,,,,,,,,,,plastic-bottle,,liquid,,,,dry; sensitive,,kg,,594.00,active
velucio-foam-based-hair-spray,Velucio Foam Based Hair Spray,"<p> </p>
<p data-sourcepos=""3:1-3:108""><strong>Experience the revival of your hair's true potential with Velucio, fortified with the power of AnaGain™.</strong></p>
<p data-sourcepos=""5:1-5:104""><strong>Our precision-crafted formula is dedicated to thwarting hair loss and fosters exquisite hair growth.</strong></p>
<p data-sourcepos=""7:1-7:30""><strong>Velucio hair support spray</strong></p>
<ul data-sourcepos=""9:1-13:0"">
<li data-sourcepos=""9:1-9:24"">Stimulates hair growth</li>
<li data-sourcepos=""10:1-10:35"">Novel approach to fight hair loss</li>
<li data-sourcepos=""11:1-11:37"">Strengthens and nourishes follicles</li>
<li data-sourcepos=""12:1-13:0"">Adds shine and softness</li>
</ul>
<p data-sourcepos=""14:1-14:22""><strong>Directions for use</strong></p>
<ul data-sourcepos=""16:1-19:0"">
<li data-sourcepos=""16:1-16:23"">Shake well before use</li>
<li data-sourcepos=""17:1-17:160"">Dispense 4-6 pumps onto the scalp,<span> </span>hair length,<span> </span>and thickness,<span> </span>then gently massage it into damp or dry hair,<span> </span>with special attention to the tips.<span> </span>Do not rinse.</li>
<li data-sourcepos=""18:1-19:0"">Use 1-2 times a day or use it as advised by your dermatologist
<div class=""container"" _ngcontent-ng-c1254954195="""">
<button data-test-id=""tunable-modify-selection-button"" aria-label=""Modify selected text"" class=""mat-mdc-tooltip-trigger selection-menu-button open-button mdc-fab mat-mdc-fab-base mdc-fab--mini mat-mdc-mini-fab mat-primary mat-mdc-button-base gmat-mdc-button gmat-mdc-fab-outline ng-star-inserted"" _ngcontent-ng-c1254954195="""" mat-mini-fab="""" mattooltip=""Modify selected text"" mat-ripple-loader-class-name=""mat-mdc-button-ripple"" jslog='198403;track:generic_click,impression;BardVeMetadataKey:[[""r_fd348add1b59b694"",""c_1067e83636bd52c0"",null,""rc_037c823982814ce6"",null,null,""en"",null,1,null,null,1,0]];mutable:true'><span class=""mat-mdc-button-persistent-ripple mdc-fab__ripple""></span><span class=""mdc-button__label""></span><span class=""mat-mdc-focus-indicator""></span><span class=""mat-mdc-button-touch-target""></span><span class=""mat-ripple mat-mdc-button-ripple""></span></button><br>
</div>
</li>
</ul>
<div>
<p data-sourcepos=""10:1-10:11""><b>Ingredients</b></p>
<p data-sourcepos=""12:1-23:25"">Deionized Water, Disodium EDTA, Glycerin, Propylene Glycol, Butylatene Glycol, Dexiran, Acetyl Tetrapeptide-3, AnaGain™ (Pisum Sativum Sprout Extract), Trifolium Pratense Flower Extract,<span> </span><span class=""citation-0"">Foeniculum Vulgare (Fennel)<span> </span></span><span class=""citation-0 citation-1 citation-end-0"">Fruit Extract, Humulus Lupulus (Hops) Extract, Melissa Officinalis Leaf Extract, Viscum Album (Mistletoe) Leaf Extract, Chamomilla</span><span class=""citation-1 citation-end-1""><span> </span>Recutita (Matricaria) Flower Extract, Achillea Millefolium Extract,</span><span> </span>Sodium Benzoate, Phenoxyethanol.</p>
<p data-sourcepos=""25:1-25:7""><b>Caution</b></p>
<p data-sourcepos=""27:1-29:4"">Conduct a patch test for potential allergic reactions prior to regular use.</p>
</div>
<!---->",Dermlax Shop,Health & Beauty > Personal Care > Hair Care,"","",true,Title,Default Title,,,,,,,,"",0.0,shopify,8,deny,manual,1360.00,,true,true,"",https://cdn.shopify.com/s/files/1/0861/7810/3594/files/123.jpg?v=1721457738,1,"",false,,,486,,,,,,,,,,,,'1,,,,,,,,,,,,,,,,,,,kg,,832.00,active
silicio-ceramide-moisturizer,Silcio Ceramide Moisturizer,"<p data-sourcepos=""3:1-3:68""><strong>Description:</strong></p>
<p data-sourcepos=""3:1-3:68"">Crafted with utmost care and precision, Silcio is more than just a moisturizer. Science meets beauty to create a transformative experience that you deserve. Your skin, reborn &amp; protected; your confidence, restored.</p>
<p data-sourcepos=""5:1-5:29""><strong>Daily moisturizing lotion</strong></p>
<ul data-sourcepos=""7:1-11:0"">
<li data-sourcepos=""7:1-7:32"">Recommended for sensitive skin</li>
<li data-sourcepos=""8:1-8:38"">Visibly targets dry &amp; rough skin</li>
<li data-sourcepos=""9:1-9:25"">Promotes skin hydration</li>
<li data-sourcepos=""10:1-11:0"">Hypoallergenic,<span> </span>gentle on skin</li>
</ul>
<p data-sourcepos=""12:1-12:20""><strong>Directions for use</strong></p>
<ul data-sourcepos=""14:1-16:7"">
<li data-sourcepos=""14:1-14:65"">Apply a small amount of moisturizer on your clean and damp face</li>
<li data-sourcepos=""15:1-15:65"">Gently massage your face for a few minutes until it is absorbed</li>
<li data-sourcepos=""16:1-16:7"">Apply twice daily on dry skin</li>
</ul>
<p data-sourcepos=""18:1-18:25"">FOR EXTERNAL USE ONLY</p>
<div class=""presented-response-container ng-tns-c743845098-91"" _ngcontent-ng-c743845098="""">
<div class=""response-container-content ng-tns-c743845098-91 tunable-selection-with-avatar"" selection="""" _ngcontent-ng-c743845098="""">
<div class=""response-content ng-tns-c743845098-91"" _ngcontent-ng-c3699193215="""">
<div dir=""ltr"" class=""markdown markdown-main-panel"" _ngcontent-ng-c566760127="""">
<p data-sourcepos=""3:1-3:16""><strong>Instructions</strong></p>
<p data-sourcepos=""5:1-6:30"">Store below 30°C.<span> </span>Keep out of reach of children.</p>
<p data-sourcepos=""8:1-8:15""><strong>Ingredients</strong></p>
<p data-sourcepos=""10:1-10:305"">Water,<span> </span>capric / caprylic triglyceride,<span> </span>propylene glycol,<span> </span>glycerin,<span> </span>olive squalane,<span> </span>almond oil,<span> </span>isopropyl myristate,<span> </span>cetearyl alcohol (and) Dicetyl phosphate (and) ceteth-10 phosphate,<span> </span>glyceryl stearate (and) PEG-100 stearate,<span> </span>Shea butter,<span> </span>xanthan gum,<span> </span>ceramide NP,<span> </span>hydroxyethyl cellulose,<span> </span>DMDM Hydantoin.</p>
</div>
</div>
</div>
</div>
<!---->",Dermlax Shop,Health & Beauty > Personal Care > Cosmetics > Skin Care > Lotions & Moisturizers,"","",true,Title,Default Title,,,,,,,,"",0.0,shopify,5,deny,manual,1676.00,,true,true,"",https://cdn.shopify.com/s/files/1/0861/7810/3594/files/111.jpg?v=1721457551,1,"",false,,,2592,,,,,,,,,,,,'1,,,,,,,,,,,,,,,,,,,kg,,1100.00,active
cinn-hair-serum,CINN Hair Serum,"<p data-sourcepos=""3:1-3:19""><b>Description:</b><strong></strong></p>
<p data-sourcepos=""7:1-8:120"">Massage for about 10 to 15 minutes after serum applying your hair.Try not to wash out the serum right away. Find a time of day that enables you to keep the serum as long as possible.</p>
<p data-sourcepos=""10:1-10:46""><strong>Warning:</strong><span> </span>Keep out of the reach of children.<span> </span>Avoid head,<span> </span>Light and Moisture.<span> </span>Stable at room temperature.</p>
<p data-sourcepos=""7:1-7:119""><strong>Contains:</strong><span> </span>Sweet almond,<span> </span>Argan Oil,<span> </span>Jojoba Oil,<span> </span>Tocotrienol,<span> </span>Lavender,<span> </span>Olive Oil,<span> </span>Blue Agave,<span> </span>Nourishing Coconut Oil</p>
<p data-sourcepos=""9:1-11:115""><strong>Directions:</strong><span> </span>Cinn Hair Serum apply alternate day.<span> </span>Apply to dry hair before bedtime.<span> </span>Avoid using too much serum.<span> </span>Start applying some to each part of the head and then massage.<span> </span>Put only your fingertips in the serum.<span> </span>Gently massage with finger on scalp by putting your hands through the hair.</p>
<!---->",Dermlax Shop,Health & Beauty > Personal Care > Hair Care,"","",true,Title,Default Title,,,,,,,,"",0.0,shopify,6,deny,manual,4000.00,,true,true,"",https://cdn.shopify.com/s/files/1/0861/7810/3594/files/4000.png?v=1746804640,1,"",false,,,486,,,,,,,,,,,,,,,,,,,,,,,,,,,,,,,kg,,2520.00,active
purest-radiance-eye-contour-serum,Purest Radiance Eye Contour Serum,"<p><b>DESCRIPTION:</b></p>
<p> <strong>Radiance Eye Contour Serum:</strong></p>
<p data-sourcepos=""5:1-5:184""><strong>EN:</strong> </p>
<p data-sourcepos=""5:1-5:184"">It targets to reduce the appearance of dark circles and eye-bags. Helps the under-eye area to look radiant, bright and rested. It prevents formation of ageing signs around eye.</p>
<p data-sourcepos=""7:1-7:129""><strong>Directions:</strong> </p>
<p data-sourcepos=""7:1-7:129"">Apply couple drops onto the eye contour in AM and PM routine after cleansing. No need to rinse after application.</p>
<p data-sourcepos=""9:1-9:494""><strong>Caution:</strong></p>
<p data-sourcepos=""9:1-9:494""><span class=""citation-0 citation-end-0"">For external use only. Before use, apply the product to a small part of your skin to prevent possible unwanted side effects and irritation,</span><span> </span>if the sensitivity does not occur, continue using the product for eye contour. In case of irritation, stop using the product and please contact your dermatologist. Avoid direct contact with eyes, in case of contact, wash it with good amount of water. Keep it in safe place out of children reach. Recommended to store in fridge.   </p>
<div class=""container"">
<div class=""carousel-container ng-star-inserted"">
<div class=""carousel-content"">
<div class=""sources-carousel-source hide ng-star-inserted"" data-test-id=""sources-carousel-source"">
<div class=""source-card-container"">
<strong></strong><br>
</div>
</div>
</div>
</div>
</div>
<p data-sourcepos=""11:1-11:511""><strong>Ingredients:</strong></p>
<p data-sourcepos=""11:1-11:511""><span class=""citation-4 citation-end-4"">Aqua, Phenethyl Alcohol, Pentylene Glycol, Hydroxyethylcellulose, Propylene Glycol, Caffeine, 3-O-Ethyl Ascorbic Acid, 1,2-Hexanediol, Sorbitol, Glycerin, Sodium Acetate, Sodium PCA, Asparagopsis Armata Extract, Isopropyl Alcohol, Triethanolamine, Cellulose, Erythritol, Ascophyllum Nodosum Extract, Rosa Damascena Extract, Carrageenan, Sodium Acetylated Hyaluronate, Sodium Hyaluronate, Xanthan Gum, Sodium Hyaluronate Crosspolymer, Hydrolyzed Sodium Hyaluronate, Ethylhexylglycerin</span>   </p>
<!---->",Dermlax Shop,Health & Beauty > Personal Care > Cosmetics > Makeup > Eye Makeup > Eye Shadows,"","",true,Title,Default Title,,,,,,,,"",0.0,shopify,2,deny,manual,4600.00,,true,true,"",https://cdn.shopify.com/s/files/1/0861/7810/3594/files/IMG_9626.jpg?v=1746631466,1,"",false,,,2904,,,,,,,,,,,,,,gray,,radiant,,,,,,,,,serum,,,,,,kg,,2912.00,active
purest-radiance-eye-contour-serum,,,,,,,,,,,,,,,,,,,,,,,,,,,,https://cdn.shopify.com/s/files/1/0861/7810/3594/files/IMG_9627.jpg?v=1746631448,2,"",,,,,,,,,,,,,,,,,,,,,,,,,,,,,,,,,,,,,,
purest-peptide-complex-serum,Purest Peptide Complex Serum,"<p data-sourcepos=""3:1-3:19""><strong>Peptide Complex</strong></p>
<p data-sourcepos=""5:1-5:144""><strong>EN:</strong><span> </span>It supports the skin’s defense against the signs of aging. It targets to reduce fine lines and prevents the appearance of deep wrinkles.</p>
<p data-sourcepos=""7:1-7:123""><strong>Directions:</strong> </p>
<p data-sourcepos=""7:1-7:123"">Apply couple drops to entire face in AM and PM routine after cleansing. No need to rinse after application.</p>
<p data-sourcepos=""9:1-9:464""><strong>Caution:</strong> </p>
<p data-sourcepos=""9:1-9:464""><span class=""citation-0 citation-end-0"">For external use only. Before use apply the product to a small part of your skin to prevent possible unwanted side effects and irritation,</span>if the sensitivity does not occur continue using the product. In case of irritation: stop using the product and please contact your dermatologist. Avoid direct contact with eyes, in case of contact, wash it with good amount of water. Keep it in room temperature and safe place out of children reach.   </p>
<div class=""container"">
<div class=""carousel-container ng-star-inserted"">
<div class=""carousel-content"">
<div data-test-id=""sources-carousel-source"" class=""sources-carousel-source hide ng-star-inserted"">
<div class=""source-card-container"">
<div class=""source-card-content"">
<strong>Ingredients:</strong> </div>
<div class=""source-card-content""><span class=""citation-1 citation-end-1""><br></span></div>
<div class=""source-card-content"">
<span class=""citation-1 citation-end-1"">Aqua, Phenethyl Alcohol, Propylene Glycol, Cetearyl Isononanoate, Sodium Polyacrylate, Propanediol, 1,2-Hexanediol, Cetearyl Alcohol, Ceteareth-20, Glycerin, Hydrogenated Polydecene, Glyceryl Stearate, Trideceth-6, Acmella Oleracea Extract, Ceteareth-12, Cetyl Palmitate, Sodium PCA, Pentylene Glycol, Erythritol, Ethylhexylglycerin, Caprylyl Glycol, Carrageenan, Sodium Acetylated Hyaluronate, Sodium Hyaluronate, Xanthan Gum, Sodium Hyaluronate Crosspolymer, Acetyl Hexapeptide-8, Hydrolyzed Sodium Hyaluronate</span>   </div>
</div>
</div>
</div>
</div>
</div>
<!---->",Dermlax Shop,Health & Beauty > Personal Care > Cosmetics > Skin Care,"","",true,Title,Default Title,,,,,,,,"",0.0,shopify,1,deny,manual,4600.00,,true,true,"",https://cdn.shopify.com/s/files/1/0861/7810/3594/files/IMG_9625.jpg?v=1746631513,1,"",false,,,567,,,,,,,,,,,,,,,,,,,,,,,,,,,,,,,kg,,2898.00,active
purest-brightening-serum,Purest Alpha Arbutin Brightening Serum,"<p><b><span style=""font-size: large;"">Purest Alpha Arbutin Brightening Serum:</span></b></p>
<p data-sourcepos=""3:1-3:78""><b>EN-</b>It helps to eliminate the skin tone disorders and supports to obtain a more vibrant skin appearance with regular use and bright</p>
<p data-sourcepos=""5:1-5:122""><strong>Directions:</strong>  </p>
<p data-sourcepos=""5:1-5:122"">Apply three drops to entire face in AM and PM routine after cleansing.<span> </span>No need to rinse after application.</p>
<p data-sourcepos=""7:1-7:2""><strong>Caution:</strong></p>
<p data-sourcepos=""7:1-7:2"">For external use only.<span> </span>Due to structure of arbutin ingredient,<span> </span>your skin can become sensitive to sun.<span> </span>Do not neglect to use sunscreen from the moment you start using the product.<span> </span>Before use,<span> </span>apply the product to e small part part of your skin to prevent possible unwanted side effects and irritation,<span> </span>the sensitivity does not occur,<span> </span>continue using the product,<span> </span>In case of irritation,<span> </span>stop using the product and please contact your dermatologist.<span> </span>Avoid direct contact with eyes,<span> </span>in case of contact,<span> </span>wash it with good amount of water.<span> </span>Keep it in room temperature and safe place out of children reach.<span> </span>Not recommended to apply for irritated skin.</p>
<div class=""container"">
<div class=""carousel-container ng-star-inserted"">
<div class=""carousel-content"">
<div data-test-id=""sources-carousel-source"" class=""sources-carousel-source hide ng-star-inserted"">
<div class=""source-card-container"">
<div class=""source-card-content"">
<strong>Ingredients:</strong> </div>
<div class=""source-card-content""><br></div>
<div class=""source-card-content"">
<span class=""citation-1 citation-end-1"">Aqua, Alpha-Arbutin, Phenethyl Alcohol, Hydroxyethylcellulose, Propylene Glycol, Aloe Barbadensis Leaf Juice Powder, Triethanolamine, 1,2-Hexanediol, Citric Acid, Glycerin, Sodium Acetate, Citrus Grandis (Grapefruit) Peel Water, Sodium PCA, Isopropyl Alcohol, Pentylene Glycol, Cellulose, Erythritol, Carrageenan, Sodium Acetylated Hyaluronate, Sodium Hyaluronate, Xanthan Gum, Sodium Hyaluronate Crosspolymer, Ethylhexylglycerin, Hydrolyzed Sodium Hyaluronate, Phenoxyethanol</span>   </div>
</div>
</div>
</div>
</div>
</div>
<!---->",Dermlax Shop,Health & Beauty > Personal Care > Cosmetics > Skin Care,"","",true,Title,Default Title,,,,,,,,"",0.0,shopify,6,deny,manual,4600.00,,true,true,"",https://cdn.shopify.com/s/files/1/0861/7810/3594/files/IMG_1040.jpg?v=1750275360,1,"",false,,,567,,,,,,,,,,,,'1,,,,,,,,,,,,,serum,brightening,,,all-skin-types,,kg,,2898.00,active
purest-rejuvenating-retinol-serum,Purest Rejuvenating Retinol Serum,"<p data-sourcepos=""3:1-3:30""><b><meta charset=""utf-8"">
<strong>Rejuvenating Retinol Serum</strong><br><br>Directions: </b></p>
<div class=""source-card-content"">You can apply 1-2 drops of Rejuvenating Retinol Serum to your skin in your night routines. Do not neglect to use sunscreen during the day</div>
<div></div>
<div class=""source-card-content"">
<b><br>EN-</b>Retinol and Ceramide provide a combined solution to help improve skin's epidermal layer protection. They boost skin rejuvenation, target skin inequalities and prevent loss of elasticity. Thanks to the different collagens it contains, it helps to prevent the formation of wrinkles on the skin and to remove existing wrinkles.</div>
<div class=""source-card-content""><br></div>
<div class=""container"">
<div class=""carousel-container ng-star-inserted"">
<div class=""carousel-content"">
<div class=""sources-carousel-source hide ng-star-inserted"" data-test-id=""sources-carousel-source"">
<div class=""source-card-container""></div>
</div>
</div>
</div>
</div>
<div class=""source-card-content""><b>Ingredient:</b></div>
<div class=""source-card-content""><br></div>
<div class=""source-card-content""> Aqua, Glycerin,Cyclopentasiloxane, Dimethicone/Vinyl Dimethicone Crosspolymer, Behenyl Alcohol, Glyceryl Stearate, Lecithin, Glycine Soja (Soybean) Sterols, Retinol, Acetyl Hexapeptide-8, Dimethicone, Acmella Oleracea Extract, Butyrospermum Parkii (Shea) Butter, Sodium Hyaluronate Crosspolymer, Sodium Hyaluronate, Sodium Acetylatede Hyaluronate, Hydrolyzed Sodium Hyaluronate, Ethyl Ascorbic Acid, Saccharide Isomerate, Sodium PCA, Ceramide 3, Niacinamide, Phenethyl Alcohol,1,2-Hexanedio,, Sodium Acrylates Copolymer, Tocopheryl Acetate, Camellia Sinensis Leaf Extract, Xanthan Gum, PEG-7 Glyceryl Cocoate, Sodium Citrate.</div>
<div class=""source-card-content"">
<div class=""source-card-content""><br></div>
<div class=""source-card-content""><b>Warnings: </b></div>
<div class=""source-card-content""><br></div>
<div class=""source-card-content"">It is for external use only. In order to prevent possible unwanted side effects and irritation, before use, apply the product to a small part of your skin, if sensitivity does not occur, continue using the product. In case of sensitivity, stop using the product and consult your dermatologist. Store at room temperature. Please use sunscreen during the product application period. Do not contact your eyes. In case of contact, rinse with plenty of water. Those who are pregnant or considering pregnancy should not use it.</div>
<div class=""source-card-content""><br></div>
</div>
<!---->",Dermlax Shop,Health & Beauty > Personal Care > Cosmetics > Skin Care,"","",true,Title,Default Title,,,,,,,,"",0.0,shopify,4,deny,manual,4250.00,,true,true,"",https://cdn.shopify.com/s/files/1/0861/7810/3594/files/IMG_1042.jpg?v=1750275161,1,"",false,,,567,,,,,,,,,,,,,,,,,,,,,,,,,,,,,,,kg,,,active
purest-intensive-pore-tightening-lightening-serum,Purest Intensive Pore Tightening & Lightening Serum,"<p data-sourcepos=""3:1-3:52""><strong>Intensive Pore Tightening &amp; Lightening Serum</strong></p>
<p data-sourcepos=""5:1-5:198""><span class=""citation-0 citation-end-0"">It helps to reduce the enlarged pore appearance, balances skin tone inequalities and smoothes skin texture formation. It strengthens the skin barrier and helps skin gain a vibrant look.</span><span class=""button-container ng-star-inserted""><span> </span> </span></p>
<div class=""container"">
<div class=""carousel-container ng-star-inserted"">
<div class=""carousel-content"">
<div data-test-id=""sources-carousel-source"" class=""sources-carousel-source hide ng-star-inserted"">
<div class=""source-card-container"">
<div class=""source-card-content""><strong>Directions:</strong></div>
<div class=""source-card-content""> </div>
</div>
</div>
</div>
</div>
</div>
<p data-sourcepos=""7:1-7:110"">Apply to entire face in AM and PM routine after cleansing. No need to rinse after application.</p>
<p data-sourcepos=""9:1-9:467""><strong>Caution:</strong> </p>
<p data-sourcepos=""9:1-9:467""><span class=""citation-1 citation-end-1"">For external use only. Before use, apply the product to a small part of your skin to prevent possible unwanted side effects and irritation,</span><span> </span>if the sensitivity does not occur, continue using the product. In case of irritation, stop using the product and please contact your dermatologist. Avoid direct contact with eyes, in case of contact, wash it with good amount of water. Keep it in room temperature and safe place out of children reach.   <strong></strong></p>
<p data-sourcepos=""11:1-11:498""><strong>Ingredients:</strong> </p>
<p data-sourcepos=""11:1-11:498""><span class=""citation-1"">Aqua, Niacinamide, Glycerin, Phenethyl Alcohol, Zinc PCA, Hydroxyethylcellulose, 1,2-Hexanediol, Salix Purpurea<span> </span></span><span class=""citation-1 citation-2 citation-end-1"">Bark Extract, Butylene Glycol, Triethanolamine, Sodium Acetate, Sodium PCA, Isopropyl Alcohol, Pentylene Glycol, Cellulose,</span><span class=""citation-2 citation-end-2""><span> </span>Erythritol, Lactic Acid, Carrageenan, Phellodendron Amurense Bark Extract, Sodium Acetylated Hyaluronate, Xanthan Gum, Sodium Hyaluronate, Sodium Hyaluronate Crosspolymer, Hydrolyzed Sodium Hyaluronate, Ethylhexylglycerin</span>   </p>
<!---->",Dermlax Shop,Health & Beauty > Personal Care > Cosmetics > Skin Care,"","",true,Title,Default Title,,,,,,,,"",0.0,shopify,5,deny,manual,4600.00,,true,true,"",https://cdn.shopify.com/s/files/1/0861/7810/3594/files/IMG_1041.jpg?v=1750275268,1,"",false,,,567,,,,,,,,,,,,,,,,,,,,,,,,,serum,pore-refining; brightening; purifying,,,all-skin-types,,kg,,,active
purest-brightening-lightening-vitamin-c-serum,Purest Brightening & Lightening Vitamin-C Serum,"<p data-sourcepos=""3:1-3:32""><meta charset=""utf-8""><strong>Brightening &amp; Lightening </strong><strong>Vitamin C Serum</strong></p>
<p data-sourcepos=""7:1-7:131""><b>Directions: </b></p>
<p data-sourcepos=""7:1-7:131"">You can apply it in both day and night routines. Apply 1-2 drops of product to your face as a thin layer. It is suggested to use sunscreen daily during the application term of the serum.</p>
<p data-sourcepos=""23:1-23:520""><strong>Ingredients:</strong> </p>
<p data-sourcepos=""23:1-23:520""><span class=""citation-3 citation-end-3"">Aqua, Ascorbic Acid, Glycerin, Hydroxyethylcellulose, Sodium Hyaluronate Crosspolymer, Sodium Hyaluronate, Sodium Acetylated Hyaluronate, Hydrolyzed Sodium Hyaluronate, Sodium PCA, Erythritol, Chondrus Crispus, Xanthan Gum, Ferulic Acid,</span><span> </span>Se, Purpureo Bark Extract, Carminers Leaf Extract, Alpho-Glucan Oligosaccharide, Phenethyl Alcohol, 1,2-Hexanediol, Glygeniosbro Root Extract, Parfum, Limonene, Linalool, Benzyl Salicylate, Butylphenyl Methylpropional, Alpho-somethyl Ionone   </p>
<p data-sourcepos=""7:1-7:131""><b>EN-</b>Vitamin C is one of the important antioxidants that is necessary for the skin. This product is formulated with enriched ingredients, 20% Ascorbic acid, 0.5% Ferulic Acid and Prebiotics. It targets nourishing the skin while renewing it. It helps to revitalize, brighten the skin and reduce fine lines</p>
<p data-sourcepos=""7:1-7:131""><b>Warnings:</b></p>
<p data-sourcepos=""7:1-7:131""> It is for external use only. In order to prevent possible unwanted side effects and irritation, before use, apply the product to a small part of your skin, if sensitivity does not occur, continue using the product. In case of sensitivity, stop using the product and consult your dermatologist. Store at room temperature. Please use sunscreen during the product application period. Do not contact your eyes. In case of contact, rinse with plenty of water.</p>
<p data-sourcepos=""7:1-7:131""> </p>
<!---->",Dermlax Shop,Health & Beauty > Personal Care > Cosmetics > Skin Care > Lotions & Moisturizers,"","",true,Title,Default Title,,,,,,,,"",0.0,shopify,5,deny,manual,4600.00,,true,true,"",https://cdn.shopify.com/s/files/1/0861/7810/3594/files/IMG_1043.jpg?v=1750275100,1,"",false,,,2592,,,,,,,,,,,,,,,vitamin-c,,brightening; moisturizing,,,,,,pump-bottle,,serum,,,,all-skin-types,,kg,,,active
motate-ha-intensifier-serum,Motate HA Serum,"<p> </p>
<p data-sourcepos=""3:1-3:15""><strong>DESCRIPTION</strong></p>
<p data-sourcepos=""5:1-5:477"">Motate HA Intensifier Serum<span> </span><span class=""citation-0 citation-end-0"">is a multi-beneficial corrective serum proven to amplify skin's hyaluronic acid levels. This unique formulation contains a high concentration of pure hyaluronic acid, proxylane™, and botanical extracts of licorice root and</span><span> </span>purple-ice<span> </span><span class=""citation-1 citation-end-1"">to support skin's hyaluronic acid levels and deliver surface hydration, helping improve the visible appearance of firmness, smoothness, and facial plumpness.</span><span> </span>Can also be applied to the lip.<span class=""button-container ng-star-inserted"" _ngcontent-ng-c2016813655=""""><span> </span> </span></p>
<div class=""container"" jslog=""220997;BardVeMetadataKey:[null,null,null,null,null,null,null,null,null,null,null,null,null,null,null,[1,null,1]]"" _ngcontent-ng-c963642693="""">
<div class=""carousel-container"" _ngcontent-ng-c963642693="""">
<div class=""carousel-content"" _ngcontent-ng-c963642693="""">
<div class=""sources-carousel-source hide ng-star-inserted"" data-test-id=""sources-carousel-source"" _ngcontent-ng-c963642693="""">
<div class=""source-card-container"" _ngcontent-ng-c265615122="""">
<div class=""source-card-content"" _ngcontent-ng-c265615122="""">This hyaluronic acid serum may be used as part of a home skincare regimen after dermal fillers; always consult with aphysician<span> </span><span class=""citation-2"">for individual at-home advice.</span>
</div>
<div class=""source-card-content"" _ngcontent-ng-c265615122=""""><span class=""citation-2""></span></div>
</div>
</div>
</div>
</div>
</div>
<p data-sourcepos=""9:1-9:13""><strong>BENEFITS:</strong></p>
<p data-sourcepos=""11:1-11:465""><span class=""citation-2""></span><span class=""citation-2 citation-3 citation-end-2"">Amplifies skin's hyaluronic acid levels by 30% Reduces the look of crow's feet, nasolabial folds (Parentheses</span></p>
<p><span class=""citation-3 citation-end-3"">around the mouth or laugh lines), and marionette lines (lines from the corners of the mouth down to chin) for smoother,</span><span> </span>firmer skinDelivers<span> </span><span class=""citation-4 citation-end-4"">long lasting hydration to visibly improve skin's texture Unique serum-gel texture format creates a smooth canvas on skin Paraben-and</span><span> </span>physician for individual regimen recommendations.   </p>
<p data-sourcepos=""3:1-3:17""><strong>SUITABLE FOR:</strong></p>
<p data-sourcepos=""5:1-5:15"">All Skin Types.</p>
<p data-sourcepos=""7:1-7:22""><strong>DIRECTION FOR USE:</strong></p>
<p data-sourcepos=""9:1-17:35""><span class=""citation-0 citation-end-0"">Once Or twice daily, apply 4-6 drops to the palm of the hand and dab onto forehead, cheeks, chin and neck. Blend the product into skin. If using in the morning, apply after a</span><span> </span>MOTATE vitamin C antioxidant serum and before a PURE UV sunscreen. If using with a retinol at night, apply after retinol application Motate vitamin A serum.<span class=""button-container ng-star-inserted"" _ngcontent-ng-c2016813655="""">  </span> </p>
<p data-sourcepos=""19:1-19:20""><strong>KEY INGREDIENTS:</strong></p>
<p data-sourcepos=""19:1-19:20""> HYALURONIC ACID </p>
<p data-sourcepos=""19:1-19:20""> PROXYLANE</p>
<p data-sourcepos=""19:1-19:20""> BOTANICAL EXTRACT</p>
<p data-sourcepos=""18:1-18:21""><b>COMPLETE INGREDIENTS:</b></p>
<p data-sourcepos=""20:1-22:34""><span class=""citation-0"">AQUA/WATER CYCLOHEXASILOXANE. GLYCERIN ALCOHOL DENAT. - HYDROXYPROPYL TETRAHYDROPYRANTRIOL</span></p>
<p data-sourcepos=""24:1-27:24""><span class=""citation-0""></span><span class=""citation-0 citation-1"">PROPYLENE GLYCOL. DIPOTASSIUM GLYCYRRHIZATE- POLYSILICONE-11- POLYMETHYLSILSESQUIOXANE</span></p>
<p data-sourcepos=""29:1-30:26""><span class=""citation-0 citation-1 citation-end-0"">SODIUM HYALURONATE</span><span class=""citation-1""><span> </span>DIMETHICONE. TOCOPHEROL PHENOXYETHANOL</span></p>
<p data-sourcepos=""32:1-36:28""><span class=""citation-1"">CAPRYLOYL SALICYLIC ACID OCTYLDODECANOL BIS-PEG/PPG-16/16 PEG/PPG-16/16 DIMETHICONEPEG-</span><span class=""citation-1 citation-2 citation-end-1"">20</span><span class=""citation-2""><span> </span>METHYL GLUCOSE SESQUISTEARATE. AMMONIUM POLYACRYLOYLDIMETHYL TAURATE</span><span class=""button-container ng-star-inserted"" _ngcontent-ng-c2016813655=""""><span> </span> </span></p>
<div class=""container"" jslog=""220997;BardVeMetadataKey:[null,null,null,null,null,null,null,null,null,null,null,null,null,null,null,[1,null,1]]"" _ngcontent-ng-c963642693="""">
<div class=""carousel-container"" _ngcontent-ng-c963642693="""">
<div class=""carousel-content"" _ngcontent-ng-c963642693="""">
<div class=""sources-carousel-source hide ng-star-inserted"" data-test-id=""sources-carousel-source"" _ngcontent-ng-c963642693="""">
<div class=""source-card-container"" _ngcontent-ng-c265615122="""">
<div class=""source-card-content"" _ngcontent-ng-c265615122="""">
<span class=""citation-2"">CAPRYLYL<span> </span></span><span class=""citation-2 citation-3"">GLYCOL XANTHAN GUM DEXTRIN ORYZA SATIVA EXTRACT/ RICE EXTRACT DISODIUM EDTA CAPRYLIC/CAPRIC TRIGLYCERIDE</span>
</div>
</div>
</div>
</div>
</div>
</div>
<p data-sourcepos=""43:1-43:33""><span class=""citation-2 citation-3 citation-end-2"">SODIUM</span><span class=""citation-3""><span> </span>HYDROXIDE ADENOSINE</span><span class=""button-container ng-star-inserted"" _ngcontent-ng-c2016813655="""">  </span></p>
<p data-sourcepos=""43:1-43:33"">CITRUS NOBILIS PEEL OIL/MANDARIN ORANGE PEEL OIL. LIMONENE</p>
<p data-sourcepos=""47:1-53:16""><span class=""citation-3 citation-end-3""> T-BUTYL ALCOHOL CELLULOSE ACETATE BUTYRATE POLYPHOSPHORYL</span>                   CHOLINE  <span class=""citation-4 citation-end-4"">GLYCOL ACRYLATE POLYVINYL ALCOHOL SODIUM CHLORIDE. BUTYLENE     GLYCOL PENTAERYTHRITYL TETRA-DI-T- BUTYL HYDROXYHYDROCINNAMATE</span><span> </span>(FIL     D187316/1).   </p>
<p data-sourcepos=""27:1-27:32""><b>Motate HA Serum visible Results:</b></p>
<p data-sourcepos=""29:1-31:35"">In a 12-week clinical study, Motate H.A. Intensifier significantly improved the appearance of key aging indicators: </p>
<p data-sourcepos=""33:1-33:127""><span style=""font-family: arial;""><b><meta charset=""utf-8"">•  IMPROVEMENT IN PLUMPNESS 23% </b></span></p>
<p data-sourcepos=""33:1-33:127""><span style=""font-family: arial;""><b>•<span> </span><span>DECREASE IN SAGGINESS </span><span>09%</span></b></span></p>
<p data-sourcepos=""33:1-33:127""><span style=""font-family: arial;""><b>• <span>IMPROVEMENT IN FIRMNESS 11</span><span>%</span></b></span></p>
<p data-sourcepos=""33:1-33:127""><span style=""font-family: arial;""><b>• IMPROVEMENT IN ELASTICITY 13%</b></span></p>
<p data-sourcepos=""33:1-33:127""><span style=""font-family: arial;""><b>• IMPROVEMENT IN TEXTURE 18%</b></span></p>
<p data-sourcepos=""33:1-33:127""> </p>
<!---->",Dermlax Shop,Health & Beauty > Personal Care > Cosmetics > Skin Care > Lotions & Moisturizers,"","",false,Title,Default Title,,,,,,,,"",0.0,shopify,0,deny,manual,3390.00,,true,true,"",https://cdn.shopify.com/s/files/1/0861/7810/3594/files/9_b79e310f-1f2b-474c-932b-b69a0dbc4779.png?v=1720770870,1,"",false,,,2592,,,,,,,,,,,,,,,,,,,,,,,,,,,,,,,kg,,2017.00,draft
diverge-hair-serum,Diverge Hair Serum,"<p> </p>
<p data-sourcepos=""3:1-3:22""><b>WHAT MAKES IT SPECIAL:</b></p>
<p data-sourcepos=""5:1-12:4"">Diverge Hair Serum is<span> </span><span class=""citation-0 citation-end-0"">super potent, multi-functional hair growth serum containing 5 proven ingredients. Capixyl 5% + Redensyl 3% + Procapil 3% + Anagain 3% + Baicapil 4%. Starts to show reduction in hairfall</span><span> </span>by 8th week and new hair growth by 12th week<span class=""button-container ng-star-inserted"" _ngcontent-ng-c2016813655="""">.</span></p>
<p data-sourcepos=""14:1-24:25""><span class=""citation-1 citation-end-1"">A completely safe, yet powerful serum for both men &amp; women, that can be used everyday without any side-effects that are generally associated with other treatments.</span><span> </span>Infused<span> </span><span class=""citation-2 citation-end-2"">with Saw Palmetto Extract and Sanguisorba Officinalis (SO) Root Extract to further boost the performance of the serum All ingredients are sourced from leading suppliers.</span><span class=""button-container ng-star-inserted"" _ngcontent-ng-c2016813655="""">   </span></p>
<div class=""container"" _ngcontent-ng-c963642693="""" jslog=""220997;BardVeMetadataKey:[null,null,null,null,null,null,null,null,null,null,null,null,null,null,null,[2,null,1]]"">
<div class=""carousel-container"" _ngcontent-ng-c963642693="""">
<div class=""carousel-content"" _ngcontent-ng-c963642693="""">
<div data-test-id=""sources-carousel-source"" class=""sources-carousel-source hide ng-star-inserted"" _ngcontent-ng-c963642693="""">
<div class=""source-card-container"" _ngcontent-ng-c265615122=""""><br></div>
</div>
</div>
</div>
</div>
<p data-sourcepos=""26:1-26:27""><b>SUITABLE FOR ALL HAIR TYPES</b></p>
<p data-sourcepos=""28:1-28:21"">FOR EXTERNAL USE ONLY</p>
<p data-sourcepos=""3:1-3:19""><strong>ADVANCE FORMULA:</strong></p>
<p data-sourcepos=""5:1-11:17"">A very potent combination of clinically proven technologies in high concentration to address the common issue of hairfall &amp; hair thinning. No other product in market uses these actives in such high dosage.</p>
<p data-sourcepos=""13:1-14:11"">87% subjects agreed hairfall is reduced in 6 weeks.</p>
<p data-sourcepos=""16:1-17:22"">87% subjects agreed hair looked thicker after 8 weeks.</p>
<p data-sourcepos=""19:1-20:15"">97% subjects agreed scalp feels &amp; stays hydrated.</p>
<p data-sourcepos=""22:1-22:15""><strong>HOW TO USE:</strong></p>
<p data-sourcepos=""24:1-28:16"">Apply a few drops daily on clean, dry scalp massage thoroughly. Do not rinse &amp; leave it overnight With daily usage, expect reduction in hairfall in 8 to 8 weeks.</p>
<p data-sourcepos=""30:1-31:22"">When to use: PM. Use 2 to 3 times a week for best results.</p>
<p data-sourcepos=""33:1-33:26""><strong>ALL<span> </span><span class=""citation-0"">INGREDIENTS:</span></strong></p>
<p data-sourcepos=""35:1-37:37""><span class=""citation-0"">Aqua, Butylene Glycol, Dextran, Acetyl Tetrapeptide-3, Trifolium Pratense (Clover) Flower Extract, Propanediol,</span></p>
<p data-sourcepos=""39:1-41:33""><span class=""citation-0"">Arginine,<span> </span></span><span class=""citation-0 citation-1 citation-end-0"">Glycine Soja (Soybean)</span><span class=""citation-1""><span> </span>Germ Extract, Triticum Vulgare (Wheat) Germ Extract, Scutellaria</span><span class=""button-container ng-star-inserted"" _ngcontent-ng-c2016813655="""">  </span></p>
<p data-sourcepos=""43:1-46:33""><span class=""citation-1 citation-end-1"">Baicalensis Root Extract, Sodium Benzoate, Gluconolactone, Calcium Gluconate,</span><span> </span>Glycerin, PPG-26-Bu- teth-26, Hydrogencited Castor Oil<span class=""button-container ng-star-inserted"" _ngcontent-ng-c2016813655="""">  </span></p>
<p data-sourcepos=""48:1-49:39"">Apigenin, Oleanolic Acid, Biotinoy!<span> </span><span class=""citation-2"">Tripeptide-1, Pisum Sativum (Pea)</span></p>
<p data-sourcepos=""51:1-52:34""><span class=""citation-2"">Sprout Extract, Isomalt, Sodium Metabisulfite, Larix Europaea Wood</span></p>
<p data-sourcepos=""54:1-55:31""><span class=""citation-2"">Extract, Glycine, Zinc Chloride, Camellia Sinensis Leaf Extract,</span></p>
<p data-sourcepos=""57:1-58:33""><span class=""citation-2"">Xylitylglucoside, Anhydroxylitol, Xylitol Saccharide Isomerate, Sanguisorba</span></p>
<p data-sourcepos=""60:1-61:39""><span class=""citation-2"">Officinalis Root Extract, Serenoa Serrulata (Saw Palmetto) Fruit Extract,</span></p>
<p data-sourcepos=""63:1-65:27""><span class=""citation-2 citation-end-2"">Capryloyl Glycine, Phenoxyethanol, Ethylhexylglycerin, Citric Acid, Sodium Citrate, Lactic </span>Acid. </p>
<div class=""container"" _ngcontent-ng-c963642693="""" jslog=""220997;BardVeMetadataKey:[null,null,null,null,null,null,null,null,null,null,null,null,null,null,null,[1,null,1]]"">
<div class=""carousel-container"" _ngcontent-ng-c963642693="""">
<div class=""carousel-content"" _ngcontent-ng-c963642693="""">
<div data-test-id=""sources-carousel-source"" class=""sources-carousel-source hide ng-star-inserted"" _ngcontent-ng-c963642693="""">
<div class=""source-card-container"" _ngcontent-ng-c265615122="""">
<div class=""source-card-content"" _ngcontent-ng-c265615122=""""><br></div>
</div>
</div>
</div>
</div>
</div>
<!---->",Dermlax Shop,Health & Beauty > Personal Care > Hair Care,"","",false,Title,Default Title,,,,,,,,"",0.0,shopify,0,deny,manual,4450.00,,true,false,"",https://cdn.shopify.com/s/files/1/0861/7810/3594/files/8_7aa63083-b7a0-4099-88e7-685207e5e03e.png?v=1720770727,1,"",false,,,486,,,,,,,,,,,,,,,,,,,,,,,,,,,,,,,kg,,3782.00,draft
motate-sc-sebum-control-gel,Motate SC Gel,"<p> </p>
<p data-sourcepos=""5:1-5:15""><strong>DESCRIPTION</strong></p>
<p data-sourcepos=""7:1-7:229"">Motate SC (SEBUM CONTROL) Gel is specially designed for oily and combination skin type with its non-greasy formulation. Motate SC (SEBUM CONTROL)sun screen gel contains unique sebomicropore structures to reduce sebum on the skin.</p>
<p data-sourcepos=""9:1-9:91"">MOTATE SC Gel helps protect against skin darkening, pigmentation and premature skin ageing.</p>
<p data-sourcepos=""11:1-11:12""><strong>BENEFITS</strong></p>
<ul data-sourcepos=""13:1-32:0"">
<li data-sourcepos=""13:1-13:96"">
<p data-sourcepos=""13:3-13:96"">Prevents sunburn, protect<span> </span><span class=""citation-0"">against premature skin ageing, wrinkles and hyperpigmentation.</span> </p>
<span class=""citation-0""></span>
</li>
<li data-sourcepos=""14:1-14:67"">
<span class=""citation-0""></span>
<p data-sourcepos=""14:3-14:67""><span class=""citation-0"">Prevent skin darkening and helps reduce brown spots/pigmentation.</span></p>
<span class=""citation-0""></span>
</li>
<li data-sourcepos=""15:1-15:69"">
<span class=""citation-0""></span>
<p data-sourcepos=""15:3-15:69""><span class=""citation-0 citation-end-0"">Helps protect the Skin from the Sun's Harmful UV radiations.</span><span class=""button-container ng-star-inserted"" _ngcontent-ng-c2016813655="""">  </span></p>
</li>
<li data-sourcepos=""16:1-16:28"">
<p data-sourcepos=""16:3-16:28"">Excellent Skin compliance.</p>
</li>
<li data-sourcepos=""17:1-17:43"">
<p data-sourcepos=""17:3-17:43"">Reduces sebum with sebum control formula.</p>
</li>
<li data-sourcepos=""18:1-32:0"">
<p data-sourcepos=""18:3-18:55"">Suitable for oily and combination and sensitive Skin</p>
</li>
</ul>
<div>
<div class=""container"" _ngcontent-ng-c963642693="""" jslog=""220997;BardVeMetadataKey:[null,null,null,null,null,null,null,null,null,null,null,null,null,null,null,[2,null,1]]"">
<div class=""carousel-container"" _ngcontent-ng-c963642693="""">
<div class=""carousel-content"" _ngcontent-ng-c963642693="""">
<div data-test-id=""sources-carousel-source"" class=""sources-carousel-source hide ng-star-inserted"" _ngcontent-ng-c963642693="""">
<div class=""source-card-container"" _ngcontent-ng-c265615122="""">
<div class=""source-card-content"" _ngcontent-ng-c265615122="""">
<strong>KEY <span class=""citation-2"">INGREDIENTS:</span></strong><strong></strong>
</div>
<div class=""source-card-content"" _ngcontent-ng-c265615122=""""><strong><span class=""citation-2""></span></strong></div>
</div>
</div>
</div>
</div>
</div>
<span class=""citation-2""></span>
<p data-sourcepos=""11:1-11:249""><span class=""citation-2"">Cyclopentasiloxane, Dimethicone Cross polymer, Ethylhexyl Methoxycinnamate, </span><span class=""citation-2 citation-3 citation-end-2"">C12-15 Alkyl Benzoate, Bis-Ethylhexyloxyphenol Methoxyp-henyl</span><span class=""citation-3 citation-end-3""> Triazine, Cetyl Dimethicone, Diethylamino Hydroxybenzoyl Hexyl Benzoate, Cyclohexasiloxane.</span>  </p>
<p data-sourcepos=""5:1-5:28""><strong>DIRECTION FOR<span> </span><span class=""citation-0"">USE:</span></strong></p>
<span class=""citation-0""></span>
<p data-sourcepos=""7:1-7:301""><span class=""citation-0"">Apply MOTATE SC GEL<span> </span></span><span class=""citation-0 citation-1 citation-end-0"">over the entire face, neck and other areas exposed to the sun, at least 20-30 minutes before sun exposure.</span><span class=""citation-1 citation-end-1""><span> </span>To maintain sun protection, re-apply every two hours or after excessive perspiration, swimming or toweling.</span><span> </span>Long term use can improve the quality of skin.<span class=""button-container ng-star-inserted"" _ngcontent-ng-c2016813655=""""><span> </span> </span></p>
<div class=""container"" _ngcontent-ng-c963642693="""" jslog=""220997;BardVeMetadataKey:[null,null,null,null,null,null,null,null,null,null,null,null,null,null,null,[2,null,1]]"">
<div class=""carousel-container"" _ngcontent-ng-c963642693="""">
<div class=""carousel-content"" _ngcontent-ng-c963642693="""">
<div data-test-id=""sources-carousel-source"" class=""sources-carousel-source hide ng-star-inserted"" _ngcontent-ng-c963642693="""">
<div class=""source-card-container"" _ngcontent-ng-c265615122="""">
<div class=""source-card-content"" _ngcontent-ng-c265615122=""""></div>
</div>
</div>
</div>
</div>
</div>
</div>
<!---->",Dermlax Shop,Health & Beauty > Personal Care > Cosmetics > Skin Care > Lotions & Moisturizers,"","",false,Title,Default Title,,,,,,,,"",0.0,shopify,0,deny,manual,1650.00,,true,true,"",https://cdn.shopify.com/s/files/1/0861/7810/3594/files/7_c100c1b3-24f6-47a7-88b6-e8d0588534b7.png?v=1720770596,1,"",false,,,2592,,,,,,,,,,,,,,,,,,,,,,,,,,,,,,,kg,,999.00,draft
skintelligent-intensive-brightening-serum,Skintelligent Intensive Brightening Serum,"<h2><span style=""font-size: large;"">Description:</span></h2>
<p data-sourcepos=""3:1-3:15""><span><b>Ingredients:</b></span></p>
<p data-sourcepos=""3:1-3:15""><span> Deionized Water, Disodium EDTA, Propylene Glycol, Butylene Glycol, Sorbitol, Glycerin, Hyaluronic Acid (as Sodium Hyaluronate), Cross-Linked Acrylate Copolymer, Ferulic Acid, Aloe Vera Extract, Alpha Arbutin, Sodium Ascorbyl Phosphate, Candeia Tree Bark Extract, Butylated Hydroxytoluene, Polysorbate-20, Caprylyl Glycol, Phenoxyethanol, DMDM Hydantoin, Triethanolamine, Fragrance, Vitamin C (3%), Alpha Arbutin (2%), Candeia Tree Bark Extract (1%), Hyaluronic Acid (0.5%) </span></p>
<p data-sourcepos=""3:1-3:15""><span><b>Benefits:</b> </span></p>
<p data-sourcepos=""3:1-3:15""><span>Skintelligent Brightening Serum makes skin brighter, smoother &amp; blemishes free. Skintelligent also moisturizes the skin, reveals intensive glowing and younger skin with anti-ageing properties. </span></p>
<p data-sourcepos=""3:1-3:15""><span><b>Directions: </b></span></p>
<p data-sourcepos=""3:1-3:15""><span>Apply a warm moist towel to your face to gently open pores and leave skin slightly moist. Squeeze the dropper to get a sufficient amount on your palm and then apply tiny dots of serum by your finger tip to the required area. Apply twice daily. </span></p>
<p data-sourcepos=""3:1-3:15""><span><b>Caution: </b></span></p>
<p data-sourcepos=""3:1-3:15""><span>Avoid contact with eyes. If contact occurs, rinse eyes thoroughly with water. </span></p>
<p data-sourcepos=""3:1-3:15""><span>Store below 30°C. </span></p>
<p data-sourcepos=""3:1-3:15""><span>Protect from heat &amp; light.</span></p>
<p data-sourcepos=""3:1-3:15""><span>Keep out of the reach of children.</span></p>
<p data-sourcepos=""3:1-3:15""> </p>
<!---->",Dermlax Shop,Health & Beauty > Personal Care > Cosmetics > Skin Care,"","",true,Title,Default Title,,,,,,,,"",0.0,shopify,4,deny,manual,4400.00,,true,true,"",https://cdn.shopify.com/s/files/1/0861/7810/3594/files/4_dd4505db-276d-4118-b38d-2196b2c5f07f.png?v=1720770275,1,"",false,,,567,,,,,,,,,,,,'1,,,,,,,,,,,,,,,,,,,kg,,2492.00,active
skintelligent-intensive-brightening-serum,,,,,,,,,,,,,,,,,,,,,,,,,,,,https://cdn.shopify.com/s/files/1/0861/7810/3594/files/5_acd8f80a-9063-4bed-9620-2191a82dc51a.png?v=1720770275,2,"",,,,,,,,,,,,,,,,,,,,,,,,,,,,,,,,,,,,,,
melona-ha-serum,Melona-HA Serum,"<p data-sourcepos=""3:1-12:15""><span><b>DESCRIPTION:</b></span></p>
<p data-sourcepos=""3:1-12:15""><span><b>Melona-HA</b> ine perfect combination of active ingredients to help with tissue repair and replenish nutrients the skin needs to feel smooth and hydrated. </span></p>
<p data-sourcepos=""3:1-12:15""><span><b>Hydation:</b></span></p>
<p data-sourcepos=""3:1-12:15""><span>Hyluronic Acid with low molecular weight prevents from insentitive water loss and maintains water in the dermis. </span></p>
<p data-sourcepos=""3:1-12:15""><span><b>Anti-Ageing:</b></span></p>
<p data-sourcepos=""3:1-12:15""><span> Hyaluronic Acid with low molecular weight allows a better skin nutrition by providing a mechanism of transport of essential nutrients. The antioxidant properties of low molecular weight hyaluronic Acid protect the skin from the action of free radicals involved in ageing of the skin. The Palmitoyl Pentapeptides combined to the Hyaluronic Acid act simultaneously to counteract the natural part o ageing process of the skin. They stimulate the ""matrix"" layers in the skin primarily collagen and fibronectin. The loss of collagen leads to a thinner and less elastic skin, inducing small and deep wrinkles. Melona-HA increases overall collagen synthesis and Hyaluronic Acid synthesis to prevent and reduce signs of ageing. Vitamin B5 helps with tissue repair and replenishes nutrients. </span></p>
<p data-sourcepos=""3:1-12:15""><span><b><span style=""font-size: large;"">Ingredients:</span></b></span></p>
<p data-sourcepos=""3:1-12:15""><span>PURIFIED WATER, PALMITOYL PENTAPEPTIDE-, NICOTINAMIDE, D-PANTHENOL, SODIUM HYALURONATE, ALLANTION.</span></p>
<p data-sourcepos=""3:1-12:15""> </p>",Dermlax Shop,Health & Beauty > Personal Care > Cosmetics > Skin Care > Lotions & Moisturizers,"","",true,Title,Default Title,,,,,,,,"",0.0,shopify,9,deny,manual,2600.00,,true,true,"",https://cdn.shopify.com/s/files/1/0861/7810/3594/files/2_6bad04e6-6b43-46a3-96c3-5dcc50c87c82.png?v=1720770172,1,"",false,,,2592,,,,,,,,,,,,,,,,,,,,,,,,,,,,,,,kg,,1752.00,active
melona-ha-serum,,,,,,,,,,,,,,,,,,,,,,,,,,,,https://cdn.shopify.com/s/files/1/0861/7810/3594/files/3_e81a587d-5b0a-49b8-b711-36dd4cb68b45.png?v=1720770172,2,"",,,,,,,,,,,,,,,,,,,,,,,,,,,,,,,,,,,,,,
glutavit-capsule,GlutaVit Capsule,"<p> </p>
<p data-sourcepos=""5:1-8:24""><span style=""font-size: large;""><strong>Composition:</strong> </span></p>
<p data-sourcepos=""5:1-8:24""><b>Each capsule contains: </b></p>
<p data-sourcepos=""5:1-8:24""> <span style=""font-size: large;""><b>.</b></span><span> </span>L-Glutathione (USP) 500mg </p>
<p data-sourcepos=""5:1-8:24""> <span style=""font-size: large;""><b>.</b></span><span> </span>Ascorbic Acid (USP) 75mg</p>
<p data-sourcepos=""10:1-11:320""><strong><span style=""font-size: large;"">Dosage:</span></strong> </p>
<p data-sourcepos=""10:1-11:320"">As a dietary supplement for adults, take one capsule<span> </span><span class=""citation-0"">daily, preferably with a meal or as directed by a healthcare practitioner.<span> </span></span><span class=""citation-0 citation-1 citation-end-0"">If you are pregnant, nursing, taking any medications or have any medical</span><span class=""citation-1 citation-end-1"">condition, please consult your healthcare practitioner before taking any dietary supplement.</span>  </p>
<p data-sourcepos=""11:1-11:16""><b><span style=""font-size: large;""> </span></b><strong><span style=""font-size: large;"">Instructions</span>:</strong> </p>
<p data-sourcepos=""11:1-11:16"">Store at room temperature and dry place. Keep out of the reach of children.</p>
<!---->",Dermlax Shop,Health & Beauty > Health Care > Fitness & Nutrition > Vitamins & Supplements > Multivitamin Supplements,"","",true,Title,Default Title,,,,,,,,"",0.0,shopify,5,deny,manual,3534.00,,true,true,"",https://cdn.shopify.com/s/files/1/0861/7810/3594/files/glutavit.png?v=1751111288,1,"",false,,,525,,,,,,,,,,,,'1,,,,,,,,,,,,,,,,,,,kg,,1910.00,active
glyco-aid-skin-brightening-cream,Glyco Aid Cream,"<p> </p>
<p data-sourcepos=""3:1-3:58""><strong>Ingredients:</strong><span> </span>Each gram contains Glycolic acid BP 0.1ml</p>
<p data-sourcepos=""5:1-5:48""><strong>Usage:</strong><span> </span>For Moisturizing &amp; Peeling Effect</p>
<p data-sourcepos=""7:1-7:249""><strong>Direction for Use:</strong><span> </span>First wash your face with a cleanser and be sure that your facial cleanser does not leave an oily residue.<span> </span>This residue will make it difficult for Glyco-Aid to work efficiently.<span> </span>Then apply Glyco-Aid twice daily to the face and neck,<span> </span>gently massage into skin and do not wash off.</p>
<p data-sourcepos=""5:1-9:24""><strong>PRECAUTIONS:</strong><span> </span>Mild irritation may occur during daily use.<span> </span>In case of irritation consult your doctor.<span> </span>Avoid sun exposure after application.<span> </span>If occurs then wash thoroughly with water.</p>
<p data-sourcepos=""5:1-9:24""><b>Keep the product out of reach of children.<span> </span>بچوں کی پہنچ سے دور رکھیں۔<span> </span>Avoid contact with eyes.</b></p>
<p data-sourcepos=""11:1-11:52"">For External Use Only<span> </span>صرف بیرونی استعمال کے لیے۔</p>
<p data-sourcepos=""13:1-13:72""><strong>Storage Condition:</strong><span> </span>Protect from light.<span> </span>Keep in cool &amp; dry place.</p>
<p data-sourcepos=""15:1-15:36"">For Health Related Purpose Only.</p>
<!---->",Dermlax Shop,Health & Beauty > Health Care > Fitness & Nutrition > Vitamins & Supplements > Multivitamin Supplements,"","",true,Title,Default Title,,,,,,,,"",0.0,shopify,4,deny,manual,1416.00,,true,true,"",https://cdn.shopify.com/s/files/1/0861/7810/3594/files/glycoaid.png?v=1750539226,1,"",false,,,525,,,,,,,,,,,,,,,,,,,,,,,,,,,,,,,kg,,814.00,active
elagen-hair-oil,Elagen Hair Oil,"<p> </p>
<p data-sourcepos=""3:1-3:16""><strong>How It Works</strong></p>
<ul data-sourcepos=""5:1-8:0"">
<li data-sourcepos=""5:1-5:33""><span class=""citation-0"">Super food for your hair.</span></li>
</ul>
<p> </p>
<ul data-sourcepos=""5:1-8:0"">
<li data-sourcepos=""6:1-6:47""><span class=""citation-0"">Create the appearance of thicker fuller hair.</span></li>
</ul>
<p> </p>
<ul data-sourcepos=""5:1-8:0"">
<li data-sourcepos=""7:1-8:0""><span class=""citation-0 citation-end-0"">Contains Biotin and collagen for strong, thick hair.</span></li>
</ul>
<p data-sourcepos=""9:1-9:14""><strong>How to use</strong></p>
<ul data-sourcepos=""11:1-12:0"">
<li data-sourcepos=""11:1-12:0"">As directed by the physician</li>
</ul>
<p data-sourcepos=""13:1-13:15""><strong>Ingredients</strong></p>
<ul data-sourcepos=""15:1-20:0"">
<li data-sourcepos=""15:1-15:20"">Cyclopentasiloxane</li>
<li data-sourcepos=""16:1-16:8"">Biotin</li>
<li data-sourcepos=""17:1-17:21"">Hydrolyzed Collagen</li>
<li data-sourcepos=""18:1-18:11"">Fragrance</li>
<li data-sourcepos=""19:1-20:0"">Alkyl Benzoate</li>
</ul>
<div>
<div><b>Collagen</b></div>
<div><b><br></b></div>
<div>The Collagen in the oil is a protein that makes up about 30% of the total human protein weight Collagen boosts renewal processes, thoroughly regenerates and nourishes the scalp and significantly strengthens hair follicles. Collagen also replenishes damages to the hair structure through its regeneration. Collagen has a unique ability to bind water and thus maintains good scalp hydration. It also creates a soft film on the surface of hairs to improve moisture retention. This film also aids combing the hair and makes it silky soft</div>
<div><br></div>
<div><b>Biotin</b></div>
<div><b><br></b></div>
<div>Biotin, also known as Vitamin B7 or H, is a B vitamin found in small amounts in a number of foods. One symptom of Biotin deficiency can be thinning hair or discoloration of hair. Biotin helps you maintain healthy looking hair and nails, helping to prevent them from looking brittle and dull. Taking Biotin with other proven nutrients for healthy hair growth helps promote healthier looking and thicker hair in line with your natural hair growth cycle.</div>
</div>
<!---->",Dermlax Shop,Health & Beauty > Personal Care > Hair Care > Hair Loss Treatments,"","",true,Title,Default Title,,,,,,,,"",0.0,shopify,10,deny,manual,980.00,,true,true,"",https://cdn.shopify.com/s/files/1/0861/7810/3594/files/900.png?v=1720768801,1,"",false,,,4766,,,,,,,,,,,,,,,,,,,,,,,,,,,,,,,kg,,628.00,active
motate-daily-brightening-moisturizer,Motate Brightening Moisturizer,"<h4 data-start=""0"" data-end=""51""><strong data-start=""0"" data-end=""51"">Key Benefits of Motate Brightening Moisturizer:</strong></h4>
<ul data-start=""53"" data-end=""484"" data-is-last-node="""">
<li data-start=""53"" data-end=""135"">🌟 <strong data-start=""58"" data-end=""76"">Brightens Skin</strong>: Fades dark spots and marks for a more radiant complexion.</li>
<li data-start=""136"" data-end=""208"">✨ <strong data-start=""140"" data-end=""159"">Smooths Texture</strong>: Refines rough skin for a softer, smoother feel.</li>
<li data-start=""209"" data-end=""277"">🔍 <strong data-start=""214"" data-end=""232"">Clarifies Skin</strong>: Reduces pore-clogging oil for clearer skin.</li>
<li data-start=""278"" data-end=""383"">🌱 <strong data-start=""283"" data-end=""309"">Oil-Free &amp; Lightweight</strong>: Gentle on sensitive skin, won’t clog pores, and feels light on the skin.</li>
<li data-start=""384"" data-end=""484"" data-is-last-node="""">✅ <strong data-start=""388"" data-end=""412"">Clinically Effective</strong>: Demonstrated improvement in brightness and clarity for all skin tones.</li>
</ul>
<p data-sourcepos=""18:1-18:22""><strong>UNIQUE FORMULATION</strong></p>
<p data-sourcepos=""20:1-21:20"">-<span class=""citation-2"">2% Alpha Arbutin Helps even skin tone</span></p>
<p data-sourcepos=""23:1-25:27""><span class=""citation-2"">-3% Azelaic Acid Helps address clogged pores by increasing cell turnover</span></p>
<p data-sourcepos=""27:1-27:28""><span class=""citation-2"">-5.75% Phyto Botanical Blend</span></p>
<p data-sourcepos=""29:1-29:21""><strong><span class=""citation-2 citation-end-2"">HOW</span><span> </span>TO USE</strong> </p>
<p data-sourcepos=""31:1-40:33"">Twice a day apply 1-2 pumps after cleansing. In the morning, apply after a Derm Innovative antioxidant and follow with a Pure UV sunscreen. Twice daily use of Motate Brightening Moisturizer shows demonstrated improvement in brightness, texture, and clarity.</p>
<p data-sourcepos=""3:1-3:12""><strong>BENEFITS</strong></p>
<p data-sourcepos=""5:1-16:32""><span class=""citation-0 citation-end-0"">Brightens, while reducing post-blemish marks by 20% Smooths, while improving rough skin texture by 19% Clarifies, while reducing pore-clogging surface oil</span><span> </span>by 28% Lightweight, gel-cream<span> </span><span class=""citation-1 citation-end-1"">texture Oil- &amp; Silicone-Free Non-comedogenic Suitable for sensitive skin Clinically effective and studied in all skin tones</span></p>
<p data-sourcepos=""7:1-7:26""><strong>ALL<span> </span><span class=""citation-0"">INGREDIENTS: </span></strong></p>
<p data-sourcepos=""9:1-16:16""><span class=""citation-0"">Aqua/Water, Glycerin, Isononyl Isononanoate, Propylene Glycol, Azelaic Acid, Niacinamide,<span> </span></span><span class=""citation-0 citation-1"">Squalane, Alpha-arbutin, Ammonium Polyacryloyldimethyl Taurate, Hydrogenated Polyisobutene, Silica Silylate,</span></p>
<p data-sourcepos=""18:1-43:32""><span class=""citation-0 citation-1 citation-end-0"">Hydroxyacetophenone,</span><span class=""citation-1 citation-end-1""><span> </span>Sodium Hyaluronate, Caprylyl Glycol, Hydroxyethyl Acrylate/sodium Acryloyldimethyl Taurate Copolymer, Sodium Hydroxide Olea Europaea Leaf Extract / Olive Leaf Extract, Parfum/ Fragrance, Butylene Glycol, Rosmarinus Officinalis Leaf Extract/Rosemary Leaf Extract, Citrus Grandis Fruit Extract/Grapefruit Fruit Extract, Sodium Benzoate, Cucumis Sativus Fruit Extract/ Cucumber Fruit Extract, Sorbitan Isostearate, Polysorbate 60, Benzyl Benzoate, Thymus Vulgaris Flower/Leaf Extract - Thyme Flower/Leaf Extract, Lactic Acid, Benzyl Alcohol Alpha-isomethyl Ionone, Linalool Potassium Sorbate, Citronellol, Morus Alba Root Extract, Ci 19140/Yellow 5, Ci 42090/Blue 1, Tocopherol.</span></p>
<p data-sourcepos=""31:1-40:33""> </p>
<p> </p>
<p data-sourcepos=""45:1-45:9""> </p>
<p> </p>
<div class=""container""><br></div>
<!---->",Dermlax Shop,Health & Beauty > Personal Care > Cosmetics > Skin Care > Lotions & Moisturizers,"","",true,Title,Default Title,,,,,,,,"",0.0,shopify,0,deny,manual,1890.00,,true,true,"",https://cdn.shopify.com/s/files/1/0861/7810/3594/files/motatebrightening3.png?v=1750339903,1,"",false,,,2592,,,,,,,,,,,,'2,,,,,,,,,,,,,,,,,,,kg,,901.00,active
motate-daily-brightening-moisturizer,,,,,,,,,,,,,,,,,,,,,,,,,,,,https://cdn.shopify.com/s/files/1/0861/7810/3594/files/mfinal.png?v=1750240275,2,"",,,,,,,,,,,,,,,,,,,,,,,,,,,,,,,,,,,,,,
aknow-gel,Aknow Acne solution Gel,"<p data-sourcepos=""6:1-6:15""><strong>APPLICATION:</strong></p>
<p data-sourcepos=""8:1-11:39"">Wash your skin thoroughly and make sure it's completely dry then apply the layer of Aknow Gel over the affected area and spread smoothly.<span> </span>Apply twice daily for the best results.</p>
<p data-sourcepos=""7:1-9:52""><strong>Storage:</strong> </p>
<p data-sourcepos=""7:1-9:52"">Keep Tightly Closed Store At Room Temperature keep Away From Reach Of Children Use As Per Doctor Advice</p>
<p data-sourcepos=""11:1-11:25""><strong>For External Use Only</strong></p>
<!---->",Dermlax Shop,Health & Beauty > Personal Care > Cosmetics > Skin Care > Makeup Removers,"","",true,Title,Default Title,,,,,,,,"",0.0,shopify,10,deny,manual,550.00,,true,true,"",https://cdn.shopify.com/s/files/1/0861/7810/3594/files/aknowgel.png?v=1750535115,1,"",false,,,6034,,,,,,,,,,,,'1,,,,,,,,,,,,,,,,,,,kg,,350.00,active
zerrox-ointment,Zerrox Ointment,"<p> </p>
<p data-sourcepos=""1:1-1:19""><strong>Zerrox Ointment</strong></p>
<p data-sourcepos=""3:1-3:179"">Xerosis is caused by a lack of moisture in the skin that results in dry or very dry, rough and tight skin, which can progress to become extremely rough and scaly, flaky and itchy.</p>
<p data-sourcepos=""3:1-3:16"">Urea dissolves<span> </span><span class=""citation-0 citation-end-0"">the intercellular matrix of the cells of the stratum corneum, promoting desquamation of scaly skin, eventually resulting in softening of hyperkeratotic areas.</span><span> </span>Isopropyl myristate and Dimethicone work as an emollient, it also helps soften and smooth dry skin, calms irritation, minimizes redness, and protects the skin from further damage. Glycerin and Vitamin E is moisturizing agent that pulls water into the outer layer of your skin from deeper levels of your skin.</p>
<p data-sourcepos=""3:1-3:16""><strong>Application:</strong></p>
<p data-sourcepos=""5:1-5:110"">After washing with water,<span> </span>Apply Zerrox Ointment on the affected areas,<span> </span>for better results apply 2 times daily.</p>
<p data-sourcepos=""7:1-7:16""><strong>Precautions:</strong></p>
<p data-sourcepos=""9:1-9:82"">Avoid contact with eyes,<span> </span>Keep out of reach of children,<span> </span>Store in a cool dry place.</p>
<p data-sourcepos=""11:1-11:16""><strong>Ingredients:</strong> </p>
<p data-sourcepos=""13:1-15:36""><b>.</b><span> </span>Urea (NMF) Hydrates 10%</p>
<p data-sourcepos=""13:1-15:36""><b>.</b><span> </span>Glycerin 1.00%</p>
<p data-sourcepos=""13:1-15:36""><b>.</b><span> </span>Isopropyl myristate 2.00% </p>
<p data-sourcepos=""13:1-15:36""><b>.</b><span> </span>Lanolin Acid 2.00%</p>
<p data-sourcepos=""13:1-15:36""><b>.</b><span> </span>Vitamin E 0.50% </p>
<p data-sourcepos=""13:1-15:36""> </p>
<!---->",Dermlax Shop,Health & Beauty > Personal Care > Cosmetics > Skin Care > Lotions & Moisturizers,"","",true,Title,Default Title,,,,,,,,"",0.0,shopify,0,deny,manual,440.00,,true,true,"",https://cdn.shopify.com/s/files/1/0861/7810/3594/files/zerrox.png?v=1750240583,1,"",false,,,2592,,,,,,,,,,,,'1,,,,,,,,,,,,,,,,,,,kg,,216.00,active
zerrox-ointment,,,,,,,,,,,,,,,,,,,,,,,,,,,,https://cdn.shopify.com/s/files/1/0861/7810/3594/files/zerrox_old.png?v=1750240596,2,"",,,,,,,,,,,,,,,,,,,,,,,,,,,,,,,,,,,,,,
defensive-sc-gel,Defensive SC Gel,"<p> </p>
<p data-sourcepos=""5:1-5:208""><b>Description:</b></p>
<p data-sourcepos=""5:1-5:208""><b>Defensive SC Gel</b><span> </span>is special formulated for Oily, Acne Prone Skin, contains unique Sebomicropore structures to absorb excess Sebum and Sweat offers affective protection against Skin Darkening &amp; Premature Skin Aging.</p>
<p data-sourcepos=""7:1-8:190""><strong>Direction for Use:</strong></p>
<p data-sourcepos=""7:1-8:190"">Apply evenly over the entire face,<span> </span>neck and other exposed areas at least 20-30 minutes before sun exposure.<span> </span>To maintain protection,<span> </span>re-apply after excessive sweating,<span> </span>swimming and toweling.</p>
<p data-sourcepos=""5:1-5:13""><strong>Benefits:</strong></p>
<ul data-sourcepos=""6:1-11:0"">
<li data-sourcepos=""6:1-6:64"">Indication for daily use UVA &amp; UVB protection with SPF 60.</li>
<li data-sourcepos=""7:1-7:51"">It protects skin tanning &amp; hyperpigmentation.</li>
<li data-sourcepos=""8:1-8:69"">It also prevents skin aging, wrinkle formation &amp; mole fraction.</li>
<li data-sourcepos=""9:1-9:25"">Prevents from sun-burn.</li>
<li data-sourcepos=""10:1-11:0"">Against atmospheric aggressions, anti-UV and pollution protection shield protects against skin darkening.</li>
</ul>
<p data-sourcepos=""12:1-12:16""><strong>Ingredients:</strong></p>
<ul data-sourcepos=""13:1-15:33"">
<li data-sourcepos=""13:1-13:30"">Ethylhexyl Methoxycinnamate.</li>
<li data-sourcepos=""14:1-14:48"">Bis-Ethylhexyloxyphenol Methoxyphenyl Triazine</li>
<li data-sourcepos=""15:1-15:33"">Diethylamino Hydroxybenzoyl Hexyl Benzoate.</li>
</ul>
<p data-sourcepos=""10:1-11:54""><strong>Cautions:</strong> </p>
<p data-sourcepos=""10:1-11:54"">Avoid contact with eyes.<span> </span>If contact occurs,<span> </span>rinse eyes thoroughly with water.<span> </span>Keep out of the reach of children.<span> </span>Do not use if you have known sensitivity to any of the ingredients.</p>
<p data-sourcepos=""13:1-15:17""><strong>Storage:</strong> </p>
<p data-sourcepos=""13:1-15:17"">Protect from direct sunlight.<span> </span>Store below 30°C,</p>
<p data-sourcepos=""5:1-5:13""> </p>
<!---->",Dermlax Shop,Health & Beauty > Personal Care > Cosmetics > Skin Care > Sunscreen,"","",true,Title,Default Title,,,,,,,,"",0.0,shopify,0,deny,manual,1300.00,,true,true,"",https://cdn.shopify.com/s/files/1/0861/7810/3594/files/defensive.png?v=1750331846,1,"",false,,,2844,,,,,,,,,,,,'7,,,,,,,,,,,,,,,,,,,kg,,812.00,active
genketo-shampoo,GENKETO SHAMPOO,"<p> </p>
<p data-sourcepos=""3:1-3:16""><strong><span style=""font-size: large;"">Composition:</span></strong></p>
<p data-sourcepos=""5:1-7:33"">Each gram of shampoo contains: </p>
<p data-sourcepos=""5:1-7:33"">Ketoconazole BP.......2% w/w. (Product complies with BP specs.)</p>
<p data-sourcepos=""9:1-9:23""><strong><span style=""font-size: large;"">Directions for use:</span></strong></p>
<p data-sourcepos=""11:1-11:29"">As directed by the Physician.</p>
<p data-sourcepos=""13:1-13:17""><strong><span style=""font-size: large;"">Instructions:</span></strong></p>
<p data-sourcepos=""15:1-16:9"">Protect from heat, sunlight &amp; moisture.</p>
<p data-sourcepos=""18:1-19:35"">Store at 25°C (excursions permitted between 15°C-30°<span class=""citation-0"">C).</span></p>
<p data-sourcepos=""21:1-22:12""><span class=""citation-0"">Keep all medicines out of reach of children.</span></p>
<p data-sourcepos=""24:1-26:13""><span class=""citation-0"">To be sold only on the prescription of a Registered Medical Practitioner.</span></p>
<p data-sourcepos=""28:1-29:8""><span class=""citation-0 citation-end-0"">See</span><span> </span>package insert for more details.<span class=""button-container ng-star-inserted"" _ngcontent-ng-c2016813655=""""> </span></p>
<p data-sourcepos=""31:1-31:25""><strong>FOR EXTERNAL USE ONLY</strong></p>
<!---->",Dermlax Shop,Health & Beauty > Personal Care > Hair Care > Shampoo & Conditioner > Conditioners,"","",true,Title,Default Title,,,,,,,,"",0.0,shopify,23,deny,manual,250.00,,true,true,"",https://cdn.shopify.com/s/files/1/0861/7810/3594/files/1_fe5f5bc0-f1f5-43eb-906e-d6147020f016.png?v=1720729127,1,"",false,,,543616,,,,,,,,,,,,,,,,,,,,,,,,,,,,,,,kg,,166.00,active
bioxcin-forte-shampoo,Bioxcin forte Shampoo,"<p> <strong>Description:</strong> Bioxcin Forte Shampoo is based on the active herbal formula BioComplex B11 from specially combined phyto-extracts to effectively reduce hair loss and promote hair growth for thicker and stronger hair.</p>
<p><strong>How to Use:</strong> Apply to wet hair with a massage, keep it for 1-2 minutes and rinse well.<br><br><strong>Ingredients:</strong></p>
<ul>
<li style=""list-style-type: none;"">
<ul>
<li>Aqua (Water)</li>
<li>Sodium Laureth Sulfate</li>
<li>Cocamidopropyl Betaine</li>
<li>Sodium Chloride</li>
<li>Sodium Lauryl Sulfate</li>
<li>Laureth-4</li>
<li>Coco Glucoside</li>
<li>Glyceryl Oleate</li>
<li>Guar Hydroxypropyltrimonium Chloride</li>
<li>Parfum (Fragrance)</li>
<li>Sodium Benzoate</li>
<li>Polyquaternium-10</li>
<li>Panthenol</li>
<li>Citric Acid</li>
<li>Urtica Dioica (Nettle) Extract</li>
<li>PEG-40 Hydrogenated Castor Oil</li>
<li>Hydrolyzed Soy Protein</li>
<li>Glycerin</li>
<li>Glucose</li>
<li>Hexylene Glycol</li>
<li>Propylene Glycol</li>
<li>DMDM Hydantoin</li>
<li>Benzyl Alcohol</li>
<li>Methylisothiazolinone</li>
<li>Disodium EDTA</li>
<li>Pyridoxine HCl</li>
<li>Tocopherol
<p><strong><br>Features:</strong></p>
<ul>
<li>
<strong>For Intensive Hair Loss:</strong> Designed to reduce hair loss and promote healthy hair growth.</li>
<li>
<strong>Healthy Growth:</strong> Encourages healthy hair growth.</li>
<li>
<strong>Hair Thickness:</strong> Helps in increasing hair thickness.</li>
<li>
<strong>Healthy Scalp:</strong> Maintains a healthy scalp.</li>
<li>
<strong>Dermatologically Tested:</strong> Hypoallergenic and contains no parabens.</li>
</ul>
</li>
</ul>
</li>
</ul>
<!---->",Dermlax Shop,Health & Beauty > Personal Care > Hair Care > Shampoo & Conditioner > Conditioners,"","",true,Title,Default Title,,,,,,,,"",0.0,shopify,4,deny,manual,1900.00,,true,true,"",https://cdn.shopify.com/s/files/1/0861/7810/3594/files/IMG_0684.jpg?v=1720555939,1,"",false,,,543616,,,,,,,,,,,,,,,,,,,,,,,,,,,,,,,kg,,1238.00,active
mandel-ac-facewash,Mandel AC facewash,"<p> <strong>Description:</strong> Mandelac Face Wash is a specially formulated cleanser for oily, acne-prone, and hyper-pigmented skin. Mandelac Face Wash contains Mandelic Acid, the unique alpha hydroxy acid that rapidly exfoliates dead skin cells and surface debris. The antimicrobial property makes it an excellent choice for acne. Mandelac Face Wash also improves the appearance of melasma and freckles while reducing wrinkles and aging.</p>
<p><strong>Ingredients:</strong></p>
<ul>
<li>Deionized Water</li>
<li>Disodium EDTA</li>
<li>Glycerin</li>
<li>Propylene Glycol</li>
<li>Decyl Glucoside</li>
<li>Cocamidopropyl Betaine</li>
<li>Mandelic Acid</li>
<li>Polyacrylamide</li>
<li>Aloe Vera Extract</li>
<li>Polyquaternium-11</li>
<li>Gelidium Corneum Beads</li>
<li>Xanthan Gum</li>
<li>Caprylyl Glycol</li>
<li>Phenoxyethanol</li>
<li>Fragrance</li>
</ul>
<p><strong>Directions for Use:</strong> Dispense a small amount to fingertips. Massage into lather and cleanse the face. Rinse. Repeat if necessary.</p>
<p><strong>Cautions:</strong> Avoid contact with eyes. If contact occurs, rinse eyes thoroughly with water. Store at 30° C in a dry place. Protect from direct sunlight. Keep out of the reach of children. Do not use if you have known sensitivity to any of the ingredients.</p>
<p> </p>
<!---->",Dermlax Shop,Health & Beauty > Personal Care > Cosmetics > Skin Care > Facial Cleansers,"","",false,Title,Default Title,,,,,,,,"",0.0,shopify,0,deny,manual,1000.00,,true,true,"",https://cdn.shopify.com/s/files/1/0861/7810/3594/files/IMG_0683.webp?v=1720555791,1,"",false,,,2526,,,,,,,,,,,,,,,,,,,,,,,,,,,,,,,kg,,736.00,draft
oxido-q,Oxido-Q Anti-ageing serum,"<p> </p>
<div class=""markdown markdown-main-panel"" dir=""ltr"" _ngcontent-ng-c566760127="""">
<p data-sourcepos=""3:1-12:15""><b>DESCRIPTION:</b></p>
<p data-sourcepos=""3:1-12:15""><b>OxiDo-Q</b><span> </span><span class=""citation-0 citation-end-0"">provides cells with energy to build collagen and elastin. Coenzyme Q10 is found in abundance in young skin but the amount decreases as we get older. Using Coenzyme Q10</span><span> </span>will<span> </span><span class=""citation-1 citation-end-1"">keep skin fresh by energizing your skin cells. Lack of collagen in the skin creates conditions for wrinkling and overall rougher skin texture.</span><span> </span>OxiDo-Q serum helps to diminish these signs of aging.<span class=""button-container ng-star-inserted"" _ngcontent-ng-c2016813655=""""> </span></p>
<p data-sourcepos=""18:1-18:8"">• SUPPORTS &amp; REPLENISHES COLLAGEN</p>
<p data-sourcepos=""22:1-22:46"">• FIRMING SKIN &amp;<span> </span><span class=""citation-2"">INCREASING ELASTICITY</span></p>
<span class=""citation-2""></span>
<p data-sourcepos=""24:1-25:23""><span class=""citation-2"">• BRIGHTENS AND EVENS SKIN TONE TO RESTORE A YOUTHFUL GLOW</span></p>
<span class=""citation-2""></span>
<p data-sourcepos=""27:1-27:35""><span class=""citation-2"">• DIMINISHES THE APPEARANCE OF FINE</span></p>
<p data-sourcepos=""27:1-27:35"">• LINES AND WRINKLES</p>
<span class=""citation-2""></span>
<p data-sourcepos=""31:1-31:29""><span class=""citation-2"">• POWERFUL ANTIOXIDANT EFFECT</span></p>
<span class=""citation-2""></span>
<p data-sourcepos=""33:1-34:9""><span class=""citation-2 citation-end-2"">• PROTECTS</span><span> </span>FROM ENVIRONMENTAL STRESSORS<span class=""button-container ng-star-inserted"" _ngcontent-ng-c2016813655="""">  </span></p>
<p data-sourcepos=""36:1-36:30"">• EFFECTIVELY SMOOTHS AND PLUMPS</p>
<p data-sourcepos=""38:1-39:10"">• SKIN FOR YOUNG, REFRESHED APPEARANCE</p>
<p data-sourcepos=""38:1-39:10""><strong>ACTIVE INGREDIENTS:</strong></p>
</div>
<p data-sourcepos=""5:1-7:21""><b>Coenzyme Q10:</b> </p>
<p data-sourcepos=""5:1-7:21"">Antioxidant that provides cells with energy to build collagen and elastin.</p>
<p data-sourcepos=""9:1-14:40""><b>Matrixyl 3000™: </b></p>
<p data-sourcepos=""9:1-14:40"">Matrikines anti-wrinkle complex (palmitoyl tetrapeptide-7 and palmitoyl tripeptide-1) helps to generate more collagen to reverse aging &amp; reduce the photo damage by restructuring the fragile network of the papillary dermis.</p>
<p data-sourcepos=""16:1-18:42""><b>Collagen:</b></p>
<p data-sourcepos=""16:1-18:42"">Provides support in the skin by acting as ""a scaffolding structure,"" and is essential for skin firmness and elasticity</p>
<p data-sourcepos=""20:1-23:16""><b>Hyaluronic Acid: </b></p>
<p data-sourcepos=""20:1-23:16"">One of the most powerful hydrating and moisturizing ingredient holds up to 1000 times its weight in water.</p>
<p data-sourcepos=""25:1-25:15""><strong>HOW TO USE:</strong></p>
<p data-sourcepos=""27:1-27:10"">AM and PM.</p>
<p data-sourcepos=""29:1-31:25"">On cleansed skin, apply a pea-sized amount to the fingertips and gently pat into the face &amp; neck.</p>
<p data-sourcepos=""33:1-37:15"">Can be used alongside other serums and followed with moisturiser. Let this be the last layer on your skin. Additional serum, concentrates and/or creams can be layered on top.</p>
<p data-sourcepos=""39:1-39:25""><strong>FOR EXTERNAL USE ONLY</strong></p>
<!---->",Dermlax Shop,Health & Beauty > Personal Care > Cosmetics > Skin Care > Anti-Aging Skin Care,"","",true,Title,Default Title,,,,,,,,"",0.0,shopify,8,deny,manual,2500.00,,true,true,"",https://cdn.shopify.com/s/files/1/0861/7810/3594/files/IMG_1038.jpg?v=1750274642,1,"",false,,,7429,,,,,,,,,,,,,,,,,,,,,,,,,,,,,,,kg,,1706.00,active
oxido-q,,,,,,,,,,,,,,,,,,,,,,,,,,,,https://cdn.shopify.com/s/files/1/0861/7810/3594/files/IMG_1039.jpg?v=1750274642,2,"",,,,,,,,,,,,,,,,,,,,,,,,,,,,,,,,,,,,,,
oxido-r,Oxido-R Retinol night serum,"<p> </p>
<p data-sourcepos=""3:1-3:229""><strong>DESCRIPTION:</strong></p>
<p data-sourcepos=""3:1-3:229""><strong>Oxido-R</strong><span> </span>offers Retinol in Squalane base,<span> </span>a waterless skincare serum perfect for the mature skin concerns of the face and body.<span> </span>Retinol sourced from Vitamin A accelerates collagen and skin cell renewal to reverse visible aging signs.<span> </span>Antioxidants in Retinol help restore sun-damaged skin by fading dark spots.<span> </span>More,<span> </span>it controls hyperactive oil glands and unclogs pores that help prevent breakouts &amp; achieve clearer skin.<span> </span>Supported by Plant-based Squalane and essential oils creates a layer of protection on the skin's surface &amp; traps moisture,<span> </span>leaving skin incredibly smooth and plump.<span> </span>Oxido Revens out skin texture and tones in a milder,<span> </span>non-drying manner</p>
<p data-sourcepos=""5:1-5:38"">. REDUCE THE WRINKLES AND FINE LINES</p>
<p data-sourcepos=""7:1-7:47"">. BOOST THE SMOOTHNESS AND ELASTICITY OF SKIN</p>
<p data-sourcepos=""9:1-9:36"">. EFFECTIVE IN ACNE AND ACNE SCARS</p>
<p data-sourcepos=""11:1-11:57"">. BENEFICIAL FOR DULL DARK SKIN AS WELL AS MATURE SKIN.</p>
<p data-sourcepos=""3:1-5:2""><strong>ACTIVE INGREDIENTS:</strong></p>
<p data-sourcepos=""3:1-5:2""><b>Retinol: </b></p>
<p data-sourcepos=""3:1-5:2"">An antioxidant that aids in treating acne,<span> </span>fine lines,<span> </span>wrinkles,<span> </span>dark spots,<span> </span>&amp; uneven skin texture.<span> </span>Squalane Base:<span> </span>An emollient that helps hydrate and heal dry,<span> </span>rough skin to enhance skin texture and appearance.</p>
<p data-sourcepos=""3:1-5:2""><b>Grape Seed Oil:</b></p>
<p data-sourcepos=""3:1-5:2"">Grape seed oil is an antiaging essential oil,<span> </span>that decreases swelling,<span> </span>speeds up the process of wound healing,<span> </span>and repairs damaged skin,<span> </span>capillaries &amp; blood vessels. </p>
<p data-sourcepos=""3:1-5:2""><b>Rosehip Oil: </b></p>
<p data-sourcepos=""3:1-5:2"">Rosehip oil helps to keep skin fresh and healthy by creating new skin cells.<span> </span>It contains vitamin F,<span> </span>which helps trap moisture in your skin and protect your skin against damage.</p>
<p data-sourcepos=""24:1-24:14""><strong>HOW TO USE</strong></p>
<p data-sourcepos=""26:1-29:24"">Use in the evening or before bedtime,<span> </span>before oils/creams.<span> </span>On to cleansed and dry skin.<span> </span>apply a few drops on the concemed areas.</p>
<p data-sourcepos=""31:1-35:14"">Avoiding the eye area,<span> </span>gently massage till Oxido-R absorbs well.<span> </span>Use sun protectant Solarin-60 Sunblock or Matishlaid Sunscreen during the day.</p>
<!---->",Dermlax Shop,Health & Beauty > Personal Care > Cosmetics > Skin Care > Anti-Aging Skin Care,"","",true,Title,Default Title,,,,,,,,"",0.0,shopify,4,deny,manual,1950.00,,true,true,"",https://cdn.shopify.com/s/files/1/0861/7810/3594/files/IMG_0681.jpg?v=1720555611,1,"",false,,,7429,,,,,,,,,,,,,,,,,,,,,,,,,,,,,,,kg,,1411.00,active
oxido-n,Oxido-N Niacinamide with zinc PCA serum,"<p> </p>
<p data-sourcepos=""3:1-3:576""><b>DESCRIPTION:</b></p>
<p data-sourcepos=""3:1-3:576""><strong>Oxido-N</strong><span> </span>combines water-based multitasking bioactive ingredients Niacinamide with Zinc PCA to support natural body processes to dramatically reduce enlarged pores,<span> </span>dullness &amp; balance uneven skin tone &amp; texture.<span> </span>Niacinamide also serves as a helpful element for acne stun since it aids in lowering lace sebum production.<span> </span>Raising the level of ceramides with free fatty acids in the skin barrier helps rebuild a healthy skin barrier.<span> </span>Zinc PCA is a zinc salt that actively binds moisture in the skin &amp; lessens transepidermal water los<span style=""font-size: small;"" data-mce-style=""font-size: small;"">s.<span> </span>It also reduces redness &amp; sebum &amp; collagen production,<span> </span>thus promoting skin healing in general</span></p>
<p data-sourcepos=""5:1-7:12""><span style=""font-size: small;"" data-mce-style=""font-size: small;""><strong>. TIGHTEN ENLARGED PORES AND</strong><strong>SMOOTHENS ORANGE SKIN-LIKE</strong><strong>TEXTURE.</strong></span></p>
<p data-sourcepos=""9:1-11:18""><span style=""font-size: small;"" data-mce-style=""font-size: small;""><strong><meta charset=""utf-8"">. CONTROL SEBUM PRODUCTION</strong><strong>REVIVE SKIN AGAINST DRYNESS &amp;</strong><strong>MOISTURE LOSS.</strong></span></p>
<p data-sourcepos=""13:1-15:35""><span style=""font-size: small;"" data-mce-style=""font-size: small;""><strong><meta charset=""utf-8"">. BALANCE OUT SKIN TONE AND</strong><strong>PHOTODAMAGE SKIN</strong><strong>NON-IRRITATING &amp; NON-ACIDIC <meta charset=""utf-8"">FORMULA</strong></span></p>
<p data-sourcepos=""3:1-4:34""><strong>ACTIVE INGREDIENTS:</strong> </p>
<p data-sourcepos=""3:1-4:34""><b>Niacinamide 8%:</b></p>
<p data-sourcepos=""3:1-4:34"">Mild and versatile enough to improve the skin barrier,<span> </span>visibly tighten wide open pores,<span> </span>optimize sebum production,<span> </span>and heals red blotchy skin.</p>
<p data-sourcepos=""10:1-14:15""><b>Zinc PCA (Pyrrolidone Carboxylic Acid):</b></p>
<p data-sourcepos=""10:1-14:15"">Excellent for reducing skin redness,<span> </span>hydrating the skin,<span> </span>maintaining regular oil,<span> </span>collagen production,<span> </span>and delaying the signs of aging.</p>
<p data-sourcepos=""22:1-22:15""><strong>HOW TO USE:</strong></p>
<p data-sourcepos=""24:3-26:20""><strong>.</strong> On cleansed face,<span> </span>gently spread a few drops of<span> </span><b>Oxido N</b><span> </span>in the morning and evening</p>
<p data-sourcepos=""28:3-30:10""><strong>.</strong> Apply Oxido N before hydrating serum,<span> </span>oil,<span> </span>moisturizer,<span> </span>or sunscreen.</p>
<!---->",Dermlax Shop,Health & Beauty > Personal Care > Cosmetics > Skin Care > Anti-Aging Skin Care,"","",true,Title,Default Title,,,,,,,,"",0.0,shopify,0,deny,manual,1500.00,,true,true,"",https://cdn.shopify.com/s/files/1/0861/7810/3594/files/IMG_0680.jpg?v=1720555522,1,"",false,,,7429,,,,,,,,,,,,,,,,,,,,,,,,,,,,,,,kg,,1086.00,active
acnimax-cleanser-100ml,Acnimax Cleanser,"<p> <strong>Description:</strong> Acnimax Cleanser 100ml is a dermatological cleanser specifically designed for oily, seborrhea, or acne-prone skin. It aims to provide a gentle yet effective cleansing solution that helps manage oil production and prevent acne outbreaks.</p>
<p><strong>Application:</strong></p>
<ul>
<li>Massage a small amount of Acnimax cleanser onto wet skin.</li>
<li>Rinse thoroughly.</li>
<li>Use twice daily for maximum results.</li>
</ul>
<p><strong>Indications:</strong></p>
<ul>
<li>Suitable for all skin types, especially for acne and oily skin.</li>
</ul>
<p><strong>Ingredients:</strong></p>
<ul>
<li>Aqua</li>
<li>Sodium Laureth Sulfate</li>
<li>Glycerin</li>
<li>Cocamidopropyl Betaine</li>
<li>Sodium Chloride</li>
<li>Aloe Barbadensis Extract</li>
<li>Tetra Sodium EDTA</li>
<li>Cocamidopropylamine Oxide</li>
<li>Panthenol</li>
<li>Perfume</li>
<li>Diazolidinyl Urea</li>
<li>Citric Acid</li>
<li>Tocopherol Acetate</li>
<li>Melaleuca Alternifolia-Leaf Oil</li>
<li>Acid Yellow 23</li>
</ul>
<p><strong>Features:</strong></p>
<ul>
<li>Gently cleanses without drying</li>
<li>Maintains skin-friendly pH</li>
<li>Minimizes sebum levels</li>
<li>Non-comedogenic and non-irritating</li>
</ul>
<p><strong>Cautions:</strong></p>
<ul>
<li>For external use only.</li>
<li>Keep out of reach of children.</li>
<li>Store at cool room temperature.</li>
</ul>
<!---->",Dermlax Shop,Health & Beauty > Personal Care > Cosmetics > Skin Care > Makeup Removers,"","",true,Title,Default Title,,,,,,,,"",0.0,shopify,8,deny,manual,690.00,,true,true,"",https://cdn.shopify.com/s/files/1/0861/7810/3594/files/acnimaxcleanser.png?v=1750254710,1,"",false,Acnimax Cleanser 100ml,"Acnimax Cleanser 100ml is a dermatological cleanser specifically designed for oily, seborrhea, or acne-prone skin. It aims to provide a gentle yet effective cleansing solution that helps manage oil production and prevent acne outbreaks.",6034,,,,,,,,,,,,'1,,,,,,,,,,,,,,,,,,,kg,,410.00,active
acnimax-cleanser-100ml,,,,,,,,,,,,,,,,,,,,,,,,,,,,https://cdn.shopify.com/s/files/1/0861/7810/3594/files/acnimax_old.png?v=1750254406,2,"",,,,,,,,,,,,,,,,,,,,,,,,,,,,,,,,,,,,,,
apreglow-tablet,Apreglow Tablet,"<p><strong>Ingredients:</strong></p>
<ul>
<li>Glutathione (BP) - 500 mg</li>
<li>Alpha Lipoic Acid (USP) - 50 mg</li>
<li>Green Tea Extract (USP) - 100 mg</li>
<li>Grape Seed Extract (USP) - 50 mg</li>
<li>Vitamin C (BP) - 120 mg</li>
<li>Vitamin E (BP) - 10 mg</li>
</ul>
<p><strong>Dosage:</strong></p>
<ul>
<li>Take 1 to 2 capsules daily after meals or as directed by a physician.</li>
</ul>
<p><strong>Cautions:</strong></p>
<ul>
<li>Store below 30°C.</li>
<li>Protect from light, heat, and moisture.</li>
<li>Keep all medications out of the reach of children.</li>
</ul>
<!---->",Dermlax Shop,Health & Beauty > Health Care > Fitness & Nutrition > Vitamins & Supplements > Multivitamin Supplements,"","",true,Title,Default Title,,,,,,,,"",0.0,shopify,6,deny,manual,5800.00,,true,true,"",https://cdn.shopify.com/s/files/1/0861/7810/3594/files/Featured_collection_1.png?v=1721570029,1,"",false,,,525,,,,,,,,,,,,,,,,,,,,,,,,,,,,,,,kg,,3960.00,active
ozosun-face-mist,Ozosun Face Spray SPF-60,"<p><strong> Ingredients:</strong></p>
<ul>
<li>Niacinamide</li>
<li>Purified Water</li>
<li>C-12 Alkyl Benzoate</li>
<li>Octyl Methoxy Cinnamate</li>
<li>Octyl Salicylate</li>
<li>Glyceryl Mono Stearate</li>
<li>Glycerine</li>
<li>Avobenzone</li>
<li>Cetyl Alcohol</li>
<li>Titanium Dioxide</li>
<li>Phenoxyethanol</li>
<li>Fragrance</li>
<li>Polysorbate</li>
<li>Allantoin</li>
<li>Carbomer</li>
<li>Disodium Edta</li>
<li>Vitamin-E Acetate</li>
</ul>
<h4>Directions for Use:</h4>
<ul>
<li>Apply Ozosun Face Mist one to two times, six to eight inches away from face, with eyes and mouth closed.</li>
<li>Use in the morning before or after applying moisturizer.</li>
</ul>
<p> </p>
<!---->",Dermlax Shop,Health & Beauty > Personal Care > Cosmetics > Perfumes & Colognes > Body Mists,"","",true,Title,Default Title,,,,,,,,"",0.0,shopify,0,deny,manual,2250.00,,true,true,"",https://cdn.shopify.com/s/files/1/0861/7810/3594/files/ozosunfinal.png?v=1750331309,1,"",false,,,479,,,,,,,,,,,,,,,,,,,,,,,,,,,,,,,kg,,1345.00,active
deep-moist-gel,Deep Moist Gel,"<p> </p>
<p data-sourcepos=""5:1-5:258""><span><b>DESCRIPTION:</b></span></p>
<p data-sourcepos=""3:1-3:373"">Moisture Lock Technology (Humectants HA) provides Dual Dermal and Epidermal Hydration. It attracts water to the topmost layer of the skin and locks it there.<span> </span><b>DEEP MOIST GEL</b><span> </span>is an advanced water-based product that provides long-lasting hydration quickly. It is very lightweight and absorbs readily into the skin as compared to cream-based moisturizers<span> </span><b>DEEP MOIST GEL</b><span> </span>seals water molecules into the skin cells and keeps your skin moisturized for a long period without adding extra oil to the skin during hot and humid climates. Its gel consistency makes it travel-friendly.</p>
<p data-sourcepos=""3:1-3:389""><strong>INGREDIENTS:</strong></p>
<p data-sourcepos=""3:1-3:389"">Deionized Water,<span> </span>Disodium EDTA,<span> </span>Glycerin,<span> </span>Propylene Glycol,<span> </span>Dimethicone,<span> </span>Ceteareth-20,<span> </span>Carbomer,<span> </span>C12-15 Alkyl Benzoate,<span> </span>Dimethicone/Vinyl Dimethicone Crosspolymer,<span> </span>Dimethicone Crosspolymer,<span> </span>Olive Squalane,<span> </span>Sodium PCA,<span> </span>Ceramide-III,<span> </span>Sodium Hyaluronate (As Salt of Hyaluronic Acid),<span> </span>Sodium Hydroxide,<span> </span>Ethylhexylglycerin,<span> </span>Caprylyl Glycol,<span> </span>Phenoxyethanol,<span> </span>Colorant,<span> </span>Fragrance.</p>
<p data-sourcepos=""5:1-5:258""><strong>CAUTIONS:</strong> </p>
<p data-sourcepos=""5:1-5:258"">Avoid contact with eyes.<span> </span>In case of eye contact,<span> </span>rinse your eyes thoroughly with water.<span> </span>Always store it below 30°C.<span> </span>Protect from direct sunlight.<span> </span>Keep out of the reach of children.<span> </span>Do not use it in case of skin irritation,<span> </span>rashes,<span> </span>or allergies.</p>
<p data-sourcepos=""5:1-5:304""><strong>DIRECTIONS TO USE: </strong></p>
<p data-sourcepos=""5:1-5:304"">Take an appropriate amount of<span> </span><b>DEEP MOIST GEL<span> </span></b>and dot it all over your clean and dry skin. Use your forefingers to gently massage the gel moisturizer into the skin using upward and outward motions for rapid absorption. Use this product daily to keep your skin hydrated for 24 hours.</p>
<p data-sourcepos=""7:1-7:31""><strong>SUITABLE FOR ALL SKIN TYPES</strong></p>
<!---->",Dermlax Shop,Uncategorized,"","",true,Title,Default Title,,,,,,,,"",0.0,shopify,0,deny,manual,1600.00,,true,false,"",https://cdn.shopify.com/s/files/1/0861/7810/3594/files/deepmoist.png?v=1750539680,1,"",false,,,,,,,,,,,,,,,'1,,,,,,,,,,,,,,,,,,,kg,,1114.00,active
de-lice-shampoo,De-Lice Shampoo,"<p>De Lice Shampoo</p>
<!---->",Dermlax Shop,Health & Beauty > Personal Care > Hair Care > Shampoo & Conditioner > Conditioners,"","",false,Title,Default Title,,,,,,,,"",0.0,shopify,0,deny,manual,550.00,,true,true,"",https://cdn.shopify.com/s/files/1/0861/7810/3594/files/De-Lice.webp?v=1719337938,1,"",false,,,543616,,,,,,,,,,,,,,,,,,,,,,,,,,,,,,,kg,,,archived
pigmanil-plus-cream,Pigmanil Plus Cream,"<p> </p>
<p data-sourcepos=""5:1-5:108""><b>Precautions: </b></p>
<p data-sourcepos=""5:1-5:108"">Mild redness and irritation may occur during usage. Avoid contact with eyes, protect from light</p>
<p data-sourcepos=""7:1-7:69""><b>Keep the product out of reach of children. بچوں کی پہنچ سے دور رکھیں۔</b></p>
<p data-sourcepos=""9:1-9:48"">For External Use Only. صرف بیرونی استعمال کے لیے</p>
<p data-sourcepos=""11:1-11:48""><b>Storage Condition: </b></p>
<p data-sourcepos=""11:1-11:48"">Keep in cool &amp; dry place.</p>
<p data-sourcepos=""3:1-4:45""><strong>Ingredients:</strong><span> </span>Each gram contains Glycolic acid BP 0.1gm Kojic acid Dipalmitate 0.02gm &amp; Green Tea</p>
<p data-sourcepos=""6:1-6:48""><strong>Usage:</strong><span class=""citation-0""><span> </span>Hyperpigmentation &amp; Melasma</span></p>
<p data-sourcepos=""8:1-12:52""><strong>Direction for Use:</strong><span class=""citation-0 citation-end-0""><span> </span>First wash your face with a cleanser and remove oily residue then apply Pigmanil-Plus</span><span> </span><span class=""citation-1 citation-end-1"">Cream on the affected areas twice daily and gently massage. During sun exposure use ultrablock lotion to prevent the damaging effects of sun rays.</span></p>
<!---->",Dermlax Shop,Uncategorized,"","",true,Title,Default Title,,,,,,,,"",0.0,shopify,20,deny,manual,378.00,,true,true,"",https://cdn.shopify.com/s/files/1/0861/7810/3594/files/IMG_1248.jpg?v=1750538659,1,"",false,,,,,,,,,,,,,,,'3,,,,,,,,,,,,,,,,,,,kg,,217.00,active
pigmanil-k-cream,Pigmanil-K Cream,"<h3 data-start=""320"" data-end=""343""><strong data-start=""324"" data-end=""341"">Key Benefits Of Pigmanil-K Cream 30g:</strong></h3>
<ul data-start=""344"" data-end=""724"">
<li data-start=""344"" data-end=""416"">✨ <strong data-start=""348"" data-end=""377"">Reduces Hyperpigmentation</strong> – Helps fade dark spots and melasma.</li>
<li data-start=""417"" data-end=""484"">🌿 <strong data-start=""422"" data-end=""440"">Brightens Skin</strong> – Evens out skin tone for a radiant look.</li>
<li data-start=""485"" data-end=""563"">🔄 <strong data-start=""490"" data-end=""513"">Exfoliates &amp; Renews</strong> – Glycolic Acid gently removes dead skin cells.</li>
<li data-start=""564"" data-end=""639"">💧 <strong data-start=""569"" data-end=""601"">Lightweight &amp; Fast-Absorbing</strong> – Non-greasy formula for daily use.</li>
<li data-start=""640"" data-end=""724"">🛡️ <strong data-start=""646"" data-end=""671"">Improves Skin Texture</strong> – Enhances smoothness and overall skin appearance.</li>
</ul>
<p data-start=""341"" data-end=""685"">Pigmanil-K Cream is specially formulated to reduce the appearance of hyperpigmentation, melasma, and uneven skin tone. With a powerful blend of Glycolic Acid and Kojic Acid, it gently exfoliates dead skin cells, fades dark spots, and reveals a smoother, more radiant complexion.</p>
<p data-start=""687"" data-end=""926"">Its lightweight and fast-absorbing texture makes it perfect for daily use without leaving a greasy feel. For best results, apply twice daily on clean skin and use a high-protection sunblock during the day to prevent further pigmentation.</p>
<p data-sourcepos=""9:1-9:18""><b>Direction for Use:</b></p>
<p data-sourcepos=""9:1-9:18"">First wash your face with a clean resue apply Pigmanil-K Cream on the affected areas twice daily and gently massage. During sun exposure use Suntrap Sunblock Lotion to prevent the damaging effects of sun rays.</p>
<p data-sourcepos=""3:1-4:51""><b>Ingredients:</b></p>
<p data-sourcepos=""3:1-4:51"">Each gram contains:<span> </span>Glycolic Acid BP 0.1g Kojic Acid (Mfg.<span> </span>Specs) 0.02g</p>
<p data-sourcepos=""6:1-7:31""><b>Usage: </b></p>
<p data-sourcepos=""6:1-7:31"">Hyperpigmentation &amp; Melasma</p>
<p data-sourcepos=""13:1-13:18""><b>Storage Condition:</b></p>
<p data-sourcepos=""15:1-15:26"">Keep cool &amp; dry place.</p>
<p data-sourcepos=""17:1-17:33"">For Health Related Purpose Only.<b></b></p>
<p data-sourcepos=""6:1-7:31""> </p>
<p data-sourcepos=""9:1-9:18""> </p>
<!---->",Dermlax Shop,Uncategorized,"","",true,Title,Default Title,,,,,,,,"",0.0,shopify,21,deny,manual,900.00,,true,true,"",https://cdn.shopify.com/s/files/1/0861/7810/3594/files/pigmanilk.png?v=1750538710,1,"",false,Pigmanil-K Cream 30g,"Pigmanil-K Cream 30g helps fade dark spots, melasma, and pigmentation. Enriched with Glycolic & Kojic Acid for brighter, smoother skin. Ideal for daily use.",,,,,,,,,,,,,'2,,,,,,,,,,,,,,,,,,,kg,,516.00,active
blazee-acne-clarifying-gel,Blazee Acne Clarifying Gel,"<p> <strong>Description:</strong></p>
<p>Blaze Acne Clarifying Gel is an effective solution for managing acne breakouts. Formulated with Salicylic Acid, Oleanolic Acid, Anacidol, and other active ingredients, this gel helps reduce acne lesions and prevent future breakouts. Suitable for all skin types and non-comedogenic, it is dermatologically tested to ensure visible results without causing dryness.</p>
<h3>Key Ingredients:</h3>
<ul>
<li><strong>Anacidol</strong></li>
<li><strong>Oleanolic Acid</strong></li>
<li><strong>Salicylic Acid</strong></li>
<li><strong>Tea Tree Oil</strong></li>
<li><strong>Aloe Vera</strong></li>
<li><strong>Niacinamide</strong></li>
</ul>
<h3>Benefits:</h3>
<ul>
<li>
<strong>Treats Active Acne:</strong> Effectively manages active acne without causing dryness.</li>
<li>
<strong>Reduces Swelling and Inflammation:</strong> Helps to reduce the swelling and inflammation of the skin.</li>
<li>
<strong>Minimizes Old and Stubborn Acne:</strong> Reduces the appearance of old and persistent acne.</li>
<li>
<strong>Prevents Future Breakouts:</strong> Destroys acne-causing bacteria to prevent future breakouts.</li>
</ul>
<h3>Directions for Use:</h3>
<ul>
<li>Apply a thin layer of the gel smoothly and gently to penetrate into the skin.</li>
<li>Use 2-3 times daily or as recommended by your physician.</li>
</ul>
<h3>Cautions:</h3>
<ul>
<li>Avoid contact with eyes; if contact occurs, rinse eyes thoroughly with water.</li>
<li>Store at 30°C in a dry place.</li>
<li>Protect from direct sunlight.</li>
<li>Keep out of the reach of children.</li>
</ul>
<!---->",Dermlax Shop,Uncategorized,"","",true,Title,Default Title,,,,,,,,"",0.0,shopify,26,deny,manual,740.00,,true,true,"",https://cdn.shopify.com/s/files/1/0861/7810/3594/files/blazeegel.png?v=1750535045,1,"",false,,,,,,,,,,,,,,,'1,,,,,,,,,,,,,,,,,,,kg,,409.00,active
hpm-mask,HPM Mask,"<p data-sourcepos=""7:1-7:26""><strong>How to use:</strong> </p>
<p data-sourcepos=""7:1-7:26"">Apply proper amount to hair after cleaning massage gently for 15 to 20 minutes application &amp; clean away with water.</p>
<p data-sourcepos=""7:1-7:26""><strong>Keratin &amp; Collagen:</strong></p>
<p data-sourcepos=""7:1-7:26""><strong></strong><span class=""citation-0 citation-end-0"">Helps thicken and strengthen weak and damaged hair. Its special blend of keratin, vitamins and collagen thickeners provides needed nourishment</span> forstrong, healthy and growing hair. Safe on all types of hair including natural, color treated and relaxed work wonders on thinning edges and temple areas.<span class=""button-container ng-star-inserted"" _ngcontent-ng-c2016813655="""">   </span></p>
<div class=""container"" _ngcontent-ng-c963642693="""" jslog=""220997;BardVeMetadataKey:[null,null,null,null,null,null,null,null,null,null,null,null,null,null,null,[1,null,1]]"">
<div class=""carousel-container"" _ngcontent-ng-c963642693="""">
<div class=""carousel-content"" _ngcontent-ng-c963642693="""">
<div data-test-id=""sources-carousel-source"" class=""sources-carousel-source hide ng-star-inserted"" _ngcontent-ng-c963642693="""">
<div class=""source-card-container"" _ngcontent-ng-c265615122="""">
<div class=""source-card-content"" _ngcontent-ng-c265615122=""""><strong>Comp</strong></div>
<div class=""source-card-content"" _ngcontent-ng-c265615122=""""><br></div>
<div class=""source-card-content"" _ngcontent-ng-c265615122="""">Argan Oil, Avocado, Alovera, Tea Tree Oil, Rose Marry Oil, Flax Seed, Hydrolyzed Collagen, Amla, Biotin, Olive Oil.</div>
</div>
</div>
</div>
</div>
</div>
<!---->",Dermlax Shop,Uncategorized,"","",false,Title,Default Title,,,,,,,,"",0.0,shopify,10,deny,manual,4000.00,,true,true,"",https://cdn.shopify.com/s/files/1/0861/7810/3594/files/10_3eff10be-af6d-40e9-b386-42f1eb5c5d97.png?v=1711792509,1,"",false,,,,,,,,,,,,,,,,,,,,,,,,,,,,,,,,,,kg,,2520.00,archived
conaz-lotion,Conaz Lotion,"",Dermlax Shop,Uncategorized,"","",false,Title,Default Title,,,,,,,,"",0.0,shopify,0,deny,manual,350.00,,true,true,"",https://cdn.shopify.com/s/files/1/0861/7810/3594/files/6_46de1fcc-8a56-496f-bdf8-89e7e941848e.png?v=1710334853,1,"",false,,,,,,,,,,,,,,,,,,,,,,,,,,,,,,,,,,kg,,,archived
pro-nexa,Pro-Nexa,"",Dermlax Shop,Uncategorized,"","",true,Title,Default Title,,,,,,,,"",0.0,shopify,0,deny,manual,1450.00,,true,true,"",https://cdn.shopify.com/s/files/1/0861/7810/3594/files/3_8d5b35c8-f5d0-4545-b7a3-2e9ea66d7441.png?v=1710334771,1,"",false,,,,,,,,,,,,,,,,,,,,,,,,,,,,,,,,,,kg,,,active
care-acne,V Care anti-acne serum,"<p> </p>
<p data-sourcepos=""3:1-3:29""><b>DESCRIPTON:</b></p>
<p data-sourcepos=""5:1-5:3""><strong>Care Acne Anti-Acne Serum. </strong>Aids in the prevention of uneven skin tone and clogged pores. Its active ingredients reduce scars, acne, acne-related discoloration, and other skin blemishes to get crystal clear skin. It also stimulates collagen synthesis to maintain skin smoothness and firmness.</p>
<p data-sourcepos=""3:1-3:152""><strong>NGREDIENTS:</strong> </p>
<p data-sourcepos=""3:1-3:152"">Deionized Water, Disodium EDTA, Acrylate Polymers, Glycerin, Propylene Glycol, Sorbitan Monolaurate, 2,4-Dihydroxy-N-(3-hydroxypropyl)-3,3-dimethylbutanamide, Sodium Hyaluronate (as Contained Hyaluronic Acid), Potassium Azeloyl Diglycinate, Allantoin, Triethanolamine, Caprylyl Glycol, Phenoxyethanol.</p>
<p data-sourcepos=""7:1-7:17""><strong>HOW TO APPLY:</strong></p>
<p data-sourcepos=""9:1-9:161"">First, cleanse your skin. Take 3-5 drops of this acne serum on your palm. Apply gently on affected areas. Use it before bedtime<strong>.</strong></p>
<p data-sourcepos=""9:1-9:161""><strong> SUITABLE FOR ALL SKIN TYPES.</strong></p>
<p data-sourcepos=""11:1-11:13""><strong>CAUTIONS:</strong></p>
<p data-sourcepos=""13:1-13:25"">Avoid contact with eyes. In case of eye contact, rinse eyes thoroughly with water. Always store it below 30°C. Protect from direct sunlight. Keep out of the reach of children. Do not use in case of skin irritation, rashes, or allergies.</p>
<p data-sourcepos=""15:1-15:25"">FOR EXTERNAL USE ONLY</p>
<p data-sourcepos=""15:1-15:25""> </p>
<!---->",Dermlax Shop,Uncategorized,"","",false,Title,Default Title,,,,,,,,"",0.0,shopify,0,deny,manual,2400.00,,true,true,"",https://cdn.shopify.com/s/files/1/0861/7810/3594/files/1_b5830e05-f77d-4a93-8d2e-c32a83ca90f0.png?v=1710334602,1,"",false,,,,,,,,,,,,,,,,,,,,,,,,,,,,,,,,,,kg,,1512.00,draft
acne-wipe,Acne Wipe,"",Dermlax Shop,Uncategorized,"","",false,Title,Default Title,,,,,,,,"",0.0,shopify,0,deny,manual,350.00,,true,true,"",https://cdn.shopify.com/s/files/1/0861/7810/3594/files/0.png?v=1710334532,1,"",false,,,,,,,,,,,,,,,,,,,,,,,,,,,,,,,,,,kg,,,archived
c-vita-cream-30g,C-Vita cream,"<h3 data-end=""318"" data-start=""295""><strong data-end=""316"" data-start=""299"">Key Benefits Of C-Vita Cream 30g:</strong></h3>
<ul data-end=""673"" data-start=""319"">
<li data-end=""388"" data-start=""319"">✨ <strong data-end=""341"" data-start=""323"">Brightens Skin</strong> – Enhances radiance and evens out skin tone.</li>
<li data-end=""465"" data-start=""389"">🛡️ <strong data-end=""421"" data-start=""395"">Antioxidant Protection</strong> – Shields skin from environmental damage.</li>
<li data-end=""532"" data-start=""466"">💧 <strong data-end=""497"" data-start=""471"">Hydrating &amp; Nourishing</strong> – Keeps skin soft and refreshed.</li>
<li data-end=""600"" data-start=""533"">🌿 <strong data-end=""561"" data-start=""538"">Lightweight Formula</strong> – Absorbs easily without greasiness.</li>
<li data-end=""673"" data-start=""601"">🔄 <strong data-end=""628"" data-start=""606"">Daily Skin Support</strong> – Helps maintain a healthy, youthful look.</li>
</ul>
<p data-end=""525"" data-start=""201"">C-Vita Cream is a powerful yet gentle skincare solution designed to brighten dull skin, even out skin tone, and restore natural radiance. Enriched with natural <strong data-end=""387"" data-start=""361"">Lemon Extract (Eu. Ph)</strong>, it delivers a rich dose of <strong data-end=""429"" data-start=""416"">Vitamin C</strong>, a well-known antioxidant that helps protect the skin from environmental stress and sun damage.</p>
<p data-end=""830"" data-start=""527"">This lightweight, fast-absorbing formula deeply <strong data-end=""601"" data-start=""575"">hydrates and nourishes</strong> without feeling greasy, making it ideal for daily use on all skin types. Regular application helps reduce the appearance of dark spots, supports collagen production, and leaves your skin visibly smoother, healthier, and glowing.</p>
<p data-sourcepos=""3:1-3:16""><strong>Ingredients:</strong></p>
<p data-sourcepos=""5:1-5:53"">Each gram contains: Lemon Extract (Eu. Ph).... 0.15ml</p>
<p data-sourcepos=""11:1-11:22""><strong>Direction for Use:</strong></p>
<p data-sourcepos=""13:1-15:25"">First wash your face with a cleanser then apply C-Vita Cream on the desired areas twice daily and gently massage.<strong></strong><b></b><b></b></p>
<p data-sourcepos=""11:1-11:18""><b>Storage Condition:</b></p>
<p data-sourcepos=""13:1-13:29"">Keep in cool &amp; dry place.</p>
<p data-sourcepos=""15:1-15:33"">For Health Related Purpose Only.</p>
<p data-sourcepos=""3:1-3:16""><strong>Usage:</strong></p>
<p data-sourcepos=""9:1-9:30"">As a Natural Skin Antioxidant.</p>
<p data-sourcepos=""11:1-11:22""> </p>
<!---->",Dermlax Shop,Uncategorized,"","",true,Title,Default Title,,,,,,,,"",0.0,shopify,9,deny,manual,543.00,,true,true,"",https://cdn.shopify.com/s/files/1/0861/7810/3594/files/cvita.png?v=1750538528,1,"",false,C-Vita cream 30g,"C-Vita Cream 30g brightens skin, evens tone, and protects with antioxidants. Lightweight, hydrating formula for a healthy, radiant glow.",,,,,,,,,,,,,'3,,,,,,,,,,,,,,,,,,,kg,,312.00,active
pharmaceris,Acipeel,"",Dermlax Shop,Uncategorized,"","",false,Title,Default Title,,,,,,,,"",0.0,shopify,0,deny,manual,3750.00,,true,true,"",https://cdn.shopify.com/s/files/1/0861/7810/3594/files/9022a705161ff42b7879d88f1fd6d0e8.png?v=1710334316,1,"",false,,,,,,,,,,,,,,,,,,,,,,,,,,,,,,,,,,kg,,,draft
fute-acne-clarifying-gel,Fute Acne Clarifying Gel,"",Dermlax Shop,Uncategorized,"","",false,Title,Default Title,,,,,,,,"",0.0,shopify,0,deny,manual,1350.00,,true,true,"",https://cdn.shopify.com/s/files/1/0861/7810/3594/files/20.png?v=1710272146,1,"",false,,,,,,,,,,,,,,,,,,,,,,,,,,,,,,,,,,kg,,,archived
morvil-nutrition-vitality,Morvil multivitamin,"<p> </p>
<p><strong>Composition:</strong></p>
<ul>
<li>Vitamin A: 2000 IU</li>
<li>Vitamin C: 75 mg</li>
<li>Vitamin D: 200 IU</li>
<li>Vitamin E: 25 IU</li>
<li>Vitamin B1: 1.2 mg</li>
<li>Vitamin B2: 1.3 mg</li>
<li>Vitamin B3: 10 mg</li>
<li>Vitamin B6: 2 mg</li>
<li>Vitamin B9 (L-Methyl Folate): 200 mcg</li>
<li>Vitamin B12: 2 mcg</li>
<li>Biotin: 200 mcg</li>
<li>Vitamin B5: 5 mg</li>
<li>Calcium (as Carbonate): 125 mg</li>
<li>Iron (as Bisglycinate): 5 mg</li>
<li>Iodine: 30 mcg</li>
<li>Magnesium (as Oxide): 20 mg</li>
<li>Zinc Sulphate: 10 mg</li>
<li>Manganese (as Sulphate): 1 mg</li>
<li>Moringa Oleifera: 200 mg</li>
<li>Co-enzyme Q10: 5 mg</li>
<li>Pine Bark Extract: 5 mg</li>
<li>Grape Seed Extract: 5 mg</li>
<li>Alpha Lipoic Acid: 20 mg</li>
<li>L-Cysteine: 10 mg</li>
</ul>
<p><strong>Dosage:</strong> Take 1-2 tablets daily, preferably with a meal or as directed by the doctor.</p>
<p><strong>Cautions:</strong></p>
<ul>
<li>Keep all medicines out of reach of children.</li>
<li>Avoid exposure to light and heat.</li>
<li>Store in a cool and dry place.</li>
</ul>
<!---->",Dermlax Shop,Uncategorized,"","",true,Title,Default Title,,,,,,,,"",0.0,shopify,6,deny,manual,1500.00,,true,true,"",https://cdn.shopify.com/s/files/1/0861/7810/3594/files/morvil.png?v=1751111164,1,"",false,,,,,,,,,,,,,,,,,,,,,,,,,,,,,,,,,,kg,,1080.00,active
morvil-nutrition-vitality,,,,,,,,,,,,,,,,,,,,,,,,,,,,https://cdn.shopify.com/s/files/1/0861/7810/3594/files/18.png?v=1751111164,2,"",,,,,,,,,,,,,,,,,,,,,,,,,,,,,,,,,,,,,,
retrieve-cream,Retrieve Cream,"",Dermlax Shop,Uncategorized,"","",false,Title,Default Title,,,,,,,,"",0.0,shopify,0,deny,manual,370.00,,true,true,"",https://cdn.shopify.com/s/files/1/0861/7810/3594/files/17.png?v=1710271958,1,"",false,,,,,,,,,,,,,,,,,,,,,,,,,,,,,,,,,,kg,,,archived
picno-plus,Picno Plus,"",Dermlax Shop,Uncategorized,"","",false,Title,Default Title,,,,,,,,"",0.0,shopify,0,deny,manual,790.00,,true,true,"",https://cdn.shopify.com/s/files/1/0861/7810/3594/files/16.png?v=1710271883,1,"",false,,,,,,,,,,,,,,,,,,,,,,,,,,,,,,,,,,kg,,,archived
cinn-pam-capsules,CINN PAM Capsules,"<h4>Ingredients:</h4>
<ul>
<li>
<strong>L-Glutathione</strong>: 1000mg</li>
<li>
<strong>Hydrolyzed Collagen</strong>: 50mg</li>
<li>
<strong>Pycnogenol</strong>: 75mg</li>
<li>
<strong>Vitamin C</strong>: 60mg</li>
</ul>
<h4>Benefits:</h4>
<ul>
<li>Helps to reduce hyperpigmentation, acne scars, sunburns, fine lines, freckles, and marks on the skin.</li>
<li>Supports a brighter, smoother, and even-toned skin complexion.</li>
<li>Provides antioxidant benefits and boosts the immune system.</li>
<li>Promotes overall skin health and radiance.</li>
</ul>
<h4>Usage Instructions:</h4>
<ul>
<li>Take one capsule daily, or as directed by a physician.</li>
</ul>
<h4>Caution:</h4>
<ul>
<li>Store in a cool, dry area (below 25°C), away from direct sunlight.</li>
<li>Keep out of the reach of children.</li>
</ul>
<!---->",Dermlax Shop,Uncategorized,"","",true,Title,Default Title,,,,,,,,"",0.0,shopify,7,deny,manual,3800.00,,true,true,"",https://cdn.shopify.com/s/files/1/0861/7810/3594/files/12_8161286b-7756-4dbd-b0f8-9984f2c1c9ee.png?v=1751771258,1,"",false,,,,,,,,,,,,,,,'2,,,,,,,,,,,,,,,,,,,kg,,2394.00,active
cinn-pam-capsules,,,,,,,,,,,,,,,,,,,,,,,,,,,,https://cdn.shopify.com/s/files/1/0861/7810/3594/files/cinn_pam.png?v=1751771258,2,"",,,,,,,,,,,,,,,,,,,,,,,,,,,,,,,,,,,,,,
cola-zinc-tablets,Cola Zinc Tablets,"<p> <strong>Description:</strong></p>
<ul>
<li><strong>Hydrolyzed Marine Collagen + Vitamin C + Zinc</strong></li>
<li>For youthful skin, strong nails, and healthy hair</li>
</ul>
<p><strong>Composition (per tablet):</strong></p>
<ul>
<li>Hydrolyzed Marine Collagen: 1000 mg</li>
<li>Vitamin C (USP): 20 mg</li>
<li>Zinc (USP): 10 mg</li>
</ul>
<p><strong>Dosage:</strong></p>
<ul>
<li>2 tablets daily, preferably on an empty stomach for maximum absorption.</li>
</ul>
<p><strong>Instructions:</strong></p>
<ul>
<li>Protect from sunlight, heat, and moisture.</li>
<li>Store below 25°C.</li>
<li>Keep out of the reach of children.</li>
</ul>
<h3>Benefits:</h3>
<ul>
<li>Supports skin health, nail strength, and hair vitality.</li>
<li>Provides essential nutrients that contribute to youthful and healthy appearance.</li>
</ul>
<!---->",Dermlax Shop,Uncategorized,"","",true,Title,Default Title,,,,,,,,"",0.0,shopify,10,deny,manual,1450.00,,true,true,"",https://cdn.shopify.com/s/files/1/0861/7810/3594/files/11_ec523985-bfc4-47e9-9016-d53c2dd50d96.png?v=1710271586,1,"",false,,,,,,,,,,,,,,,'2,,,,,,,,,,,,,,,,,,,kg,,813.00,active
neutree-x,Neutree-X,"<p> <strong>Ingredients:</strong></p>
<ul>
<li>Vitamin E (USP): 40mg</li>
<li>Vitamin K (USP): 70mcg</li>
<li>Vitamin C (USP): 70mg</li>
<li>Collagen Hydrolyzed Gelatin: 60mg</li>
<li>Vitamin B1 (USP): 30mg</li>
<li>Vitamin B2 (USP): 20mg</li>
<li>Vitamin B3 (USP): 20mg</li>
<li>Vitamin B6 (USP): 10mg</li>
<li>Folic Acid (USP): 400mcg</li>
<li>Vitamin B12 (USP): 10mcg</li>
<li>Vitamin D3 (Eur. Ph): 20mcg</li>
<li>Biotin (USP): 500mcg</li>
<li>Pantothenic Acid (USP): 15mg</li>
<li>Magnesium Sulphate (USP): 150mg</li>
<li>Iron (as Bisglycinate Decfa): 20mg</li>
<li>Zinc Sulphate (USP): 10mg</li>
<li>Calcium: 500mg</li>
<li>Potassium Iodide (USP): 200mcg</li>
<li>Beta Carotene (USP): 25mg</li>
<li>Niacin: 25mg</li>
<li>Hyaluronic Acid: 20mg</li>
<li>Selenium: 100mcg</li>
</ul>
<p><strong>Benefits:</strong></p>
<ul>
<li>Supports healthy hair and nails with Zinc, Biotin, and Selenium.</li>
<li>Prevents free radical damage and premature aging.</li>
<li>Enhances metabolic processes and improves physical and mental stamina.</li>
<li>Maintains a healthy heart, liver, circulatory system, and overall body functionality.</li>
<li>Provides beneficial levels of B-complex vitamins, iron, and zinc.</li>
<li>Aids in the treatment and prevention of vitamin and mineral deficiencies.</li>
<li>Helps ensure quick recovery from illnesses.</li>
<li>Improves general health and overall well-being.</li>
</ul>
<p><strong>Usage:</strong> These multivitamin tablets are formulated to provide essential nutrients to support healthy skin, hair, and nails, as well as overall body health. Suitable for those looking to prevent deficiencies and enhance their physical and mental health.</p>
<!---->",Dermlax Shop,Uncategorized,"","",true,Title,Default Title,,,,,,,,"",0.0,shopify,10,deny,manual,1450.00,,true,true,"",https://cdn.shopify.com/s/files/1/0861/7810/3594/files/neutree_x.png?v=1751111023,1,"",false,,,,,,,,,,,,,,,,,,,,,,,,,,,,,,,,,,kg,,732.00,active
neutree-x,,,,,,,,,,,,,,,,,,,,,,,,,,,,https://cdn.shopify.com/s/files/1/0861/7810/3594/files/9_0efc176a-b404-491c-9453-d054714ed18b.png?v=1751111023,2,"",,,,,,,,,,,,,,,,,,,,,,,,,,,,,,,,,,,,,,
scarloc-gel,Scarloc Gel,"",Dermlax Shop,Uncategorized,"","",false,Title,Default Title,,,,,,,,"",0.0,shopify,0,deny,manual,1720.00,,true,true,"",https://cdn.shopify.com/s/files/1/0861/7810/3594/files/8_3fa5c4b1-3ee4-4a0b-a879-91bd44b42cf0.png?v=1710271405,1,"",false,,,,,,,,,,,,,,,,,,,,,,,,,,,,,,,,,,kg,,,archived
lirene-c-d-vitamin-energy-pro,Lirene C+D Night Serum,"",Dermlax Shop,Uncategorized,"","",false,Title,Default Title,,,,,,,,"",0.0,shopify,0,deny,manual,3125.00,,true,true,"",https://cdn.shopify.com/s/files/1/0861/7810/3594/files/7_4321b459-a09d-4c5b-968c-0e71ca824896.png?v=1710271310,1,"",false,,,,,,,,,,,,,,,,,,,,,,,,,,,,,,,,,,kg,,,archived
maz-clarity-anti-acne-toner,Maz Clarity Anti Acne Toner,"",Dermlax Shop,Uncategorized,"","",true,Title,Default Title,,,,,,,,"",0.0,shopify,0,deny,manual,1200.00,,true,true,"",https://cdn.shopify.com/s/files/1/0861/7810/3594/files/6_364316da-7c69-47a7-88e4-052a915c613e.png?v=1710269808,1,"",false,,,,,,,,,,,,,,,,,,,,,,,,,,,,,,,,,,kg,,,active
lirene-c-d,Lirene C+D Gel Moisturizer,"<p data-sourcepos=""3:1-3:42""><strong><span style=""font-size: large;"">Moisturizing and brightening cream-gel</span></strong></p>
<p data-sourcepos=""5:1-5:183""><span class=""citation-0 citation-end-0"">Unique combination of ultra-modern form of vitamin DuoC, in combination with vitamin Dpro, protects the skin's multidimensional quality, guaranteeing spectacular effects:</span><span class=""button-container ng-star-inserted"" _ngcontent-ng-c24424143="""">  </span></p>
<p data-sourcepos=""7:1-7:254""><strong>BRIGHTENING AND FIRMNESS:</strong></p>
<p data-sourcepos=""7:1-7:254"">vitamin DuoC penetrates into the skin protecting cellular DNA and activates<span> </span><span class=""citation-1 citation-end-1"">collagen synthesis. Vitamin Dpro activates the VDR receptors, rejuvenates the epidermis and promotes the regeneration of micro-lesions.</span><span class=""button-container ng-star-inserted"" _ngcontent-ng-c24424143="""">  </span></p>
<p data-sourcepos=""9:1-9:291""><strong>ENERGY &amp; HYDRATION BOOST:</strong> </p>
<p data-sourcepos=""9:1-9:291"">a<span> </span><span class=""citation-2 citation-end-2"">unique SkinRESTART complex, rich in polysaccharides, micronutrients, vitamins and flavonoids, revitalizes skin cells, supporting metabolic processes. Stabilized vitamin E encapsulated in microspheres, ensures protection against free radicals.</span><span class=""button-container ng-star-inserted"" _ngcontent-ng-c24424143="""">  </span></p>
<p data-sourcepos=""11:1-11:159""><strong><span style=""font-size: large;"">Directions to use:</span></strong></p>
<p data-sourcepos=""11:1-11:159"">Apply in the morning and evening to the cleansed skin of face and neck. For better results, use together with StimuSerum in the evening.</p>
<p data-sourcepos=""25:1-26:64""> </p>
<!---->",Dermlax Shop,Uncategorized,"","",true,Title,Default Title,,,,,,,,"",0.0,shopify,4,deny,manual,2900.00,,true,true,"",https://cdn.shopify.com/s/files/1/0861/7810/3594/files/lirenec_dfinal.png?v=1750274164,1,"",false,,,,,,,,,,,,,,,,,,,,,,,,,,,,,,,,,,kg,,1912.00,active
lirene-c-d,,,,,,,,,,,,,,,,,,,,,,,,,,,,https://cdn.shopify.com/s/files/1/0861/7810/3594/files/lirene_c_d_2.webp?v=1750274181,2,"",,,,,,,,,,,,,,,,,,,,,,,,,,,,,,,,,,,,,,
e,Vitamin E+Capsule,"<p> <strong>Composition:</strong></p>
<p data-original-attrs='{""data-sourcepos"":""9:1-9:30""}'>Each softgel capsule contains:</p>
<p data-original-attrs='{""data-sourcepos"":""11:1-12:43""}'>Evening Primrose Oil (USP) 500mg Vitamin E (B.P.) 14.10mg</p>
<p data-original-attrs='{""data-sourcepos"":""14:1-14:27""}'>Product complies USP Specs.</p>
<p data-original-attrs='{""data-sourcepos"":""16:1-16:11""}'><strong>Dosage:</strong></p>
<p data-original-attrs='{""data-sourcepos"":""18:1-18:74""}'>One capsule daily or as advised by your qualified healthcare practitioner.</p>
<p data-original-attrs='{""data-sourcepos"":""20:1-20:17""}'><strong>Instructions:</strong></p>
<p data-original-attrs='{""data-sourcepos"":""22:1-23:22""}'>Protect from light, heat and moisture. Store at 15°C to 25°C.</p>
<p data-original-attrs='{""data-sourcepos"":""25:1-25:16""}'><strong>Precautions:</strong></p>
<p data-original-attrs='{""data-sourcepos"":""27:1-28:45""}'>Keep out of the reach of children. Improper storage may deteriorate the product.</p>
<p data-original-attrs='{""data-sourcepos"":""30:1-30:26""}'><strong>Nutritional Supplement</strong></p>",Dermlax Shop,Uncategorized,"","",false,Title,Default Title,,,,,,,,"",0.0,shopify,0,deny,manual,1040.00,,true,true,"",https://cdn.shopify.com/s/files/1/0861/7810/3594/files/e_plus.png?v=1751111416,1,"",false,,,,,,,,,,,,,,,,,,,,,,,,,,,,,,,,,,kg,,,draft
e,,,,,,,,,,,,,,,,,,,,,,,,,,,,https://cdn.shopify.com/s/files/1/0861/7810/3594/files/5_b62859ae-1a13-47b3-9d74-c2bc71a600a7.png?v=1751111416,2,"",,,,,,,,,,,,,,,,,,,,,,,,,,,,,,,,,,,,,,
collagen-plus-drinkabale,BELA Collagen Plus Drinkabale,"<p data-sourcepos=""3:1-3:24""><b><span style=""font-size: large;"">Dosage and Instructions:</span></b></p>
<ul>
<li data-sourcepos=""5:5-6:0"">Store at room temperature in a dry place. </li>
<li data-sourcepos=""5:5-6:0"">Protect from direct sunlight. </li>
<li data-sourcepos=""5:5-6:0"">Do not use for injection.</li>
<li data-sourcepos=""5:5-6:0"">Keep out of reach of children.</li>
<li data-sourcepos=""5:5-6:0"">Read dosage &amp; administration carefully before use or as directed by physician.</li>
</ul>
<p><b>  Nutritional Supplement - Not for treatment of any disease </b></p>
<p><strong><span style=""font-size: large;"">Composition:</span></strong></p>
<p><strong>Each 5ml contains:</strong></p>
<ul>
<li data-sourcepos=""4:5-4:20"">Collagen 500mg</li>
<li data-sourcepos=""5:5-6:0"">Glutathione 300mg</li>
</ul>
<p><span style=""font-size: large;""><b>(</b>Product complies Hi-Nutrition specs.<b>)</b></span></p>
<!---->",Dermlax Shop,Uncategorized,"","",false,Title,Default Title,,,,,,,,"",0.0,shopify,0,deny,manual,1390.00,,true,true,"",https://cdn.shopify.com/s/files/1/0861/7810/3594/files/4_a1255c2c-f846-4fe2-9a25-1623bee6b520.png?v=1708785051,1,"",false,,,,,,,,,,,,,,,,,,,,,,,,,,,,,,,,,,kg,,857.00,draft
glanz-tablet,Glanz Tablet,"",Dermlax Shop,Uncategorized,"","",false,Title,Default Title,,,,,,,,"",0.0,shopify,0,deny,manual,990.00,,true,true,"",https://cdn.shopify.com/s/files/1/0861/7810/3594/files/3_34c73b27-26b7-4d76-870b-682aa74ff2da.png?v=1708784974,1,"",false,,,,,,,,,,,,,,,,,,,,,,,,,,,,,,,,,,kg,,742.00,archived
glutazam-c,Glutazam-C,"",Dermlax Shop,Uncategorized,"","",false,Title,Default Title,,,,,,,,"",0.0,shopify,0,deny,manual,1525.00,,true,true,"",https://cdn.shopify.com/s/files/1/0861/7810/3594/files/2_32e164e3-324b-4f91-b8af-d9814ea8d031.png?v=1708784915,1,"",false,,,,,,,,,,,,,,,,,,,,,,,,,,,,,,,,,,kg,,1331.00,archived
wealthione,Wealthione,"<p> </p>
<p> <strong><span style=""font-size: large;"">Composition:</span></strong><strong><span style=""font-size: large;""></span></strong></p>
<p data-sourcepos=""13:1-13:21""> <strong><span style=""font-size: x-large;"">.</span><span style=""font-size: x-large;""> </span>Each tablet contains:</strong></p>
<p data-sourcepos=""13:1-13:21""> <b><span style=""font-size: x-large;"">. </span></b>L-Glutathione 500mg </p>
<p data-sourcepos=""15:1-19:33""> <b><span style=""font-size: x-large;"">. </span></b>Alpha lipoic acid 50mg </p>
<p data-sourcepos=""15:1-19:33""> <b><span style=""font-size: x-large;"">. </span></b>Sodium ascorbate 50mg </p>
<p data-sourcepos=""15:1-19:33""> <b><span style=""font-size: x-large;"">. </span></b>Collagen peptide 250mg</p>
<p data-sourcepos=""15:1-19:33""> <b><span style=""font-size: x-large;"">. </span></b>Vitamin E 100mg</p>
<p data-sourcepos=""21:1-21:19""><strong><span style=""font-size: large;"">Features:</span></strong> </p>
<ul data-sourcepos=""23:1-29:61"">
<li data-sourcepos=""23:1-23:43""><span class=""citation-0"">Clarifies your body's skin tone UNIFORMLY</span></li>
<li data-sourcepos=""24:1-24:61"">
<span class=""citation-0"">It<span> </span></span><span class=""citation-0 citation-1"">improves the tone and radiance of your complexion.</span>
</li>
<li data-sourcepos=""25:1-25:51""><span class=""citation-0 citation-1"">Whitens your skin, and gives you an instant glow.</span></li>
<li data-sourcepos=""26:1-26:76"">
<span class=""citation-0 citation-1 citation-end-0"">Brighten</span><span class=""citation-1 citation-end-1""><span> </span>dull skin tone and lighten hyperpigmentation</span><span> </span>spots</li>
<li data-sourcepos=""26:1-26:76"">Lightens scars and restores skin back to its original state.</li>
<li data-sourcepos=""28:1-28:23"">Boosts Immune system.</li>
<li data-sourcepos=""29:1-29:61"">Most powerful anti oxidant with best anti aging properties.</li>
</ul>
<div>
<p data-sourcepos=""6:1-6:12""><strong><span style=""font-size: large;"">Caution:</span></strong></p>
<ul data-sourcepos=""8:1-14:0"">
<li data-sourcepos=""8:1-8:60"">Keep out the reach of children.</li>
<li data-sourcepos=""9:1-9:24"">Store between 15-30°C.</li>
<li data-sourcepos=""10:1-10:35"">Protect from heat &amp; moisture.</li>
</ul>
<p data-sourcepos=""45:1-45:11""><strong><span style=""font-size: large;"">Dosage:</span></strong></p>
<p data-sourcepos=""47:1-48:16"">1 tablet daily or as advised by the physician</p>
<div>This is a Nutraceutical/Herbal product enlisted under the Health Act 2012 1580 4123 in accordance with DRA Act. (XX) of 20121<b><span style=""font-size: x-large;""> </span></b>
</div>
</div>
<!---->",Dermlax Shop,Uncategorized,"","",true,Title,Default Title,,,,,,,,"",0.0,shopify,0,deny,manual,3650.00,,true,true,"",https://cdn.shopify.com/s/files/1/0861/7810/3594/files/wealthione.png?v=1751111256,1,"",false,,,,,,,,,,,,,,,'2,,,,,,,,,,,,,,,,,,,kg,,1902.00,active
wealthione,,,,,,,,,,,,,,,,,,,,,,,,,,,,https://cdn.shopify.com/s/files/1/0861/7810/3594/files/Untitleddesign_15.png?v=1751111256,2,"",,,,,,,,,,,,,,,,,,,,,,,,,,,,,,,,,,,,,,
wealthione,,,,,,,,,,,,,,,,,,,,,,,,,,,,https://cdn.shopify.com/s/files/1/0861/7810/3594/files/Untitled_design_16.png?v=1751111256,3,"",,,,,,,,,,,,,,,,,,,,,,,,,,,,,,,,,,,,,,
bela-lotion,Bela body fairness Lotion,"<div class=""markdown markdown-main-panel"" dir=""ltr"" _ngcontent-ng-c3506914746="""">
<p data-sourcepos=""5:1-5:505""><strong><span class=""citation-0"">Ingredients:</span></strong></p>
<p data-sourcepos=""5:1-5:505""><span class=""citation-0 citation-end-0"">Deionized Water, Glycerin, Liquid Paraffin, White Soft Paraffin, Glyceryl Stearate &amp; PEG-100 Stearate, Stearic Acid, Caprylic/Capric Triglycerid,</span><span> </span><span class=""citation-1 citation-end-1"">Dimethicon, Ceteareth-20, Glutathione, Kojic Acid, Sodium Ascorbyl Phosphate, Lactic Acid, Sodium Lactate, Zinc Oxide, Titanium Dioxide, Octyl Methoxycinnamate, Aloe Vera Extract, Licorice Root Extract, Grape Seed Oil, Triethanolamine, DMDM Hydantoin, Methyl Paraben, Propyl Paraben, Colouring Agents, Fragrance.</span> </p>
<p data-sourcepos=""7:1-7:125""><strong>Directions For Use:</strong></p>
<p data-sourcepos=""7:1-7:125"">Apply a generous amount on the skin and gently massage. For best result, use after bath on damp skin.</p>
<p data-sourcepos=""9:1-9:188""><strong><span class=""citation-2"">Cautions:</span></strong></p>
<p data-sourcepos=""9:1-9:188""><span class=""citation-2 citation-end-2"">Avoid contact with eyes. If contact occurs, rinse eyes thoroughly with water. Store below 30°C. Protect from direct sunlight. Keep out of the reach of children.</span></p>
<div class=""container"" _ngcontent-ng-c2447517384=""""><br></div>
</div>
<div class=""response-footer gap complete"" _ngcontent-ng-c4248298115="""">
<div class=""show-sources-container ng-star-inserted"" _ngcontent-ng-c3696358005=""""><br></div>
</div>
<!---->",Dermlax Shop,Uncategorized,"","",false,Title,Default Title,,,,,,,,"",0.0,shopify,0,deny,manual,1062.00,,true,true,"",https://cdn.shopify.com/s/files/1/0861/7810/3594/files/belabody.png?v=1750538873,1,"",false,,,,,,,,,,,,,,,,,,,,,,,,,,,,,,,,,,kg,,508.00,draft
belleza-white-cream,Belleza White Cream,"<h3>Key Ingredients:</h3>
<ul>
<li>
<strong>Glutathione (2%):</strong> A powerful antioxidant that helps lighten the skin and reduce pigmentation.</li>
<li>
<strong>Alpha Arbutin (3%):</strong> Helps to even out skin tone and reduce dark spots.</li>
<li>
<strong>Aloe Vera (4%):</strong> Provides hydration and soothes the skin.</li>
<li>
<strong>Sepi White:</strong> Helps in brightening the skin.</li>
</ul>
<h3>Benefits:</h3>
<ul>
<li>
<strong>Brightens Skin:</strong> Safely inhabits brown pigments for a more even skin tone.</li>
<li>
<strong>Reduces Dark Circles:</strong> Minimizes dark circles for a refreshed look.</li>
<li>
<strong>Moisturizes Skin:</strong> Replenishes the skin’s natural moisture level.</li>
<li>
<strong>For All Skin Types:</strong> Suitable for use on all skin types.</li>
</ul>
<h3>Directions for Use:</h3>
<ul>
<li>Apply as prescribed by a physician.</li>
<li>Belleza White Cream can be used both day and night.</li>
<li>Massage gently until the cream is absorbed.</li>
</ul>
<h3>Storage:</h3>
<ul>
<li>Keep in a cool and dry place.</li>
<li>Avoid sunlight.</li>
</ul>
<p> </p>
<!---->",Dermlax Shop,Uncategorized,"","",true,Title,Default Title,,,,,,,,"",0.0,shopify,2,deny,manual,2200.00,,true,true,"",https://cdn.shopify.com/s/files/1/0861/7810/3594/files/bellezawhitecream.png?v=1750538834,1,"",false,,,,,,,,,,,,,,,,,,,,,,,,,,,,,,,,,,kg,,1386.00,active
deep-white-gel,Deep White Face Whitening Gel,"",Dermlax Shop,Uncategorized,"","",false,Title,Default Title,,,,,,,,"",0.0,shopify,0,deny,manual,1520.00,,true,true,"",https://cdn.shopify.com/s/files/1/0861/7810/3594/files/8_8b5d4bbe-1cab-45d6-aa86-26b3e32945c4.png?v=1708770755,1,"",false,,,,,,,,,,,,,,,,,,,,,,,,,,,,,,,,,,kg,,1368.00,draft
clearnex-brightening-cream,Clearnex Brightening Cream,"<p data-sourcepos=""3:1-3:16""><strong>DIRECTIONS:</strong></p>
<p data-sourcepos=""15:1-15:137""><b>.</b><span> </span>Apply with gentle massage on the skin of face, neck &amp; hands once or twice daily or as directed by the    skin consultant. Wash and clean your face before applying cream. Suitable for all skin type.</p>
<p data-sourcepos=""17:1-17:70""><b>.</b><span> </span>Store at room temperature at dry place. Protect from direct sunlight</p>
<p data-sourcepos=""5:1-5:26""><strong>BENEFITS:</strong></p>
<p data-sourcepos=""9:1-9:278""><span class=""citation-0 citation-end-0""><strong>.</strong> An Advance Skin Lightening Formula, enriched with a Vitamin Complex, Containing    a combination of Zinc Hydrolyzed Hyaluronate and other essential vitamins.</span><span> </span>L              Ascorbic Acid inhibits melanin synthesis; and helps lightening the tone and                  brightens &amp; dull complexion.<span class=""button-container ng-star-inserted"" _ngcontent-ng-c24424143=""""><span> </span> </span></p>
<div class=""container"" jslog=""220997;BardVeMetadataKey:[null,null,null,null,null,null,null,null,null,null,null,null,null,null,null,[1,null,1]]"" _ngcontent-ng-c3287395496="""">
<div class=""carousel-container ng-star-inserted"" _ngcontent-ng-c3287395496="""">
<div class=""carousel-content"" _ngcontent-ng-c3287395496="""">
<div class=""sources-carousel-source hide ng-star-inserted"" data-test-id=""sources-carousel-source"" _ngcontent-ng-c3287395496="""">
<div class=""source-card-container"" _ngcontent-ng-c3587699921="""">
<div class=""source-card-content"" _ngcontent-ng-c3587699921="""">
<meta charset=""utf-8""> <span class=""citation-0 citation-end-0""><strong>. </strong></span>ClearNex Skin Brightening Cream with its<span> </span><span class=""citation-1 citation-end-1"">innovative blend of highest quality                ingredients is designed for reducing blemishes and dark pigmentation, ideal                remedy  for</span><span> </span>fading brown spots, freckles, &amp; discoloration.<span class=""button-container ng-star-inserted"" _ngcontent-ng-c24424143=""""></span>
</div>
<div class=""source-card-content"" _ngcontent-ng-c3587699921="""">
<span class=""button-container ng-star-inserted"" _ngcontent-ng-c24424143=""""></span><br>
</div>
</div>
</div>
</div>
</div>
</div>
<p data-sourcepos=""13:1-13:121""><meta charset=""utf-8""><span class=""citation-0 citation-end-0""><strong>. </strong></span>Regular use of ClearNex Brightening Cream will help lighten the colour of skin,            making it soft, smooth &amp; shiny white.</p>
<p data-sourcepos=""3:1-3:16""><strong>INGREDIENTS:</strong></p>
<ul data-sourcepos=""5:1-6:17"">
<li data-sourcepos=""5:1-5:12"">Sepi White</li>
<li data-sourcepos=""6:1-6:17"">L-Ascorbic Acid</li>
<li data-sourcepos=""7:1-7:20"">Tocopherol Acetate</li>
<li data-sourcepos=""8:1-8:13"">Niacinamide</li>
<li data-sourcepos=""9:1-9:18"">Licorice Extract</li>
<li data-sourcepos=""10:1-10:31"">Allantoin &amp; L Glutathione</li>
<li data-sourcepos=""11:1-12:0"">Zinc Hydrolyzed Hyaluronate</li>
</ul>
<p data-sourcepos=""15:1-15:18""><strong>CAUTION:</strong></p>
<p data-sourcepos=""17:1-17:99""><span class=""citation-2"">Avoid contact with eyes, Discontinue use and consult your physician if excessive irritation occurs.</span></p>
<p data-sourcepos=""3:1-3:427""> <span class=""citation-2 citation-end-2"">For external use</span><span> </span>only.   </p>
<div class=""presented-response-container ng-tns-c1971998704-165"" _ngcontent-ng-c1971998704="""">
<div class=""response-container-content ng-tns-c1971998704-165 tunable-selection-with-avatar"" selection="""" _ngcontent-ng-c1971998704="""">
<div class=""response-content ng-tns-c1971998704-165"" _ngcontent-ng-c4248298115="""">
<div dir=""ltr"" class=""markdown markdown-main-panel"" _ngcontent-ng-c3506914746="""">
<p data-sourcepos=""17:1-17:70""> </p>
</div>
</div>
</div>
</div>
<!---->",Dermlax Shop,Uncategorized,"","",true,Title,Default Title,,,,,,,,"",0.0,shopify,12,deny,manual,1095.00,,true,true,"",https://cdn.shopify.com/s/files/1/0861/7810/3594/files/clearnexcream.png?v=1750539046,1,"",false,,,,,,,,,,,,,,,'1,,,,,,,,,,,,,,,,,,,kg,,701.00,active
dermoteen-whitening-cream,Dermoteen Whitening Cream,"<p> </p>
<p data-sourcepos=""13:1-13:594""><b><span style=""font-size: large;"" data-mce-style=""font-size: large;"">Description:</span></b><br></p>
<p data-sourcepos=""13:1-13:594"">Newly formulated<span> </span><b>Dermoteen Whitening cream</b><span> </span>with the super power of latest Whitening ingredients, combats melanogenesis in aldolescent. It improves skin whitening within days and does not deplete the natural freshness of the skin. It does not cause hair growth on the face as it has natural ingredients. Dermoteen Whitening cream protects your skin from sun damage as well. A regular day and night use can up lift the skin tone. It does not just provide whitening, but also moisturizes the skin and gives a blemish free younger looking radiant and fairer skin.<b> Anti Aging/Sun Protection.</b> Dermoteen has specially formulated Sun protection factor, SPF 30. With regular use you can have the new anti aging action on the skin. Enjoy your refreshing Dermoteen Whitening freshness, today and always.</p>
<p data-sourcepos=""13:1-13:594""><b>How to Use: </b></p>
<p data-sourcepos=""13:1-13:594"">Apply in the day &amp; night to affected areas on face, neck and other parts of the body and gently rub until completely absorbed. For full results apply for 2-3 months.</p>
<p data-sourcepos=""3:1-3:22""><strong>Ingredients:</strong></p>
<p data-sourcepos=""13:1-13:594""><span class=""citation-1 citation-end-1"">DI Water q.s, Octyl Methoxycinnamate, Stearic Acid, Caprylic-Capric Triglycerides, Cyclopentasiloxane, Zinc Oxide, Glyceryl monostearate, Avobenzone, Propylene Glycol, PEG-100 Stearate, Isopropyl Myristate, Niacinamide, Glycerine, Steareth-20, Cetyl Palmitate, Alpha Arbutin, Licorice Extract, Mineral Oil, Cetostearyl Alcohol, Isopropyl Palmitate, Cetyl Alcohol, Sodium Ascorbyl Phosphate, Titanium Dioxide, Dimethicone, Pyridoxine, Fragrance, Carbomer, Triethanolamine, Vitamin A, Vitamin E, Allantoin, Undecylenoyl Phenylalanine, Disodium EDTA, Citric Acid, Sodium Citrate, Colourant.</span> </p>
<p data-sourcepos=""3:1-3:22""><strong>Precautions:</strong></p>
<p data-sourcepos=""5:1-7:32""><span class=""citation-0"">Keep out of reach of children. Store below 25°C. Protect from heat &amp; direct sunlight, For external use only.</span></p>
<div><span class=""citation-0""><br></span></div>
<p data-sourcepos=""13:1-13:594""> </p>
<!---->",Dermlax Shop,Uncategorized,"","",true,Title,Default Title,,,,,,,,"",0.0,shopify,0,deny,manual,1117.00,,true,true,"",https://cdn.shopify.com/s/files/1/0861/7810/3594/files/dermoteen.png?v=1750538749,1,"",false,,,,,,,,,,,,,,,'1,,,,,,,,,,,,,,,,,,,kg,,583.00,active
fair-pink-glow,Fair & Pink Glow,"<p> <strong>Precautions:</strong></p>
<ul>
<li>Avoid contact with eyes. If contact occurs, rinse eyes thoroughly with water. Store below 30°C. Protect from direct sunlight. Keep out of the reach of children. For external use only.</li>
</ul>
<p><strong>Ingredients:</strong></p>
<ul>
<li>Deionized Water</li>
<li>White Soft Capric Triglyceride</li>
<li>Aloe Vera Extract</li>
<li>Cetyl Alcohol</li>
<li>Cotosetaryl Alcohol</li>
<li>Glyceryl Stearate &amp; PEG-100 Stearate</li>
<li>Niacinamide</li>
<li>Propylene Glycol</li>
<li>Ceteareth-20</li>
<li>Glycerin</li>
<li>Zinc Oxide</li>
<li>Titanium Dioxide</li>
<li>Licorice Root Extract</li>
<li>Alpha Arbutin</li>
<li>Phyllanthus Emblica Root Extract</li>
<li>Mulberry Extract</li>
<li>Grape Seed Oil</li>
<li>Pyridoxine HCl</li>
<li>DMDM Hydantoin</li>
<li>Sodium Ascorbyl Phosphate</li>
<li>Magnesium Ascorbyl Phosphate</li>
<li>Methylparaben</li>
<li>Propylparaben</li>
<li>Tocopheryl Acetate</li>
<li>Vitamin A Palmitate</li>
<li>Butylated Hydroxytoluene</li>
<li>Colourants</li>
<li>Disodium EDTA</li>
</ul>
<div class=""flex-1 overflow-hidden"">
<div class=""h-full"">
<div class=""react-scroll-to-bottom--css-monqp-79elbk h-full"">
<div class=""react-scroll-to-bottom--css-monqp-1n7m0yu"">
<div class=""flex flex-col text-sm"">
<div dir=""auto"" data-original-attrs='{""data-scroll-anchor"":""true"",""data-testid"":""conversation-turn-5""}' class=""w-full text-token-text-primary"">
<div class=""text-base py-[18px] px-3 md:px-4 m-auto md:px-5 lg:px-1 xl:px-5"">
<div class=""mx-auto flex flex-1 gap-4 text-base md:gap-5 lg:gap-6 md:max-w-3xl lg:max-w-[40rem] xl:max-w-[48rem]"">
<div class=""group/conversation-turn relative flex w-full min-w-0 flex-col agent-turn"">
<div class=""flex-col gap-1 md:gap-3"">
<div class=""flex flex-grow flex-col max-w-full"">
<div dir=""auto"" data-original-attrs='{""data-message-author-role"":""assistant"",""data-message-id"":""e910f747-73c9-491e-94f1-a98e75e2f665""}' class=""min-h-[20px] text-message flex w-full flex-col items-end gap-2 whitespace-pre-wrap break-words [.text-message+&amp;]:mt-5 overflow-x-auto"">
<div class=""flex w-full flex-col gap-1 empty:hidden first:pt-[3px]"">
<div class=""markdown prose w-full break-words dark:prose-invert light"">
<p><strong>Fair &amp; Pink Glow Skin Fairness Cream:</strong></p>
<ul>
<li>Fades and refines for age spots, blemishes, and unevenness of skin tone. It delivers skin discolorations, protected, and completely balanced with extreme glowing effect.</li>
</ul>
<p><strong>How to Use:</strong></p>
<ul>
<li>Apply day &amp; night to affected areas on the face and other body parts for better results. Use for 2-3 months for full results.</li>
</ul>
<p><strong>Dermatologists' Recommended</strong></p>
<ul>
<li>Day &amp; Night Applications </li>
</ul>
</div>
</div>
</div>
</div>
</div>
</div>
</div>
</div>
</div>
</div>
</div>
</div>
</div>
</div>
<!---->",Dermlax Shop,Uncategorized,"","",true,Title,Default Title,,,,,,,,"",0.0,shopify,10,deny,manual,1350.00,,true,true,"",https://cdn.shopify.com/s/files/1/0861/7810/3594/files/5_f8a33022-9a65-4ae5-ac3c-516a9ad03e43.png?v=1708770546,1,"",false,,,,,,,,,,,,,,,,,,,,,,,,,,,,,,,,,,kg,,850.00,active
lightex-cream,Lightex Cream,"",Dermlax Shop,Uncategorized,"","",false,Title,Default Title,,,,,,,,"",0.0,shopify,0,deny,manual,1300.00,,true,true,"",https://cdn.shopify.com/s/files/1/0861/7810/3594/files/4_a5d14db7-700d-4a9a-8473-9762fd84f365.png?v=1708770490,1,"",false,,,,,,,,,,,,,,,,,,,,,,,,,,,,,,,,,,kg,,1170.00,archived
lightenex-cleansing-peel,Lightenex Underarm Cleansing Peel,"<p> </p>
<p data-sourcepos=""21:1-23:12""><b><span style=""font-size: large;"">DESCRIPTION:</span></b></p>
<p data-sourcepos=""21:1-23:12""><b>HOW TO USE:</b></p>
<p data-sourcepos=""21:1-23:12""> Rub gently on damp underarm skin. Rinse with water. Use every night. Do not use on open wounds.</p>
<p data-sourcepos=""10:1-10:13""><strong>BENEFITS:</strong></p>
<p data-sourcepos=""12:1-12:283""><span class=""citation-0"">An Advance Skin Lightening Formula enriched with a Vitamin Complex, Containing a combination of Zinc Hydrolyzed Hyaluronate and other essential<span> </span></span><span class=""citation-0 citation-1 citation-end-0"">vitamins.</span><span class=""citation-1""><span> </span>L Ascorbic Acid inhibits melanin synthesis, and helps lightening the tone and brightens &amp; dull complexion.</span><span class=""button-container ng-star-inserted"" _ngcontent-ng-c24424143="""">  </span> <span class=""citation-1 citation-end-1""></span></p>
<p data-sourcepos=""15:1-16:75""><b>INGREDIENTS: </b></p>
<p data-sourcepos=""15:1-16:75"">Deionized water,<span> </span>Glycerin,<span> </span>Aloe Vera extract,<span> </span>Palmitic acid,<span> </span>Glycolic acid,<span> </span>Witch Hazel,<span> </span>Propylene glycol,<span> </span>Cetostyri alcohol,<span> </span>Arlacel,<span> </span>Triethanolamine,<span> </span>DMDM Hydantoin,<span> </span>Sodium dodecyl sulfate,<span> </span>Sodium Ascorbyl phosphate,<span> </span>Liquorice extract,<span> </span>Niacinamide,<span> </span>Milk protein,<span> </span>Teatree oil &amp; Perfume with Hyaluronic acid</p>
<p data-sourcepos=""21:1-23:12""> </p>
<!---->",Dermlax Shop,Uncategorized,"","",true,Title,Default Title,,,,,,,,"",0.0,shopify,7,deny,manual,1495.00,,true,true,"",https://cdn.shopify.com/s/files/1/0861/7810/3594/files/3_c155923a-6b01-4eaf-a953-4524d90eeba9.png?v=1708770403,1,"",false,,,,,,,,,,,,,,,,,,,,,,,,,,,,,,,,,,kg,,957.00,active
literman-cream,Literman Cream,"",Dermlax Shop,Uncategorized,"","",false,Title,Default Title,,,,,,,,"",0.0,shopify,0,deny,manual,2400.00,,true,true,"",https://cdn.shopify.com/s/files/1/0861/7810/3594/files/2_e5a1bc28-8824-4498-adfa-cc9477e4f056.png?v=1708770262,1,"",false,,,,,,,,,,,,,,,,,,,,,,,,,,,,,,,,,,kg,,1830.00,archived
lumexa-cream,Lumexa Cream,"<p> <strong>ACTIVE INGREDIENTS:</strong> </p>
<p>Niacinamide, Lumisphere, Sodium ascorbyl phosphate, Licorice root extract, Alpha arbutin, Kojic acid dipalmitate</p>
<p data-original-attrs='{""data-sourcepos"":""10:1-10:137""}'><span data-keep-original-tag=""false"" class=""citation-0 interactive-span-selected-v2"">Lumexa has the perfect blend of ingredients to help reduce hyper-pigmentation, sun burns, freckles, age spots and uneven skin tone.<span data-original-tag=""TUNABLE-SELECTION-MENU"" data-original-attrs='{""_ngcontent-ng-c3344224332"":"""",""_nghost-ng-c2373430611"":"""",""data-test-id"":""tunable-selection-menu"",""style"":""""}' class=""tunable-selection-menu ng-tns-c3344224332-54 ng-star-inserted""></span></span></p>
<p data-original-attrs='{""data-sourcepos"":""12:1-12:101""}'><span data-keep-original-tag=""false"" class=""citation-0 citation-end-0 interactive-span-selected-v2"">It's rejuvenation properties help reduce fine lines and restores your skin's<span data-original-tag=""SOURCE-FOOTNOTE"" data-original-attrs='{""_nghost-ng-c2449508862"":"""",""ng-version"":""0.0.0-PLACEHOLDER""}'><sup data-original-attrs='{""_ngcontent-ng-c2449508862"":"""",""data-turn-source-index"":""1""}' class=""superscript visible highlight""><span> </span>1<span> </span><span data-original-comment=""""></span></sup></span></span>natural radiance.</p>
<p data-original-attrs='{""data-sourcepos"":""14:1-15:123""}'><strong>DIRECTIONS FOR USE:</strong> </p>
<p data-original-attrs='{""data-sourcepos"":""14:1-15:123""}'>Apply Lumexa cream across cleansed face &amp; neck once daily at night. Application of sunblock is recommended in sunlight.</p>
<p data-original-attrs='{""data-sourcepos"":""17:1-18:143""}'><strong>INACTIVE INGREDIENTS:</strong> </p>
<p data-original-attrs='{""data-sourcepos"":""17:1-18:143""}'>Purified Water, Vitamin E Acetate, Carbomer, Glyceryl Stearate, PEG-100 Stearate, Cetearyl Alcohol, Cetyl Palmitate, Phenoxyethanol, Fragrance.</p>
<p data-original-attrs='{""data-sourcepos"":""20:1-21:102""}'><strong>PRECAUTIONS:</strong> </p>
<p data-original-attrs='{""data-sourcepos"":""20:1-21:102""}'>Store below 30°C. Keep out of reach of children. For external use only. Stop use if irritation occurs.</p>",Dermlax Shop,Uncategorized,"","",true,Title,Default Title,,,,,,,,"",0.0,shopify,17,deny,manual,1700.00,,true,true,"",https://cdn.shopify.com/s/files/1/0861/7810/3594/files/27_720x_52a3e4b9-6a78-4d32-8b90-e7118ea5188b.webp?v=1734776063,1,"",false,,,,,,,,,,,,,,,,,,,,,,,,,,,,,,,,,,kg,,1440.00,active
lumexa-cream,,,,,,,,,,,,,,,,,,,,,,,,,,,,https://cdn.shopify.com/s/files/1/0861/7810/3594/files/DSC03034-Edit_720x_4cca4b1a-b955-49c9-bff3-6d05aa6c2195.webp?v=1734776067,2,"",,,,,,,,,,,,,,,,,,,,,,,,,,,,,,,,,,,,,,
slick-hair-oil,Slick Hair Oil,"",Dermlax Shop,Uncategorized,"","",false,Title,Default Title,,,,,,,,"",0.0,shopify,0,deny,manual,500.00,,true,true,"",https://cdn.shopify.com/s/files/1/0861/7810/3594/files/1_06b867b5-61dc-42f4-bda1-cf2383cb48db.png?v=1708682726,1,"",false,,,,,,,,,,,,,,,,,,,,,,,,,,,,,,,,,,kg,,,draft
piligrow-hair-oil,PiliGrow Hair Oil,"<p> </p>
<h3>Description:</h3>
<p>PiliGrow Hair Oil is a multitasking oil for all hair types enriched with natural oils and vitamins. It softens and illuminates the hair as it restores moisture and diminishes the appearance of damage. This unique formulation instantly absorbs into the hair and has ingredients which help to increase blood flow to the skin and hair follicles. As a result, it promotes hair growth and lessens hair fall.</p>
<h3>Features:</h3>
<ul>
<li>Energize the Scalp</li>
<li>Moisturize Hair and Scalp</li>
<li>Relieve your Dry, Itchy Scalp</li>
<li>Repair and Nourish Hair</li>
<li>Activate Hair Follicles</li>
<li>Restore Thinning Hair</li>
<li>Prevent Split-Ends, Breakage, and Frizz</li>
<li>Instantly Make Your Hair Silky and Shiny</li>
<li>Keep Hair Healthy, Long, and Strong</li>
</ul>
<h3>How to Use:</h3>
<p>Dispense a sufficient amount of PiliGrow Hair Oil onto the palm of your hand, rub your hands together and distribute evenly on damp or dry hair and massage thoroughly your scalp. Apply daily for best results.</p>
<h3>Ingredients:</h3>
<ul>
<li>Olive oil: Hair softness and moisturizer</li>
<li>Almond oil: Strengthens and repairs hair</li>
<li>Amla oil: Nourishes and prevents greying</li>
<li>Vitamin E: Natural antioxidant</li>
<li>Coconut oil: Best moisturizer</li>
<li>Crodamol oil: Moisturizer and hair softener</li>
<li>Mustard oil: Stimulates hair growth</li>
</ul>
<h3><br></h3>
<!---->",Dermlax Shop,Uncategorized,"","",true,Title,Default Title,,,,,,,,"",0.0,shopify,5,deny,manual,700.00,,true,true,"",https://cdn.shopify.com/s/files/1/0861/7810/3594/files/2_813959e4-e7f6-442f-adff-aa2144d73b9f.png?v=1708682649,1,"",false,,,,,,,,,,,,,,,,,,,,,,,,,,,,,,,,,,kg,,425.00,active
bioxcin-hair-serum,Bioxcin forte Hair Serum,"<h3 data-start=""50"" data-end=""123""><strong>Best Imported Product for Hair Fall!</strong></h3>
<p data-start=""50"" data-end=""123"">💪 <strong data-start=""424"" data-end=""463"">Proven Results &amp; Excellent Reviews!</strong></p>
<p data-start=""50"" data-end=""123"">✅ <strong data-start=""52"" data-end=""73"">Reduces Hair Loss</strong> – Targets weak follicles to minimize hair fall.</p>
<p data-start=""125"" data-end=""201""><strong data-start=""128"" data-end=""149"">🧬 Strengthens Roots</strong> – Fortifies hair from the root for better growth.</p>
<p data-start=""203"" data-end=""269"">📏 <strong data-start=""206"" data-end=""226"">Thickens Hair </strong>– Boosts hair density for a fuller look.</p>
<p data-start=""271"" data-end=""354"">🌿 <strong data-start=""274"" data-end=""301"">Nourishes &amp; Revitalizes</strong> – Provides essential nutrients for healthier hair.</p>
<p> <strong>Description:</strong> BIOXCIN Forte Herbal Serum for Intensive Hair Loss is fortified with the new liposome technology for a faster effect on intensive hair loss. It strengthens weak hair follicles, thickens hair strands, rejuvenates hair, and provides volume and resistance.</p>
<p><strong>How to Use:</strong> Apply plenty of serum to the hair loss region of the scalp. Gently massage with circular movements for at least one minute until the area is thoroughly covered. Do not rinse until the next wash. For best results, regular use along with BIOXCIN Forte Shampoo is recommended.<strong></strong></p>
<p><strong>Cautions:</strong> Avoid contact with eyes. If contact occurs, rinse eyes thoroughly with water. </p>
<!---->",Dermlax Shop,Uncategorized,"","",true,Title,Default Title,,,,,,,,"",0.0,shopify,5,deny,manual,4000.00,,true,true,"",https://cdn.shopify.com/s/files/1/0861/7810/3594/files/8_5a631c83-d068-42af-bdb3-237fdab06cdd.png?v=1708682205,1,"",false,,,,,,,,,,,,,,,'3,,,,,,,,,,,,,,,,,,,kg,,2466.00,active
aiqa-grow-hair-straightening-serum,Aiqa Grow Hair Straightening Serum,"",Dermlax Shop,Uncategorized,"","",false,Title,Default Title,,,,,,,,"",0.0,shopify,0,deny,manual,1950.00,,true,true,"",https://cdn.shopify.com/s/files/1/0861/7810/3594/files/7_be0b4519-6121-4592-a32c-96011e7eb8ca.png?v=1708681909,1,"",false,,,,,,,,,,,,,,,,,,,,,,,,,,,,,,,,,,kg,,1657.00,draft
capilum-hair-growth-spray,Capilum Hair Growth Spray,"<p><b>DESCRIPTION:</b></p>
<p> Ideal For Great Looking Thick &amp; Strong Hair. Suitable For All Hair Types &amp; Races.</p>
<ul data-sourcepos=""10:1-16:0"">
<li data-sourcepos=""10:1-10:24""><span class=""citation-0"">Stimulates Hair Growth</span></li>
<li data-sourcepos=""11:1-11:34""><span class=""citation-0"">Blocks Dihydrotestosterone (DHT)</span></li>
<li data-sourcepos=""12:1-12:35""><span class=""citation-0"">Improves The Circulation To Roots</span></li>
<li data-sourcepos=""13:1-13:36""><span class=""citation-0"">Stimulates The Anagen Growth Phase</span></li>
<li data-sourcepos=""14:1-14:39"">
<span class=""citation-0 citation-end-0"">Strengthens</span><span> </span>The Root Anchoring</li>
<li data-sourcepos=""14:1-14:39"">Keep Hair Density &amp; Thickness Original</li>
</ul>
<p data-sourcepos=""17:1-22:34""><b>DIRECTIONS FOR USE: </b></p>
<p data-sourcepos=""17:1-22:34""><span class=""citation-1 citation-end-1"">Spray a few pumps or as needed twice daily, ideally to clean, dry scalp. Massage into scalp thoroughly. This formula is a leave on/in treatment. Do not wash hair or scalp</span><span> </span>after application.<span class=""button-container ng-star-inserted"" _ngcontent-ng-c2016813655="""">  </span></p>
<p data-sourcepos=""7:1-7:23""><strong>ACTIVE INGREDIENTS:</strong></p>
<p data-sourcepos=""9:1-9:19""><strong>AnaGain</strong>™</p>
<p data-sourcepos=""11:1-16:24""><span class=""citation-0 citation-end-0"">(Pisum Sativum (Pea) Sprout Extract) reduces hair loss by inducing dermal papilla cells to reactivate hair growth. By reactivating hair growth, AnaGain™™™</span><span> </span>helps the hair to keep their original density &amp; thickness.<span class=""button-container ng-star-inserted"" _ngcontent-ng-c2016813655="""">  </span></p>
<p data-sourcepos=""18:1-18:20""><strong>Baicapil</strong>™</p>
<p data-sourcepos=""20:1-25:5""><span class=""citation-1 citation-end-1"">(Scutellaria baicalensis, soy and wheat sprouts) combination of three botanical actives stimulates hair growth, increases hair density, reduces hair loss and allows the recovery of a younger and healthier</span><span> </span>look.<span class=""button-container ng-star-inserted"" _ngcontent-ng-c2016813655="""">  </span></p>
<p data-sourcepos=""27:1-27:20""><strong>Procapil</strong>™</p>
<p data-sourcepos=""29:1-35:36""><span class=""citation-2 citation-end-2"">(Apigenin, Oleanolic Acid, Biotinoyl Tripeptide-1) fights follicle aging process to prevent the hair loss. It targets the main cause of Alopecia, Poor scalp micro-circulation, follicle aging and follicle atrophy caused by dihydrotestosterone (DHT).</span></p>
<p data-sourcepos=""24:1-28:49""><b>CAUTIONS:</b></p>
<p data-sourcepos=""24:1-28:49""> If irritation<span> </span><span class=""citation-2 citation-end-2"">occurs, cease use and consult a physician. Use only as directed on unbroken skin. Patch testing prior to use is advised. Keep out of reach of children.</span></p>
<!---->",Dermlax Shop,Uncategorized,"","",false,Title,Default Title,,,,,,,,"",0.0,shopify,0,deny,manual,3000.00,,true,true,"",https://cdn.shopify.com/s/files/1/0861/7810/3594/files/6_3b3a2000-12b8-4490-9aee-d360487fe45a.png?v=1708675608,1,"",false,,,,,,,,,,,,,,,,,,,,,,,,,,,,,,,,,,kg,,2051.00,draft
higrow,Higrow,"",Dermlax Shop,Uncategorized,"","",false,Title,Default Title,,,,,,,,"",0.0,shopify,0,deny,manual,883.00,,true,true,"",https://cdn.shopify.com/s/files/1/0861/7810/3594/files/5_25bb9517-3eff-4904-973e-addaa99cc329.png?v=1708675487,1,"",false,,,,,,,,,,,,,,,,,,,,,,,,,,,,,,,,,,kg,,751.00,archived
kellick-hair-spray,Kellick Hair Spray,"<p><strong> Description:</strong></p>
<p>Kellick Anti Hair Loss Dermal Spray is a powerful solution designed to nourish hair roots and combat hair loss effectively. Enriched with Procail, Biotin, and a herbal vitamin complex, this dermatologically recommended spray works faster to support hair growth and maintain hair health.</p>
<h3>Key Ingredients:</h3>
<ul>
<li><strong>Procail (10%)</strong></li>
<li><strong>Anagain (10%)</strong></li>
<li><strong>Biotin (10%)</strong></li>
<li><strong>Tea Tree Oil (10%)</strong></li>
<li><strong>Rosemary Extract (10%)</strong></li>
<li><strong>Oleanolic Acid (10%)</strong></li>
</ul>
<h3>Benefits:</h3>
<ul>
<li>
<strong>Nourishes Hair Roots:</strong> Provides essential nutrients to hair roots for healthier hair.</li>
<li>
<strong>Faster Results:</strong> Efficiency and reliability proven in clinical tests.</li>
<li>
<strong>Supports Hair Growth:</strong> Helps in reducing hair loss and promoting new hair growth.</li>
</ul>
<h3>Directions for Use:</h3>
<ul>
<li>Use Kellick Anti Hair Loss Dermal Spray as prescribed by your physician.</li>
<li>Apply to the affected areas and massage gently until the spray is absorbed.</li>
<li>For best results, use the spray regularly as part of your hair care routine.</li>
</ul>
<h3>Usage &amp; Safety Information:</h3>
<ul>
<li><strong>For External Use Only</strong></li>
<li>Keep all medicines out of reach of children.</li>
<li>Store in a cool and dry place, away from direct sunlight.</li>
</ul>
<!---->",Dermlax Shop,Uncategorized,"","",true,Title,Default Title,,,,,,,,"",0.0,shopify,10,deny,manual,2000.00,,true,true,"",https://cdn.shopify.com/s/files/1/0861/7810/3594/files/8_d54379a5-a581-45a7-ac42-bbe3f5bd2f9a.png?v=1720764640,1,"",false,,,,,,,,,,,,,,,,,,,,,,,,,,,,,,,,,,kg,,1260.00,active
noxidil-spray,Noxidil Spray,"",Dermlax Shop,Uncategorized,"","",false,Title,Default Title,,,,,,,,"",0.0,shopify,0,deny,manual,865.00,,true,true,"",https://cdn.shopify.com/s/files/1/0861/7810/3594/files/3_659ae549-07d0-486f-812a-fdaebcac2a36.png?v=1708675329,1,"",false,,,,,,,,,,,,,,,,,,,,,,,,,,,,,,,,,,kg,,735.00,draft
p-cab-hair-serum,P-CAB Hair Serum,"<p><strong> Description:</strong></p>
<p>P-CAB Hair Serum is specially formulated to target hair loss and promote hair growth. This advanced hair support program contains a powerful blend of Procapil, Anagain, Biotin, Keratin, Collagen, and various herbal extracts. Dermatologically recommended, this serum nourishes hair roots, revitalizes the scalp, and improves overall hair condition.</p>
<h3>Key Ingredients:</h3>
<ul>
<li><strong>Procapil 5%</strong></li>
<li><strong>Keratin + Biotin + Collagen</strong></li>
<li><strong>Allium Cepa</strong></li>
<li><strong>Moringa Extract</strong></li>
<li><strong>Saw Palmetto + Capsicum</strong></li>
<li><strong>Rice Extract</strong></li>
<li><strong>Trigonella Foenum-Graecum</strong></li>
<li><strong>Allium Sativum</strong></li>
<li><strong>Argan Extract</strong></li>
<li><strong>Anagain</strong></li>
<li><strong>Sea Buckthorn Extract</strong></li>
</ul>
<h3>Benefits:</h3>
<ul>
<li>
<strong>Reduces Hair Loss:</strong> Effectively reduces hair loss.</li>
<li>
<strong>Improves Hair Condition:</strong> Enhances the overall health and appearance of hair.</li>
<li>
<strong>Stimulates Hair Growth:</strong> Promotes new hair growth.</li>
<li>
<strong>Revitalizes Scalp:</strong> Nourishes and revitalizes the scalp.</li>
<li>
<strong>Nourishes Hair:</strong> Provides essential nutrients to the hair.</li>
<li>
<strong>Smoothes Hair:</strong> Makes hair look and feel smoother.</li>
<li>
<strong>Prevents Brittle Hair:</strong> Reduces hair brittleness.</li>
<li>
<strong>Easier Styling:</strong> Makes hair easier to style.</li>
<li>
<strong>Strengthens Hair:</strong> Strengthens hair from the roots.</li>
</ul>
<h3>Directions for Use:</h3>
<ul>
<li>Spray five times in the morning and evening or as prescribed by the physician.</li>
<li>Apply directly to the scalp and massage gently until absorbed.</li>
</ul>
<h3>Cautions:</h3>
<ul>
<li>Keep away from the reach of children.</li>
<li>Avoid direct sunlight.</li>
<li>Store in a cool and dry place below 25°C.</li>
</ul>
<!---->",Dermlax Shop,Uncategorized,"","",true,Title,Default Title,,,,,,,,"",0.0,shopify,12,deny,manual,1950.00,,true,true,"",https://cdn.shopify.com/s/files/1/0861/7810/3594/files/2_89b85327-5be4-4f16-82b3-c3c04b4582b1.png?v=1708675230,1,"",false,,,,,,,,,,,,,,,,,,,,,,,,,,,,,,,,,,kg,,1159.00,active
zarvion-hair-growth-serum,Zarvion Hair Growth Serum,"",Dermlax Shop,Uncategorized,"","",false,Title,Default Title,,,,,,,,"",0.0,shopify,0,deny,manual,1750.00,,true,true,"",https://cdn.shopify.com/s/files/1/0861/7810/3594/files/1_f4ff37af-65c7-4fe2-ae40-52ea19869d56.png?v=1708675133,1,"",false,,,,,,,,,,,,,,,,,,,,,,,,,,,,,,,,,,kg,,1575.00,draft
aiqa-grow-shampoo,Aiqa Grow Shampoo,"",Dermlax Shop,Uncategorized,"","",false,Title,Default Title,,,,,,,,"",0.0,shopify,0,deny,manual,800.00,,true,true,"",https://cdn.shopify.com/s/files/1/0861/7810/3594/files/4_3ad3f51f-6415-4b5b-b968-ad13d62f719b.png?v=1708674645,1,"",false,,,,,,,,,,,,,,,,,,,,,,,,,,,,,,,,,,kg,,679.00,draft
diverge-anti-hair-loss-shampoo,Diverge Anti-Hair Loss Shampoo,"<p><strong> Description:</strong></p>
<p>Diverge H Shampoo is designed for all hair types and provides effective hair therapy for denser, thicker, and fuller hair in just 12 weeks. Formulated with Anagain, Biotin, Argan Oil, and Vitamin E, this shampoo fights hair-fall, strengthens, and nourishes damaged hair, promoting healthy hair growth and vitality.</p>
<h3>Key Ingredients:</h3>
<ul>
<li>
<strong>Anagain (Pisum Sativum Sprout Extract):</strong> Stimulates hair growth and helps reduce hair loss.</li>
<li>
<strong>Biotin:</strong> Enhances hair strength and growth.</li>
<li>
<strong>Argan Oil:</strong> Nourishes and conditions the hair.</li>
<li>
<strong>Vitamin E (Tocopheryl Acetate):</strong> Protects and moisturizes the hair.</li>
</ul>
<h3>Benefits:</h3>
<ul>
<li>
<strong>Reduces Hairfall:</strong> Effective in treating hair loss and thinning hair.</li>
<li>
<strong>Strengthens Weakened Hair:</strong> Revitalizes and strengthens hair.</li>
<li>
<strong>Improves Hair Thickness:</strong> Promotes denser, thicker hair.</li>
<li>
<strong>Nourishes Hair:</strong> Restores the natural oils of the scalp.</li>
<li>
<strong>Reduces Bald Patches:</strong> Helps in reducing bald patches.</li>
<li>
<strong>Prolongs Hair Life Cycle:</strong> Extends the life cycle of hair.</li>
<li>
<strong>Restores Hair Vitality:</strong> Brings back the vitality to lifeless hair.</li>
</ul>
<h3>Directions for Use:</h3>
<ol>
<li>Use Diverge H Shampoo at least 3-4 times a week, or as advised by your dermatologist.</li>
<li>If you have extremely dry/frizzy hair, it is advised to use a conditioner after shampooing with Diverge H Shampoo, as it doesn't include any added conditioner.</li>
<li>It is also highly recommended to use Diverge Serum after shampooing your hair, as Diverge Serum is the main treatment for hair fall, whereas Diverge H Shampoo is just a supporting treatment.</li>
</ol>
<h3>Complete Ingredients:</h3>
<ul>
<li>Deionized Water</li>
<li>Ammonium Lauryl Ether Sulphate</li>
<li>Triethanolamine Lauryl Ether Sulphate</li>
<li>Cocamidopropyl Betaine</li>
<li>Veegum Pro</li>
<li>Propylene Glycol</li>
<li>Cocamide DEA</li>
<li>Polyquaternium-11</li>
<li>Acrylamide-co-Diallyldimethylammonium Chloride</li>
<li>Anagain (Pisum Sativum Sprout Extract)</li>
<li>Phenoxyethanol</li>
<li>Caprylyl Glycol</li>
<li>D-Panthenol</li>
<li>Tocopheryl Acetate</li>
<li>Biotin</li>
<li>Argan Oil</li>
<li>Hydrolyzed Keratin</li>
<li>Disodium EDTA</li>
<li>Citric Acid</li>
<li>Fragrance</li>
</ul>
<h3>Caution:</h3>
<ul>
<li>Avoid contact with eyes. Flush with water if lather enters eyes.</li>
<li>If irritation occurs, discontinue use.</li>
<li>Keep out of reach of children.</li>
</ul>
<!---->",Dermlax Shop,Uncategorized,"","",true,Title,Default Title,,,,,,,,"",0.0,shopify,4,deny,manual,1050.00,,true,true,"",https://cdn.shopify.com/s/files/1/0861/7810/3594/files/3_5fef4e1a-f936-457d-ad52-448b73dd0c28.png?v=1708674521,1,"",false,,,,,,,,,,,,,,,,,,,,,,,,,,,,,,,,,,kg,,662.00,active
nutrifol-hair-nitrifying-shampoo,Nutrifol Hair Nutrifying Shampoo,"<p> </p>
<p data-sourcepos=""9:1-9:191""><b>DESCRIPTION:</b></p>
<p data-sourcepos=""9:1-9:191"">Nutrifol is formulated<span> </span><span class=""citation-0 citation-end-0"">to control hair fall by providing essential nutrients to the hair follicles. It also prevents hair thinning, minimizes breakage and promotes healthy</span><span> </span>scalp.<span class=""button-container ng-star-inserted"" _ngcontent-ng-c2016813655=""""><span> </span> <span> </span></span></p>
<div class=""container"" jslog=""220997;BardVeMetadataKey:[null,null,null,null,null,null,null,null,null,null,null,null,null,null,null,[1,null,1]]"" _ngcontent-ng-c963642693="""">
<div class=""carousel-container"" _ngcontent-ng-c963642693="""">
<div class=""carousel-content"" _ngcontent-ng-c963642693="""">
<div class=""sources-carousel-source hide ng-star-inserted"" data-test-id=""sources-carousel-source"" _ngcontent-ng-c963642693="""">
<div class=""source-card-container"" _ngcontent-ng-c265615122="""">
<div class=""source-card-content"" _ngcontent-ng-c265615122="""">When used regularly, hair becomes EASILY MANAGEABLE, STRONG, HEALTHY and BEAUTIFUL.</div>
</div>
</div>
</div>
</div>
</div>
<p data-sourcepos=""15:1-15:17""><strong>USAGE ADVICE:</strong></p>
<p data-sourcepos=""17:1-17:198""><span class=""citation-1"">Pour sufficient quantity of Nutrifol on palm of hand. Apply to wet hair / scalp and massage into lather with the help of fingertips. Leave on for 1-2 minutes, then rinse thoroughly with water.</span></p>
<p data-sourcepos=""19:1-19:43""><span class=""citation-1 citation-end-1""><b>For Best results use Nutrifol daily.</b></span></p>
<div class=""container"" _ngcontent-ng-c1254954195="""">
<p data-sourcepos=""9:1-10:61""><strong>STORAGE:</strong> </p>
<p data-sourcepos=""9:1-10:61"">Avoid direct sunlight. Keep in COOL and DRY place below 30°C.</p>
<p data-sourcepos=""12:1-13:148""><strong>PRECAUTIONS:</strong> </p>
<p data-sourcepos=""12:1-13:148""><span class=""citation-0 citation-end-0"">For external use only. Keep out of the reach of children. Avoid contact with eyes. If contact occurs, rinse eyes thoroughly with</span><span> </span>water.<span class=""button-container ng-star-inserted"" _ngcontent-ng-c2016813655=""""> </span></p>
<p data-sourcepos=""15:1-16:402""><strong>INGREDIENTS:</strong> </p>
<p data-sourcepos=""15:1-16:402"">Water, Sodium Laureth Sulphate, Cocamide DEA, Cocamidopropyl Betaine, Aloe Barbadensis Leaf Extract, Biotin, Emblica Officinalis (Amla) Extract, Sesamum Indicum (Sesame) Seed Oil, Dimethicone, Sodium Chloride, Propylene Glycol, Guar Hydroxypropyltrimonium Chloride, Glycerin, Tetrasodium EDTA, Polysorbate 80, Citric Acid, Acrylate Crosspolymer, Methyl Paraben Sodium, Sodium Benzoate, Urea, Fragrance.</p>
</div>
<!---->",Dermlax Shop,Uncategorized,"","",true,Title,Default Title,,,,,,,,"",0.0,shopify,3,deny,manual,1380.00,,true,true,"",https://cdn.shopify.com/s/files/1/0861/7810/3594/files/Untitled_design_4.png?v=1734613891,1,"",false,,,,,,,,,,,,,,,,,,,,,,,,,,,,,,,,,,kg,,799.00,active
nutrifol-hair-nitrifying-shampoo,,,,,,,,,,,,,,,,,,,,,,,,,,,,https://cdn.shopify.com/s/files/1/0861/7810/3594/files/2_89897dd1-f796-46e3-b6a8-8a05f197d0e4.png?v=1734613891,2,"",,,,,,,,,,,,,,,,,,,,,,,,,,,,,,,,,,,,,,
ziko-shampoo,Ziko Shampoo,"<p><strong>Ingredients:</strong></p>
<ul>
<li style=""list-style-type: none;"">
<ul>
<li>Zinc Pyrithione</li>
<li>Climbazole</li>
<li>Octopirox</li>
<li>Texapon</li>
<li>Cocamido Propyl Betain</li>
<li>Poly Quart</li>
<li>LS-95</li>
<li>Ethanol</li>
<li>DM DM Hydantoin</li>
<li>Ethylenediaminetetraacetic Acid</li>
<li>Aqua</li>
<li>Fragrance<br><br>
<p><strong>Directions for Use:</strong></p>
<ul>
<li>Apply product and gently massage it into wet hair, scalp, and body, leave it for 2-4 minutes, then rinse off.<br><br>
<p><strong>Cautions:</strong></p>
Avoid shampoo to get enter into the eyes, if it occurs rinse with plenty of water. Keep away from reach of children. If swallowed get medical help immediately. Consult your dermatologist if you have sign of allergic reactions i.e. severe irritation, rashes or redness<br><br><strong>For external use only.</strong>
</li>
</ul>
</li>
</ul>
</li>
</ul>
<!---->",Dermlax Shop,Uncategorized,"","",true,Title,Default Title,,,,,,,,"",0.0,shopify,0,deny,manual,625.00,,true,true,"",https://cdn.shopify.com/s/files/1/0861/7810/3594/files/1_b5d00f42-79a3-4725-8c8f-4bb52ebeddb5.png?v=1708672722,1,"",false,,,,,,,,,,,,,,,,,,,,,,,,,,,,,,,,,,kg,,384.00,active
sebamed-facial-toner,Sebamed Facial Toner,"",Dermlax Shop,Uncategorized,"","",false,Title,Default Title,,,,,,,,"",0.0,shopify,0,deny,manual,2200.00,,true,true,"",https://cdn.shopify.com/s/files/1/0861/7810/3594/files/Untitleddesign_30_bd90e762-34b5-403a-86b6-b37a09158fd3.png?v=1708600761,1,"",false,,,,,,,,,,,,,,,,,,,,,,,,,,,,,,,,,,kg,,1584.00,archived
vscars-gel,Vscars Gel,"<p> </p>
<p data-original-attrs='{""data-sourcepos"":""26:1-26:14""}'><strong>DIRECTION:</strong></p>
<ul data-original-attrs='{""data-sourcepos"":""27:1-29:0""}'>
<li data-original-attrs='{""data-sourcepos"":""27:1-27:59""}'>Apply thin layer twice daily or as directed by physician.</li>
<li data-original-attrs='{""data-sourcepos"":""28:1-29:0""}'>Avoid direct contact with eyes. If contact occurs rinse thoroughly with water.</li>
</ul>
<p data-original-attrs='{""data-sourcepos"":""14:1-14:32""}'><strong>CLINICALLY PROVEN FOR SCARS:</strong></p>
<p data-original-attrs='{""data-sourcepos"":""16:1-16:43""}'>Scarloc Scar Gel is intended for use in the therapy of abnormal Scars including Hypertrophic Scars &amp; Keloids.</p>
<p data-original-attrs='{""data-sourcepos"":""18:1-18:25""}'><strong>OFTEN RESULTING FROM:</strong></p>
<ul data-original-attrs='{""data-sourcepos"":""19:1-21:4""}'>
<li data-original-attrs='{""data-sourcepos"":""19:1-19:21""}'>Cosmetic Procedures</li>
<li data-original-attrs='{""data-sourcepos"":""20:1-20:7""}'>Burns</li>
<li data-original-attrs='{""data-sourcepos"":""21:1-21:4""}'>C-Section Scar</li>
<li data-original-attrs='{""data-sourcepos"":""22:1-22:12""}'>Acne Scars</li>
<li data-original-attrs='{""data-sourcepos"":""23:1-23:15""}'>Stretch Marks</li>
<li data-original-attrs='{""data-sourcepos"":""24:1-25:0""}'>Just after wound Closure</li>
</ul>
<p data-original-attrs='{""data-sourcepos"":""26:1-26:14""}'><b>COMPOSITION:</b></p>
<p data-original-attrs='{""data-sourcepos"":""26:1-26:14""}'><b>   <span style=""font-size: x-large;"" data-original-attrs='{""style"":""""}' data-keep-original-tag=""false"">.</span>   </b>Silicon 10mg                                        </p>
<p data-original-attrs='{""data-sourcepos"":""26:1-26:14""}'><b><span style=""font-size: x-large;"" data-original-attrs='{""style"":""""}' data-keep-original-tag=""false"">  .  </span></b>Red Onion 5 mg                                    </p>
<p data-original-attrs='{""data-sourcepos"":""26:1-26:14""}'><b><span style=""font-size: x-large;"" data-original-attrs='{""style"":""""}' data-keep-original-tag=""false"">  .</span></b>   Dragon Blood 5 mg                                 </p>
<p data-original-attrs='{""data-sourcepos"":""26:1-26:14""}'><b><span style=""font-size: x-large;"" data-original-attrs='{""style"":""""}' data-keep-original-tag=""false"">  .</span></b>   Allantoin 5mg                                      </p>
<p data-original-attrs='{""data-sourcepos"":""26:1-26:14""}'><span style=""font-size: x-large;"" data-original-attrs='{""style"":""""}' data-keep-original-tag=""false""><b>  .</b></span>   Vitamin A 5mg                                          </p>
<p data-original-attrs='{""data-sourcepos"":""26:1-26:14""}'><b><span style=""font-size: x-large;"" data-original-attrs='{""style"":""""}' data-keep-original-tag=""false"">  . </span></b> Niacinamide 5 mg                                 </p>
<p data-original-attrs='{""data-sourcepos"":""26:1-26:14""}'><b><span style=""font-size: x-large;"" data-original-attrs='{""style"":""""}' data-keep-original-tag=""false"">  .  </span></b>Vitamin E 5 mg</p>
<!---->",Dermlax Shop,Uncategorized,"","",true,Title,Default Title,,,,,,,,"",0.0,shopify,9,deny,manual,2000.00,,true,true,"",https://cdn.shopify.com/s/files/1/0861/7810/3594/files/vscar.png?v=1750538780,1,"",false,,,,,,,,,,,,,,,,,,,,,,,,,,,,,,,,,,kg,,1260.00,active
vera-gleam,Vera Gleam gel,"<p> <strong>Ingredients:</strong></p>
<ul>
<li>Aqua</li>
<li>Aloe Vera</li>
<li>Xanthan (Plant-Based Natural Thickener)</li>
<li>Potassium Sorbate</li>
<li>Ascorbic Acid</li>
<li>Citric Acid</li>
<li>Lavender Oil</li>
<li>Sodium Benzoate</li>
<li>Sodium Hydroxide</li>
<li>Fragrance</li>
</ul>
<p><strong>Description:</strong></p>
<ul>
<li>Helps to soothe skin injuries affected by burning, skin irritations, cuts, and insect bites.</li>
<li>Bactericidal properties relieve itching and skin swellings.</li>
<li>Known to help slow down the appearance of wrinkles and actively repair damaged skin cells, reducing visible signs of aging.</li>
</ul>
<p><strong>Directions:</strong></p>
<ul>
<li>Gently apply to soothe and moisturize dry skin.</li>
<li>Suitable for face and all body parts.</li>
<li>Recommended for use in the morning and night.</li>
</ul>
<p><strong>Additional Information:</strong></p>
<ul>
<li>Store in a refrigerator for a fresher, more soothing, and cooling effect.</li>
</ul>
<!---->",Dermlax Shop,Uncategorized,"","",true,Title,Default Title,,,,,,,,"",0.0,shopify,6,deny,manual,2000.00,,true,true,"",https://cdn.shopify.com/s/files/1/0861/7810/3594/files/veragleam.png?v=1750535603,1,"",false,,,,,,,,,,,,,,,'2,,,,,,,,,,,,,,,,,,,kg,,1169.00,active
alocare-gel-50gm,Alocare Gel,"<h3 data-start=""80"" data-end=""117""><strong>Key Benefits of Alocare Gel</strong></h3>
<ul data-start=""119"" data-end=""672"">
<li data-start=""119"" data-end=""212"">🌿 <strong>Instant Cooling &amp; Soothing</strong> – Quickly calms irritated, inflamed, or sunburned skin.</li>
<li data-start=""213"" data-end=""310"">💧 <strong data-start=""218"" data-end=""246"">Deep Hydration &amp; Healing</strong> – Moisturizes and aids recovery from burns, cuts, and eczema.</li>
<li data-start=""311"" data-end=""416"">✨ <strong data-start=""315"" data-end=""339"">Supports Skin Repair</strong> – Stimulates collagen and elastin production for smoother, healthier skin.</li>
<li data-start=""417"" data-end=""544"">🔥 <strong data-start=""422"" data-end=""457"">Anti-Inflammatory &amp; Pain Relief</strong> – Reduces redness, swelling, and discomfort from laser treatments, waxing, and more.</li>
<li data-start=""545"" data-end=""672"">🛡️ <strong data-start=""551"" data-end=""583"">Natural &amp; Nourishing Formula</strong> – Enriched with Aloe Vera, Vitamin E, Olive Oil, and Allantoin for ultimate skin care.</li>
</ul>
<p><strong data-start=""110"" data-end=""125"">Alocare Gel</strong> is a natural, multi-purpose skincare gel that <strong data-start=""172"" data-end=""234"">moisturizes and aids recovery from burns, cuts, and eczema</strong>. Enriched with Aloe Vera, Vitamin E, and Olive Oil, it offers <strong data-start=""297"" data-end=""336"">instant cooling and soothing relief</strong> for irritated or sunburned skin. This <strong data-start=""375"" data-end=""400"">anti-inflammatory gel</strong> reduces redness, swelling, and pain caused by waxing, laser treatments, and skin conditions. Ideal for all skin types, Alocare Gel supports <strong data-start=""541"" data-end=""570"">skin repair and hydration</strong>, making it perfect for daily use.</p>
<h3>
<strong>Composition</strong>:</h3>
<ul>
<li>Natural Aloe Vera</li>
<li>Allantoin</li>
<li>Collagen elastin</li>
<li>Olive oil</li>
<li>Natural Vitamin E</li>
</ul>
<h3>
<strong>Features</strong>:</h3>
<ul>
<li>Powerful cooling, soothing, healing, anti-inflammatory, moisturizing, pain inhibitor, and scar inhibitor properties</li>
<li>Stimulates collagen and elastin production</li>
</ul>
<h3>Directions for Use:</h3>
<ul>
<li>Apply Alocare Gel thoroughly on the affected area until complete absorption.</li>
<li>Apply 2-3 times a day or as directed by the physician.</li>
</ul>
<!---->",Dermlax Shop,Uncategorized,"","",true,Title,Default Title,,,,,,,,"",0.0,shopify,9,deny,manual,600.00,,true,true,"",https://cdn.shopify.com/s/files/1/0861/7810/3594/files/alocaregel.png?v=1750535080,1,"",false,Alocare Gel 50gm,"Alocare Gel is a natural, multi-purpose skincare gel that moisturizes and aids recovery from burns, cuts, and eczema. Enriched with Aloe Vera, Vitamin E, and Olive Oil, it offers instant cooling and soothing relief for irritated or sunburned skin. This anti-inflammatory gel reduces redness, swelling, and pain caused by waxing, laser treatments, and skin conditions. Ideal for all skin types, Alocare Gel supports skin repair and hydration, making it perfect for daily use.",,,,,,,,,,,,,'4,,,,,,,,,,,,,,,,,,,kg,,354.00,active
asolite-sunscreen-spf70,Asolite Sunscreen SPF70,"",Dermlax Shop,Uncategorized,"","",false,Title,Default Title,,,,,,,,"",0.0,shopify,0,deny,manual,1650.00,,true,true,"",https://cdn.shopify.com/s/files/1/0861/7810/3594/files/9_73f174e8-90e3-4593-987e-17a4394a4802.png?v=1708599527,1,"",false,,,,,,,,,,,,,,,,,,,,,,,,,,,,,,,,,,kg,,1258.00,archived
barrier-sebum-control-sunscreen-gel-spf-50,Barrier Sebum Control Sunscreen Gel SPF 50+,"<h3 data-end=""69"" data-start=""0""><strong data-end=""67"" data-start=""4"">Key Benefits of Barrier Sebum Control Sunscreen Gel SPF 50+</strong></h3>
<ul data-is-last-node="""" data-end=""478"" data-start=""71"">
<li data-end=""154"" data-start=""71"">☀️ <strong data-end=""108"" data-start=""76"">Broad-Spectrum UV Protection</strong> – Shields skin from harmful UVA &amp; UVB rays.</li>
<li data-end=""228"" data-start=""155"">🌿 <strong data-end=""177"" data-start=""160"">Sebum Control</strong> – Helps reduce excess oil for a shine-free look.</li>
<li data-end=""228"" data-start=""155"">🚫 <strong data-start=""636"" data-end=""652"">Paraben-Free</strong> – Free from harsh chemicals, making it safe for daily use.</li>
<li data-end=""309"" data-start=""229"">💧 <strong data-end=""266"" data-start=""234"">Lightweight &amp; Fast-Absorbing</strong> – Absorbs quickly without feeling heavy.</li>
<li data-end=""395"" data-start=""310"">🔄 <strong data-end=""334"" data-start=""315"">Water-Resistant</strong> – Long-lasting protection, even during outdoor activities.</li>
<li data-is-last-node="""" data-end=""478"" data-start=""396"">✅ <strong data-end=""432"" data-start=""400"">Non-Comedogenic &amp; Non-Greasy</strong> – Won’t clog pores or leave a greasy residue.</li>
</ul>
<p><strong>Description:</strong> Barier Sunscreen Gel SPF 50+ is a comprehensive sunscreen designed for all skin types. It offers broad-spectrum UV protection and sebum control, making it ideal for those with oily or combination skin. The gel-based formula ensures non-greasy application, making it perfect for daily use.</p>
<p><strong>Features:</strong></p>
<ul>
<li>Broad Spectrum (UVA/UVB radiation protection)</li>
<li>Non-Comedogenic</li>
<li>Water Resistant</li>
<li>Hypoallergenic</li>
<li>Non-Greasy</li>
<li>Paraben-Free</li>
</ul>
<p><strong>Directions for Use:</strong> Apply on the area exposed to sunlight (such as face, neck, and other body parts) at least 30 minutes before exposure. Massage on the skin until absorbed. Reapply as needed or after swimming, perspiring, towel drying, or vigorous activity.<strong></strong></p>
<!---->",Dermlax Shop,Uncategorized,"","barrier, barrier sunblock, barrier sunscreen, Barrier sunscreen spf 50",true,Title,Default Title,,,,,,,,"",0.0,shopify,17,deny,manual,1475.00,,true,true,"",https://cdn.shopify.com/s/files/1/0861/7810/3594/files/barrier_10.png?v=1751283169,1,"",false,Barrier Sebum Control Sunscreen Gel SPF 50+ | 100% Originial - Dermlax Shop,"With broad SPF 50+ protection, it safely guards your skin from harmful UVA and UVB rays that can cause sunburn, tanning, early aging, dark spots, and even skin cancer.",,,,,,,,,,,,,'21,,,,,,,,,,,,,,,,,,,kg,,911.00,active
barrier-sebum-control-sunscreen-gel-spf-50,,,,,,,,,,,,,,,,,,,,,,,,,,,,https://cdn.shopify.com/s/files/1/0861/7810/3594/files/barrier5.png?v=1751283169,2,"",,,,,,,,,,,,,,,,,,,,,,,,,,,,,,,,,,,,,,
barrier-sebum-control-sunscreen-gel-spf-50,,,,,,,,,,,,,,,,,,,,,,,,,,,,https://cdn.shopify.com/s/files/1/0861/7810/3594/files/barrierfinal.png?v=1751283169,3,"",,,,,,,,,,,,,,,,,,,,,,,,,,,,,,,,,,,,,,
gia-sun-water-gel,Gia Sun Water Gel,"<p> <strong>Description:</strong> Gia Sun Water Gel is a daily protective sunscreen designed for all skin types. It boasts an SPF of 100 and PA+++ rating, offering strong protection against both UVA and UVB rays. The formula is hydrating, brightening, and leaves no white cast, making it ideal for regular use without the heavy, greasy feeling common in many sunscreens.</p>
<p><strong>Key Features:</strong></p>
<ul>
<li>
<strong>SPF 100, PA+++</strong>: High level of protection against UV rays.</li>
<li>
<strong>Hydrating and Brightening</strong>: Contains Hyaluronic Acid and Antioxidants to keep skin moisturized and radiant.</li>
<li>
<strong>No White Cast</strong>: Applies clear, making it suitable for all skin tones.</li>
<li>
<strong>Non-Greasy Texture</strong>: Light and smooth application.</li>
</ul>
<p><strong>Ingredients:</strong></p>
<ul>
<li>
<strong>Octyl Methoxy Cinnamate</strong>: 7%</li>
<li>
<strong>Avobenzone</strong>: 2.50%</li>
<li>
<strong>Aloe Vera</strong>: 3%</li>
<li>
<strong>Sodium Ascorbyl Phosphate</strong>: 3%</li>
<li>
<strong>Hyaluronic Acid</strong>: 1%</li>
<li>
<strong>Niacinamide</strong>: 2%</li>
</ul>
<p><strong>Usage Instructions:</strong></p>
<ul>
<li>Apply generously and evenly 15 minutes before sun exposure.</li>
<li>Reapply at least every 2 hours for optimal protection, especially after sweating, swimming, or towel drying.</li>
</ul>
<p><strong>Additional Information:</strong></p>
<ul>
<li>Recommended by dermatologists.</li>
<li>Non-comedogenic (won't clog pores).</li>
<li>Non-oily, making it suitable for everyday use.</li>
<li>Store in a cool and dry place, and keep out of reach of children.</li>
</ul>
<p><strong>Warnings:</strong></p>
<ul>
<li>For external use only.</li>
<li>Avoid contact with eyes.</li>
<li>If skin irritation occurs, discontinue use and consult a physician.</li>
</ul>
<!---->",Dermlax Shop,Uncategorized,"","",true,Title,Default Title,,,,,,,,"",0.0,shopify,6,deny,manual,1995.00,,true,true,"",https://cdn.shopify.com/s/files/1/0861/7810/3594/files/giasun_old.png?v=1750330862,1,"",false,,,,,,,,,,,,,,,,,,,,,,,,,,,,,,,,,,kg,,1256.00,active
lazuxe-sunblock,Lazuxe Sunblock,"<p> </p>
<p data-sourcepos=""10:1-10:17""> <strong>DESCRIPTION</strong></p>
<p data-sourcepos=""3:1-3:15"">LAZUXE Sunblock SPF 60 <span class=""citation-0 citation-end-0"">is an environmentally safe, full spectrum UVA/UVB sun defense that offers powerfully effective protection for face and body.</span> Zinc Oxide and Titanium Dioxide provide a safe alternative to harsh chemical sunblock. The addition of a high-performance blend of vitamins <span class=""citation-1 citation-end-1"">helps boost skin's natural defense system and reduce the signs of sun-induced irritation. The lightweight formula absorbs quickly for a smooth, clear, and matte finish. Gentle enough</span> formula, non-irritating to eyes.  </p>
<p data-sourcepos=""3:1-3:15""><strong>INGREDIENTS</strong></p>
<p data-sourcepos=""5:1-5:357"">Alovera, Allantoin, Octyl Methoxycinnamate, Oxybenzone/Benzophenone-3, Triglyceride, Tocopherol Acetate, Glycerine, Phenoxyethanol, Dexpanthenol,<span> </span><span class=""citation-0 citation-end-0"">Isononyl Isononanoate, Octyldodecanol &amp; Octyldodecyl Xyloside &amp; PEG-30 Dipolyhydroxystearate, Hydroxyethyl Acrylate / Sodium Acryloyldimethyl</span><span> </span>Taurate Copolymer, Titanium Dioxide, Zinc Oxide.<span class=""button-container ng-star-inserted"" _ngcontent-ng-c2016813655=""""><span> </span> <span> </span><button aria-describedby=""cdk-describedby-message-ng-1-19"" aria-expanded=""false"" class=""mat-mdc-tooltip-trigger button image-fade-on hide-from-message-actions"" aria-controls=""sources"" cdk-describedby-host=""ng-1"" jslog=""220646;track:generic_click,impression"" hide-from-message-actions="""" _ngcontent-ng-c2016813655=""""></button></span></p>
<div class=""container"" jslog=""220997;BardVeMetadataKey:[null,null,null,null,null,null,null,null,null,null,null,null,null,null,null,[1,null,1]]"" _ngcontent-ng-c963642693="""">
<div class=""carousel-container"" _ngcontent-ng-c963642693="""">
<div class=""carousel-content"" _ngcontent-ng-c963642693="""">
<div class=""sources-carousel-source hide ng-star-inserted"" data-test-id=""sources-carousel-source"" _ngcontent-ng-c963642693="""">
<div class=""source-card-container"" _ngcontent-ng-c265615122="""">
<div class=""source-card-content"" _ngcontent-ng-c265615122=""""><strong>HOW TO USE</strong></div>
</div>
</div>
</div>
</div>
</div>
<p data-sourcepos=""9:1-9:164"">• Apply<span> </span><span class=""citation-1 citation-end-1"">liberally on face and body 15 minutes before sun exposure. For added protection, reapply after swimming, towel drying or extended sun exposure.</span></p>
<ul data-sourcepos=""9:1-12:0""></ul>
<p data-sourcepos=""13:1-13:15""><strong>PRECAUTIONS</strong></p>
<ul data-sourcepos=""15:1-18:0"">
<li data-sourcepos=""15:1-15:61"">In case of contact with eyes, rinse with water immediately.</li>
<li data-sourcepos=""16:1-16:26"">Keep away from children.</li>
<li data-sourcepos=""17:1-18:0"">Store in cool and dry place.</li>
</ul>
<!---->",Dermlax Shop,Uncategorized,"","",true,Title,Default Title,,,,,,,,"",0.0,shopify,3,deny,manual,850.00,,true,true,"",https://cdn.shopify.com/s/files/1/0861/7810/3594/files/lazuxe.png?v=1750332014,1,"",false,,,,,,,,,,,,,,,,,,,,,,,,,,,,,,,,,,kg,,612.00,active
reban-sc-gel,ReBan SC Gel,"<p> <strong>Features:</strong></p>
<ul>
<li>Advanced UVA + UVB filters for low penetration &amp; light wear</li>
<li>Non-Comedogenic</li>
<li>Water Resistant</li>
<li>Hypoallergenic</li>
<li>Non-Greasy</li>
</ul>
<p><strong>Directions for Use:</strong></p>
<ul>
<li>Apply liberally over the entire face, neck, and other areas exposed to sunlight at least 20-30 minutes before sun exposure or as directed by your dermatologist.</li>
</ul>
<p><strong>Ingredients:</strong></p>
<ul>
<li>Aqua (water)</li>
<li>Ethylhexyl Methoxycinnamate</li>
<li>Cyclopentasiloxane</li>
<li>Dimethicone</li>
<li>Aluminum Hydroxide</li>
<li>Methylparaben</li>
<li>Carbomer</li>
<li>Ethylparaben</li>
<li>Butylene Glycol</li>
<li>Tocopherol</li>
<li>Xanthan Gum</li>
<li>Disodium EDTA</li>
</ul>
<p><strong>Cautions:</strong></p>
<ul>
<li>For external use only. Avoid contact with eyes. Keep out of reach of children.</li>
<li>Do not stay too long in the sun even while using Re'Ban SC Gel.</li>
<li>If hypersensitivity or redness occurs, stop use and consult your dermatologist.</li>
<li>Store between 25°C to 30°C.</li>
</ul>
<!---->",Dermlax Shop,Uncategorized,"","",true,Title,Default Title,,,,,,,,"",0.0,shopify,2,deny,manual,1350.00,,true,true,"",https://cdn.shopify.com/s/files/1/0861/7810/3594/files/reban.png?v=1750332369,1,"",false,,,,,,,,,,,,,,,'2,,,,,,,,,,,,,,,,,,,kg,,828.00,active
milex-c-vitamin-c-serum,Milex-C Vitamin C Serum,"<p><span>This intensive serum combines unique botanical </span><span class=""citation-0 citation-end-0 interactive-span-selected-v2"" data-keep-original-tag=""false"">ingredients, vitamin C and antioxidants agents to brighten and clarify skin tone, diminish and prevent dark spots, moisturize and protect against sun </span><span>damage </span></p>
<div><strong><br></strong></div>
<div>
<p data-original-attrs='{""data-sourcepos"":""9:1-9:14""}'><strong>DIRECTIONS</strong></p>
<p data-original-attrs='{""data-sourcepos"":""11:1-12:16""}'>Apply a few drops with finger tips massage onto a clean and dry face. Use twice a day.</p>
</div>
<div>
<strong>INGREDIENTS</strong>
<p data-original-attrs='{""data-sourcepos"":""5:1-5:269""}'>Water, Lactic Acid, Carbomer, Cyclomethicone, Allantoin, Disodium EDTA, Hydroxyethylcellulose, Maltose, Sodium Hyaluronate, Aloe Barbadensis Leaf Juice, Sodium Hydroxide, Sodium Benzoate, Tocopheryl Acetate, L-Ascorbic Acid, Glycerin, Butylene Glycol &amp; Dimethicone.</p>
<p data-original-attrs='{""data-sourcepos"":""5:1-5:269""}'><br></p>
<p data-original-attrs='{""data-sourcepos"":""7:1-7:15""}'><strong>PRECAUTIONS</strong></p>
<p data-original-attrs='{""data-sourcepos"":""9:1-9:21""}'>FOR EXTERNAL USE ONLY</p>
<p data-original-attrs='{""data-sourcepos"":""11:1-13:30""}'>Store below 25°C at cool &amp; dry place.</p>
<p data-original-attrs='{""data-sourcepos"":""11:1-13:30""}'>Avoid from direct sunlight. </p>
</div>",Dermlax Shop,Uncategorized,"","",true,Title,Default Title,,,,,,,,"",0.0,shopify,5,deny,manual,1895.00,,true,true,"",https://cdn.shopify.com/s/files/1/0861/7810/3594/files/milexc.png?v=1749733002,1,"",false,,,,,,,,,,,,,,,,,,,,,,,,,,,,,,,,,,kg,,1572.00,active
milex-c-vitamin-c-serum,,,,,,,,,,,,,,,,,,,,,,,,,,,,https://cdn.shopify.com/s/files/1/0861/7810/3594/files/milex_c_old.png?v=1749733049,2,"",,,,,,,,,,,,,,,,,,,,,,,,,,,,,,,,,,,,,,
solor-pro-cream,SOLOR Pro Cream,"<p> </p>
<p><strong>Description:</strong></p>
<ul>
<li>
<strong>Product Type:</strong> Sunscreen with a blend of physical and chemical sunscreen agents.</li>
<li>
<strong>SPF:</strong> 90</li>
<li>
<strong>Protection:</strong> Provides high protection against UVA, UVB, and IR radiation.</li>
</ul>
<p><strong>Features:</strong></p>
<ul>
<li>
<strong>Glowing Skin:</strong> Helps in achieving a glowing complexion.</li>
<li>
<strong>Light Formula:</strong> Lightweight and non-greasy.</li>
<li>
<strong>Protection:</strong> Guards against aging and discoloration.</li>
<li>
<strong>Multi-Vitamin Strength:</strong> Contains multi-vitamins to nourish the skin.</li>
</ul>
<p><strong>Ingredients:</strong></p>
<ul>
<li>Zinc Oxide: 0.50%</li>
<li>Titanium Dioxide: 0.50%</li>
<li>Octyl Methoxy Cinnamate: 2.00%</li>
<li>Butyl Methoxy di Benzoyl Methane: 1.00%</li>
<li>Vitamin C: 0.15%</li>
<li>Vitamin E: 1.00%</li>
</ul>
<p><strong>Indications:</strong></p>
<ul>
<li>Suitable for all skin types.</li>
<li>Effective for hyper-reactive skin to sunlight.</li>
<li>Helps in reducing brown patches caused by pregnancy, hyperpigmentation from oral contraceptives, post-peeling, scars, and intensive sunshine.</li>
<li>Provides protection against UVA and UVB rays.</li>
<li>Recommended as adjuvant therapy in cases of freckles, melasma, and acne.</li>
</ul>
<p><strong>Usage Instructions:</strong></p>
<ol>
<li>Apply liberally and evenly to all sun-exposed areas of the skin.</li>
<li>Apply 30 minutes before sun exposure and massage gently.</li>
<li>Reapply after excessive sweating, swimming, or prolonged outdoor physical activity.</li>
<li>Use as directed by a physician.</li>
</ol>
<p><strong>Additional Information:</strong></p>
<ul>
<li>
<strong>Hypoallergenic:</strong> Suitable for sensitive skin.</li>
<li>
<strong>Non-Comedogenic:</strong> Does not clog pores.</li>
<li>
<strong>Storage:</strong> Store in a cool and dry place, away from light.</li>
<li>
<strong>Precautions:</strong> For external use only, keep out of reach of children.</li>
</ul>
<!---->",Dermlax Shop,Uncategorized,"","",true,Title,Default Title,,,,,,,,"",0.0,shopify,1,deny,manual,725.00,,true,true,"",https://cdn.shopify.com/s/files/1/0861/7810/3594/files/solor_pro_old.png?v=1753991820,1,"",false,,,,,,,,,,,,,,,,,,,,,,,,,,,,,,,,,,kg,,393.00,active
solor-pro-cream,,,,,,,,,,,,,,,,,,,,,,,,,,,,https://cdn.shopify.com/s/files/1/0861/7810/3594/files/solorpro.png?v=1753991820,2,"",,,,,,,,,,,,,,,,,,,,,,,,,,,,,,,,,,,,,,
solotan-sun-block-cream,Solotan Sun Block Cream,"",Dermlax Shop,Uncategorized,"","",false,Title,Default Title,,,,,,,,"",0.0,shopify,0,deny,manual,1295.00,,true,true,"",https://cdn.shopify.com/s/files/1/0861/7810/3594/files/2_1f170d1b-5b00-4a87-a7e1-6e17eee48765.png?v=1708598811,1,"",false,,,,,,,,,,,,,,,,,,,,,,,,,,,,,,,,,,kg,,1100.00,archived
y-block-sunscreen,Y-Block Sunscreen,"",Dermlax Shop,Uncategorized,"","",false,Title,Default Title,,,,,,,,"",0.0,shopify,0,deny,manual,620.00,,true,true,"",https://cdn.shopify.com/s/files/1/0861/7810/3594/files/1_81b4f714-a0f5-409f-8985-d89faf71f65a.png?v=1708598721,1,"",false,,,,,,,,,,,,,,,,,,,,,,,,,,,,,,,,,,kg,,527.00,draft
oxido-lift-serum,OxiDo-lift Serum,"",Dermlax Shop,Uncategorized,"","",false,Title,Default Title,,,,,,,,"",0.0,shopify,0,deny,manual,1800.00,,true,true,"",https://cdn.shopify.com/s/files/1/0861/7810/3594/files/10_95acc337-318a-4618-bc42-8aeb5d0aff45.png?v=1708510969,1,"",false,,,,,,,,,,,,,,,,,,,,,,,,,,,,,,,,,,kg,,1571.00,archived
decoris-acne-serum,Decoris Acne Serum,"<p> </p>
<p><strong>Description:</strong></p>
<ul>
<li>
<strong>Type:</strong> Multi-Peptide Serum for all types of acne.</li>
<li>
<strong>Volume:</strong> 30 ml (1.01 fl oz).</li>
<li>
<strong>For All Types of Acne:</strong> A concentrated serum for acne that looks blemish-free, soft, radiant, and youthful skin.</li>
</ul>
<p><strong>Ingredients:</strong></p>
<ul>
<li>Tea Tree Oil (Melaleuca Alternifolia)</li>
<li>Hyaluronic Acid</li>
<li>Nicotinamide</li>
<li>Beta Hydroxy Acid</li>
<li>Carbomer</li>
<li>Propylene Glycol</li>
<li>Paraffinum Liquidium</li>
<li>Sodium Lauryl Sulphate</li>
<li>Glycerine</li>
<li>Methylparaben Sodium</li>
<li>Propylparaben Sodium</li>
<li>EDTA</li>
<li>Deionized Water</li>
</ul>
<p><strong>Directions for Use:</strong></p>
<ul>
<li>Take an appropriate amount of DE'CORIS Acne Serum.</li>
<li>Massage on the affected area with fingertips so that it reaches the skin surface.</li>
<li>For best results, use daily.</li>
</ul>
<p><strong>Additional Information:</strong></p>
<ul>
<li>Formulated to help acne-prone skin with tea tree oil &amp; hyaluronic acid for blemish-free soft, radiant, and youthful skin.</li>
<li>Powerful natural ingredients proven by science.</li>
<li>Soothe and heal blemishes, fade the appearance of acne scars, dark spots, hyperpigmentation, and fine lines for fresher, clearer, and glowing skin.</li>
</ul>
<p><strong>Instructions:</strong></p>
<ul>
<li>For external use only.</li>
<li>Avoid direct sunlight.</li>
<li>Keep in a cool and dry place below 30°C.</li>
</ul>
<!---->",Dermlax Shop,Uncategorized,"","",true,Title,Default Title,,,,,,,,"",0.0,shopify,4,deny,manual,1600.00,,true,true,"",https://cdn.shopify.com/s/files/1/0861/7810/3594/files/decoris.png?v=1749731335,1,"",false,,,,,,,,,,,,,,,'1,,,,,,,,,,,,,,,,,,,kg,,1152.00,active
decoris-acne-serum,,,,,,,,,,,,,,,,,,,,,,,,,,,,https://cdn.shopify.com/s/files/1/0861/7810/3594/files/decoris_old.png?v=1749731402,2,"",,,,,,,,,,,,,,,,,,,,,,,,,,,,,,,,,,,,,,
evanescent-serum,Evanescent Serum,"",Dermlax Shop,Uncategorized,"","",false,Title,Default Title,,,,,,,,"",0.0,shopify,0,deny,manual,1150.00,,true,true,"",https://cdn.shopify.com/s/files/1/0861/7810/3594/files/8_5a38b734-64f3-49f2-8fc3-bdee278885ce.png?v=1708510825,1,"",false,,,,,,,,,,,,,,,,,,,,,,,,,,,,,,,,,,kg,,1035.00,archived
lavilin-whitening-serum,Lavilin Whitening Serum,"<p> </p>
<p data-sourcepos=""3:1-3:15""><span><b><span style=""font-size: large;"">Description:</span></b></span></p>
<p data-sourcepos=""3:1-3:15""><span><b> LAVILIN Whitening Serum </b>the simplest way to revive dull, lackluster skin is by using whitening serum. It is designed to help even out skin tone, lighten or fade dark spots, gently exfoliate, and often act as antioxidants to prevent future damage.</span></p>
<p data-sourcepos=""3:1-3:15""><span><b> LAVILIN Whitening Serum</b> is specially formulated with the most effective skin whitening and lightening agents available in the market today. When applied twice a day to the target areas, this treatment will encourage a smooth and uniform skin tone and a lighter complexion overtime. </span></p>
<p data-sourcepos=""3:1-3:15""><span><b>Ingredients</b></span><span><b>:</b></span></p>
<p data-sourcepos=""3:1-3:15""><span> Deionized water, undecylenoyl phenylalanine, nicotinamide, alpha tocopherol, 3-glyceryl ascorbate, arbutin, saxifraga sarmentosa extract, carica papaya fruit extract, psidium guajava fruit extract butyl hydroxyl toluene, octylmethoxycinnamte, methyl paraben sodium, propylparaben sodium, sorbitanoleate, tween, dimethicone, triethanolamine, propylene glycol, titanium di oxide, glycerin, disodium edta, carbopol, hydroxyethyl cellulose, fragrance.</span></p>
<p data-sourcepos=""3:1-3:15""><span><b> Direction Of Use: </b></span></p>
<p data-sourcepos=""3:1-3:15""><span>1. Cleanse and dry your face properly before applying the serum.</span></p>
<p data-sourcepos=""3:1-3:15""><span> 2. Apply 2-3 drops of serum in an upward circular motion. </span></p>
<p data-sourcepos=""3:1-3:15""><span>3. Follow with facial cream or moisturizer,</span></p>
<p data-sourcepos=""3:1-3:15""><span>4. Allow several minutes for serum to absorb. </span></p>
<p data-sourcepos=""3:1-3:15""><span>5. Can be used once or twice daily, or as directed by the physician.</span></p>
<p data-sourcepos=""3:1-3:15""><span><b><span style=""font-size: large;""> </span></b></span><b>For External Use Only: </b></p>
<p data-sourcepos=""3:1-3:15""><span>• Avoid contact with eyes. </span></p>
<p data-sourcepos=""3:1-3:15""><span>If contact occurs, rinse eyes thoroughly with water. </span></p>
<p data-sourcepos=""3:1-3:15""><span>Store at 30°c in dry place. </span></p>
<p data-sourcepos=""3:1-3:15""><span>Protect from direct sunlight. </span></p>
<p data-sourcepos=""3:1-3:15""><span>Keep out of the reach of children. </span></p>
<p data-sourcepos=""3:1-3:15""> </p>
<!---->",Dermlax Shop,Uncategorized,"","",true,Title,Default Title,,,,,,,,"",0.0,shopify,7,deny,manual,2700.00,,true,true,"",https://cdn.shopify.com/s/files/1/0861/7810/3594/files/lavilin2.png?v=1751720775,1,"",false,,,,,,,,,,,,,,,,,,,,,,,,,,,,,,,,,,kg,,1822.00,active
lavilin-whitening-serum,,,,,,,,,,,,,,,,,,,,,,,,,,,,https://cdn.shopify.com/s/files/1/0861/7810/3594/files/lavilin_3.png?v=1751720775,2,"",,,,,,,,,,,,,,,,,,,,,,,,,,,,,,,,,,,,,,
lavida-vitamin-c-hyaluronic-acid-serum,Lavida Vitamin C+Hyaluronic Acid Serum,"<p data-sourcepos=""7:1-7:15""><strong>DIRECTIONS:</strong></p>
<p data-sourcepos=""9:1-12:25"">First, Cleanse your face Then, apply a small amount of Lavida face serum all over your face.<br>Gently massage the serum into your skin until it is fully absorbed<br>Allow a couple of minutes for the serum to penetrate your skin</p>
<p data-sourcepos=""7:1-7:236""><strong>INGREDIENTS:</strong> </p>
<p data-sourcepos=""7:1-7:236"">Sodium Hyaluronate, Dimethicone, Cyclopentasiloxane, Glyceryl Behenate, Polyacrylamide, Hydrolyzed Myrtus, Polysorbate 20, Sodium Polyacrylate, Glycerin, Polyethylene, Ascorbic Acid, Crosspolymer, Deionized Water, Alpha Arbutin.</p>
<p data-sourcepos=""9:1-9:17""><strong>KEY BENEFITS:<br><br></strong><span>Intensely hydrates the skin,</span><span> and leaves it feeling plump and radiant.<br></span><span>Gives you visible results and improves your skin radiance.<br></span><span>Refines skin texture,</span><span> boosts skin elasticity,</span><span> and gives smoother skin.<br></span><span>Stimulates skin's renewal and activates its youthful look.<br></span><span>Brightens the skin and improves skin tone.<br></span><span>Reduces dark spots and reveals radiant skin.</span></p>
<div>
<p data-sourcepos=""3:1-14:2""><strong>VITAMIN C:</strong></p>
<p data-sourcepos=""3:1-14:2"">Vitamin C,<span> </span>also referred to as L-ascorbic acid,<span> </span>is a strong antioxidant that can be found in many natural sources and obtained through diet.<span> </span>It can be found in a variety of foods such as citrus fruits,<span> </span>bell peppers,<span> </span>strawberries and cruciferous vegetables.<span> </span>Vitamin C plays a crucial role in tissue growth,<span> </span>development,<span> </span>and healing and is a popular choice among dermatologists for treating skin conditions,<span> </span>including Sun damage,<span> </span>Premature skin aging,<span> </span>Skin pigmentation or discoloration,<span> </span>Burns and wounds,<span> </span>Acne and Rosacea and Dark spots.</p>
<p data-sourcepos=""26:1-37:16""><strong>HYALURONIC ACID:</strong> </p>
<p data-sourcepos=""26:1-37:16"">Hyaluronic acid is a substance that is naturally found in the body and is also used in skincare products.<span> </span>It is commonly used by dermatologists for various skin treatments such as Wound healing,<span> </span>Tissue regeneration,<span> </span>Facial fillers,<span> </span>Skin hydration Better skin elasticity.</p>
</div>
<!---->",Dermlax Shop,Uncategorized,"","",true,Title,Default Title,,,,,,,,"",0.0,shopify,3,deny,manual,2550.00,,true,true,"",https://cdn.shopify.com/s/files/1/0861/7810/3594/files/lavida_final.png?v=1751923282,1,"",false,,,,,,,,,,,,,,,'1,,,,,,,,,,,,,,,,,,,kg,,1606.00,active
lavida-vitamin-c-hyaluronic-acid-serum,,,,,,,,,,,,,,,,,,,,,,,,,,,,https://cdn.shopify.com/s/files/1/0861/7810/3594/files/Untitled_design_24.png?v=1751923282,2,"",,,,,,,,,,,,,,,,,,,,,,,,,,,,,,,,,,,,,,
lavida-vitamin-c-hyaluronic-acid-serum,,,,,,,,,,,,,,,,,,,,,,,,,,,,https://cdn.shopify.com/s/files/1/0861/7810/3594/files/lavida.png?v=1751923172,3,"",,,,,,,,,,,,,,,,,,,,,,,,,,,,,,,,,,,,,,
milexr-anti-wrinkle-pure-retinol-serum,Milex-R Pure Retinol Serum,"<p><strong>DESCRIPTION:</strong></p>
<p data-sourcepos=""7:1-7:241"">A<span> </span><span class=""citation-0 citation-end-0"">serum formulated to minimize the appearance of deep wrinkles and to support the most fragile skin areas while visibly reducing the look of age spots and discoloration.</span><span> </span>It promotes clearer skin without the drawbacks of retinol.<span class=""button-container ng-star-inserted"" _ngcontent-ng-c2016813655=""""> </span></p>
<p data-sourcepos=""9:1-9:14""><strong>DIRECTIONS</strong></p>
<ol data-sourcepos=""11:1-14:0"">
<li data-sourcepos=""11:1-11:62"">Apply two or three pumps in the evening to clean, dry skin.</li>
<li data-sourcepos=""12:1-12:81"">Use two days on, two days off, if you are a new retinoid users, then to daily.</li>
<li data-sourcepos=""13:1-14:0"">Follow with moisturizer.</li>
</ol>
<div>
<p data-sourcepos=""3:1-3:16""><strong>INGREDIENTS:</strong></p>
<p data-sourcepos=""5:1-14:15"">Water,<span> </span>Hydroxyethylcellulose,<span> </span>Allantoin,<span> </span>Disodium EDTA,<span> </span>Sodium Hyaluronate,<span> </span>Propylene Glycol,<span> </span>Retinol,<span> </span>Matrixyl,<span> </span>Glycerin,<span> </span>Niacinamide,<span> </span>Zinc,<span> </span>Sodium benzoate,<span> </span>Tocopheryl Acetate,<span> </span>Sorbitol,<span> </span>Cyclomethicone,<span> </span>Phenoxyethanol.</p>
<p data-sourcepos=""3:1-12:15"">Discontinue use if you develop a rash, redness or swelling. Avoid contact with eyes and open wounds. Store away from direct sunlight, heat &amp; below 30°C. Keep away from children. </p>
<p data-sourcepos=""3:1-12:15""><b><span style=""font-size: large;"">External Use only.</span></b></p>
<p data-sourcepos=""5:1-14:15""> </p>
</div>
<!---->",Dermlax Shop,Uncategorized,"","",true,Title,Default Title,,,,,,,,"",0.0,shopify,9,deny,manual,2350.00,,true,true,"",https://cdn.shopify.com/s/files/1/0861/7810/3594/files/milexr.png?v=1749731606,1,"",false,,,,,,,,,,,,,,,,,,,,,,,,,,,,,,,,,,kg,,1256.00,active
motate-vitamin-b-serum,Motate Vitamin B Serum,"<h3>Description:</h3>
<p>The iconic Motate B Serum is renowned for its ability to boost skin radiance. Infused with high concentrations of Niacinamide (Vitamin B3), this serum helps reduce and prevent dehydration while boosting collagen production and minimizing redness. Combined with other powerful active ingredients, this serum will leave your skin glowing.</p>
<h3>Key Ingredients:</h3>
<ul>
<li>
<strong>Niacinamide (Vitamin B3):</strong> Reduces and prevents dehydration, boosts collagen production, and minimizes redness and inflammation.</li>
<li>
<strong>Hyaluronic Acid:</strong> Able to hold up to 1,000 times its weight in water, locks moisture into the skin, plumps, and visibly reduces dehydration and fine lines.</li>
<li>
<strong>Glycolic Acid and Lactic Acid:</strong> Gently exfoliate dead skin cells to minimize pores, uneven texture, hyperpigmentation, and fine lines while stimulating collagen production.</li>
</ul>
<h3>Directions for Use:</h3>
<ul>
<li><strong>For All Skin Types.</strong></li>
<li>Cleanse skin and pat dry.</li>
<li>Apply any lightweight toners or essences to maximize absorption.</li>
<li>Apply a thin layer of Motate B Serum all over the face and neck.</li>
<li>Finish with moisturizer.</li>
<li>Apply to face and neck in the morning prior to Motate C Serum. Apply in the evening prior to Motate A Serum.</li>
<li>Alternatively, pre-mix serums prior to application.</li>
</ul>
<h3>Features and Benefits:</h3>
<ul>
<li>
<strong>Hydrates Skin:</strong> Deeply penetrates to lock in moisture beneath the skin's surface.</li>
<li>
<strong>Anti-Aging:</strong> Fights the signs of aging gently, minimizing the likelihood of reactions or redness.</li>
<li>
<strong>Potent Antioxidants:</strong> Boosts skin's natural protection against environmental damage while repairing past damage.</li>
<li>
<strong>Even Skin Tone:</strong> Evens out skin tone and minimizes redness.</li>
<li>
<strong>Lightweight Formula:</strong> Fast-absorbing, suitable for all ages, genders, and skin types. Ideal for dull or dehydrated skin.</li>
</ul>
<h3>Additional Information:</h3>
<ul>
<li>
<strong>High Tolerance and Effectiveness:</strong> Dermatologically tested.</li>
<li>
<strong>Advanced Formula:</strong> Designed for all skin types.</li>
<li>
<strong>Fast Acting, Multi-Functional Serum:</strong> Increases skin hydration, calms, and visibly reduces redness. Licorice brightens skin.</li>
<li>
<strong>Complete Ingredients:</strong>
<ul>
<li>Aqua (Water), Niacinamide, Betaine, Glycerin, Glycereth-26, Sodium Hyaluronate Crosspolymer, Isopentyldiol, Polysorbate-20, Bacillus/Soybean/Folic Acid (Vitamin B9) Ferment Extract, Trifolium Pratense (Clover) Flower Extract, Chondrus Crispus (Carrageenan) Extract, Polygonum Cuspidatum Root Extract (Resveratrol), Aloe Barbadensis (Aloe Vera) Leaf Juice Powder, Tocopheryl Acetate (Vitamin E), Sodium Hyaluronate, Citrus Aurantifolia (Lime) Oil, Citrus Aurantium Bergamia (Bergamot) Fruit Oil, Citrus Paradisi (Grapefruit) Peel Oil, Glycolic Acid, Dipotassium Glycyrrhizate, Panthenol (Vitamin B5), Disodium EDTA, Butylene Glycol, Ethylhexylglycerin, Phenoxyethanol, Xanthan Gum, Lactic Acid, 1,2-Hexanediol..</li>
</ul>
</li>
</ul>
<h3>Caution:</h3>
<ul>
<li>Avoid contact with eyes. Flush with water if lather enters eyes.</li>
<li>If irritation occurs, discontinue use.</li>
<li>Keep out of reach of children.</li>
</ul>
<!---->",Dermlax Shop,Uncategorized,"","",false,Title,Default Title,,,,,,,,"",0.0,shopify,0,deny,manual,2190.00,,true,true,"",https://cdn.shopify.com/s/files/1/0861/7810/3594/files/4_a6d83aec-77fd-40d4-b477-b1eb5fbdd353.png?v=1708510329,1,"",false,,,,,,,,,,,,,,,,,,,,,,,,,,,,,,,,,,kg,,1380.00,draft
oxido-c-skin-brightening-serum,OxiDo-C Skin Brightening Serum,"",Dermlax Shop,Uncategorized,"","",false,Title,Default Title,,,,,,,,"",0.0,shopify,0,deny,manual,1500.00,,true,true,"",https://cdn.shopify.com/s/files/1/0861/7810/3594/files/3_99396582-d24a-4ddd-aaa2-aa3c28a64b34.png?v=1708504146,1,"",false,,,,,,,,,,,,,,,,,,,,,,,,,,,,,,,,,,kg,,1275.00,draft
oxido-lite-skin-lightening-serum,OxiDo-lite Skin Lightening Serum,"<p data-sourcepos=""3:1-3:36""><strong>OxiDo-lite skin lightening serum </strong>lightens skin complexion, dark spots and reduces age spots. Its powerful skin lightening formula tion offers best skin lightening actives knows as Melavoid and Sepiwhite in an anti-wrinkle. plumping hyaluronic acid base.</p>
<p data-sourcepos=""3:1-3:229""> <b>.</b>  LIGHTENS COMPLEXION &amp; MELASMA </p>
<p data-sourcepos=""3:1-3:229""><b> . </b><span> </span>REDUCES DARK SPOTS AGE SPOTS </p>
<p data-sourcepos=""3:1-3:229""><b>. </b><span> </span> SOFT ON SKIN HARD ON PIGMENTATION</p>
<p data-sourcepos=""3:1-3:229""><b>.</b>   EFFECTIVE FOR FACE NECK ELBOWS, KNEES BIKINI AREA SCARS &amp; MORE<sup class=""superscript highlight ng-star-inserted""></sup></p>
<p data-sourcepos=""3:1-3:229""><sup class=""superscript highlight ng-star-inserted""><span><b>ACTIVE INGREDIENTS:</b></span></sup></p>
<p data-sourcepos=""3:1-3:229""><sup class=""superscript highlight ng-star-inserted""><span><b>` Melavold: </b></span></sup></p>
<p data-sourcepos=""3:1-3:229""><sup class=""superscript highlight ng-star-inserted""><span>Lightens skin tone evenly, works on the initial mechanisms of pigmentation. </span></sup></p>
<p data-sourcepos=""3:1-3:229""><sup class=""superscript highlight ng-star-inserted""><span><b>Sepiwhite:</b> </span></sup></p>
<p data-sourcepos=""3:1-3:229""><sup class=""superscript highlight ng-star-inserted""><span>Scientifically proven to have a dramatic lightening effect on skin pigmentation </span></sup></p>
<p data-sourcepos=""3:1-3:229""><sup class=""superscript highlight ng-star-inserted""><span><b>Mulberry Extract:</b> </span></sup></p>
<p data-sourcepos=""3:1-3:229""><sup class=""superscript highlight ng-star-inserted""><span>Help to remove dark spots and discoloration. </span></sup></p>
<p data-sourcepos=""3:1-3:229""><sup class=""superscript highlight ng-star-inserted""><span><b>Bearberry Extract:</b></span></sup></p>
<p data-sourcepos=""3:1-3:229""><sup class=""superscript highlight ng-star-inserted""><span> Effective at lightening skin pigment imperfec- tions such as age spots, sun spots, Melasma, and blotchy skin tone. </span></sup></p>
<p data-sourcepos=""3:1-3:229""><sup class=""superscript highlight ng-star-inserted""><span><b>Hyaluronic Acid:</b></span></sup></p>
<p data-sourcepos=""3:1-3:229""><sup class=""superscript highlight ng-star-inserted""><span> One of the most powerful hydrating and moisturis- ing ingredient holds up to 1000 times its weight in water.</span></sup></p>
<p data-sourcepos=""3:1-3:229""><sup class=""superscript highlight ng-star-inserted""><span><b> HOW TO USE:</b> </span></sup></p>
<p data-sourcepos=""3:1-3:229""><sup class=""superscript highlight ng-star-inserted""><span>Use AM and PM. </span></sup></p>
<p data-sourcepos=""3:1-3:229""><sup class=""superscript highlight ng-star-inserted""><span>On cleansed skin, apply a pea-sized amount to the fingertips and gently pat into the face and neck. </span></sup></p>
<p data-sourcepos=""3:1-3:229""><sup class=""superscript highlight ng-star-inserted""><span>Can be used alongside other serums and followed with moisturiser. Let this be the first layer on your skin. Additional serum, concentrates and /or creams can be layered on top.</span></sup></p>
<!---->",Dermlax Shop,Uncategorized,"","",true,Title,Default Title,,,,,,,,"",0.0,shopify,9,deny,manual,1500.00,,true,true,"",https://cdn.shopify.com/s/files/1/0861/7810/3594/files/Untitled_design_7.png?v=1735474009,1,"",false,,"OxiDo-lite skin lightening serum lightens skin complexion, dark spots and reduces age spots. Its powerful skin lightening formula tion offers best skin lightening actives knows as Melavoid and Sepiwhite in an anti-wrinkle. plumping hyaluronic acid base.",,,,,,,,,,,,,'3,,,,,,,,,,,,,,,,,,,kg,,1025.00,active
xtra-lightening-plus-serum,Xtra Lightening Plus Serum,"",Dermlax Shop,Uncategorized,"","",false,Title,Default Title,,,,,,,,"",0.0,shopify,0,deny,manual,12500.00,,true,true,"",https://cdn.shopify.com/s/files/1/0861/7810/3594/files/1_19479a66-ee08-4fcd-918e-e1e160417e94.png?v=1708502184,1,"",false,,,,,,,,,,,,,,,,,,,,,,,,,,,,,,,,,,kg,,9500.00,draft
cosmo-e-moisturizing-lotion,Cosmo-E Moisturizing Lotion,"<h4 data-original-attrs='{""style"":""""}'>
<b><span style=""font-size: x-large;"" data-original-attrs='{""style"":""""}' data-keep-original-tag=""false"">Description</span></b><b data-original-attrs='{""style"":""""}'>:</b>
</h4>
<div>
<p data-original-attrs='{""data-sourcepos"":""1:1-9:8""}'>Intensive moisturizing lotion for dry skin, immediately hydrates dry skin and promotes long lasting moisture to protect skin against dryness.</p>
<h4 data-original-attrs='{""style"":""""}'>
<b><span style=""font-size: large;"" data-original-attrs='{""style"":""""}' data-keep-original-tag=""false"">Direction:</span></b> </h4>
<p data-original-attrs='{""data-sourcepos"":""11:1-13:19""}'>Apply daily all over the body for hydration.</p>
</div>
<div data-original-attrs='{""style"":""""}'><span style=""font-size: large;"" data-original-attrs='{""style"":""""}' data-keep-original-tag=""false""><b> Active Ingredients:</b></span></div>
<p> Emulsifying Wax, Soft Paraffin, Liquid Paraffin, Coconut Oil, Parki (Shea) Butter, Glycerine, Dimethicone, Allantoin, Carbomer, Lanolin, Isopropyl Myristate, Propylene Glycol, Lecithin, Polysorbate 80, Capric triglyceride, Urea.</p>
<p data-original-attrs='{""data-sourcepos"":""19:1-19:8""}'><b><span style=""font-size: large;"" data-original-attrs='{""style"":""""}' data-keep-original-tag=""false"">Warning:</span></b></p>
<p data-original-attrs='{""data-sourcepos"":""21:1-27:5""}'>Keep away from children. Avoid contact with eyes. Wash with plenty of water in case of contact with eyes.</p>",Dermlax Shop,Uncategorized,"","",true,Title,Default Title,,,,,,,,"",0.0,shopify,6,deny,manual,1550.00,,true,true,"",https://cdn.shopify.com/s/files/1/0861/7810/3594/files/5_d9ef7d4d-9360-4a1a-b9dc-a957fb6c90e1.png?v=1733392897,1,"",false,,,,,,,,,,,,,,,'1,,,,,,,,,,,,,,,,,,,kg,,1395.00,active
cuta-soft-rich-moisturizing-lotion,Cuta Soft Rich Moisturizing Lotion,"",Dermlax Shop,Uncategorized,"","",false,Title,Default Title,,,,,,,,"",0.0,shopify,0,deny,manual,600.00,,true,true,"",https://cdn.shopify.com/s/files/1/0861/7810/3594/files/12.png?v=1708424526,1,"",false,,,,,,,,,,,,,,,,,,,,,,,,,,,,,,,,,,kg,,510.00,archived
dermive-oil-free-moisturizer,DermiVe Oil Free Moisturizer,"<p data-sourcepos=""3:1-13:24""><strong>Dermive Oil Free Moisturizer</strong><span> </span>with SPF 20 is specifically formulated with ceramides, hyaluronic acid &amp; sunscreen, proven to nourish and hydrate skin while helping to defend against sunburn. This non- irritating, light weight, non- comedogenic &amp; non-greasy moisturizer leaves skin feeling soft and smooth all day.</p>
<p data-sourcepos=""3:1-3:16""><strong>Directions:</strong><span> </span><span class=""citation-0 citation-end-0"">Apply liberally to clean skin as often as needed or use as directed by your physician or skin care professional. Use daily for optimal hydration.</span></p>
<p data-sourcepos=""3:1-3:16""><strong>Ingredients:</strong></p>
<p data-sourcepos=""5:1-18:32"">Deionized Water, Glycerin, Glyceryl Stearate &amp; PEG 100 Stearate, Caprylic/Capric Triglyceride, 1-Hexadecanol, Stearic Acid, Ceteareth-29, Propylene Glycol, Ceramides, Hyaluronic Acid, Tocopheryl Acetate, Aloe Vera Extract, Microfine Titanium Dioxide, Octinoxate, Carbomers, Cyclomethicone, C12-15 Alky Benzoate, Triethanolamine, Disodium EDTA, Phenoxyethanol, Caprylyl Glycol.</p>
<p data-sourcepos=""20:1-20:13""><strong>Cautions:</strong></p>
<p data-sourcepos=""22:1-29:19""><span class=""citation-0 citation-end-0"">Avoid contact with eyes. If contact occurs, rinse eyes thoroughly with water. Store at 30° C in dry place. Protect from direct sunlight. Keep out of the reach of children. Do not use if you've known sensitivity to</span><span> </span>any of the ingredient.</p>
<!---->",Dermlax Shop,Uncategorized,"","",true,Title,Default Title,,,,,,,,"",0.0,shopify,0,deny,manual,999.00,,true,true,"",https://cdn.shopify.com/s/files/1/0861/7810/3594/files/dermive4.png?v=1750273747,1,"",false,,,,,,,,,,,,,,,'2,,,,,,,,,,,,,,,,,,,kg,,736.00,active
flexione-moisturizing-lotion,Flexione Moisturizing Lotion,"",Dermlax Shop,Uncategorized,"","",false,Title,Default Title,,,,,,,,"",0.0,shopify,0,deny,manual,1395.00,,true,true,"",https://cdn.shopify.com/s/files/1/0861/7810/3594/files/10.png?v=1708424354,1,"",false,,,,,,,,,,,,,,,,,,,,,,,,,,,,,,,,,,kg,,1185.00,draft
hydraplex-cream,Hydraplex Cream,"",Dermlax Shop,Uncategorized,"","",false,Title,Default Title,,,,,,,,"",0.0,shopify,0,deny,manual,1050.00,,true,true,"",https://cdn.shopify.com/s/files/1/0861/7810/3594/files/9.png?v=1708424245,1,"",false,,,,,,,,,,,,,,,,,,,,,,,,,,,,,,,,,,kg,,945.00,archived
lubrex-lotion,Lubrex moisturizing Lotion,"<p data-sourcepos=""3:1-3:16""><strong>Ingredients:</strong></p>
<p data-sourcepos=""5:1-8:25"">Each ml Contains Stearic acid BP...0.1gm Liquid Paraffin BP...0.2ml Triethanolamine,<span> </span>EDTA,<span> </span>Potassium hydroxide,<span> </span>Glycerin,<span> </span>Purified water.</p>
<p data-sourcepos=""10:1-10:48""><strong>Usage:</strong><span> </span>For all types of dryness of the Skin.</p>
<p data-sourcepos=""12:1-13:33""><strong>Direction for Use:</strong><span> </span>Apply Lubrex Lotion to the affected area as often as needed.</p>
<ul>
<li data-sourcepos=""3:1-3:89"">
<strong>Precautions:</strong><span> </span>Avoid contact with eyes.<span> </span>If it occurs then wash thoroughly with water.</li>
<li data-sourcepos=""4:1-4:74""><b>Keep the product out of reach of children.<span> </span>بچوں کی پہنچ سے دور رکھیں</b></li>
<li data-sourcepos=""5:1-5:25"">For External Use Only<span> </span>صرف بیرونی استعمال کے لیے۔</li>
<li data-sourcepos=""6:1-6:54"">
<strong>Storage Condition:</strong><span> </span>Keep in cool &amp; dry place.</li>
<li data-sourcepos=""7:1-7:38"">For Health Related Purpose Only.</li>
</ul>
<!---->",Dermlax Shop,Uncategorized,"","",true,Title,Default Title,,,,,,,,"",0.0,shopify,10,deny,manual,531.00,,true,true,"",https://cdn.shopify.com/s/files/1/0861/7810/3594/files/IMG_9617.jpg?v=1746631964,1,"",false,,,,,,,,,,,,,,,,,,,,,,,,,,,,,,,,,,kg,,305.00,active
moiscive-moisturizer,Moiscive Moisturizer,"",Dermlax Shop,Uncategorized,"","",false,Title,Default Title,,,,,,,,"",0.0,shopify,0,deny,manual,799.00,,true,true,"",https://cdn.shopify.com/s/files/1/0861/7810/3594/files/4_e2b6b032-94e0-4095-bf46-05992cbfcfbd.png?v=1708423511,1,"",false,,,,,,,,,,,,,,,,,,,,,,,,,,,,,,,,,,kg,,720.00,archived
motate-universal-tinted-moisturizer,Motate Universal Tinted Moisturizer,"",Dermlax Shop,Uncategorized,"","",false,Title,Default Title,,,,,,,,"",0.0,shopify,0,deny,manual,1490.00,,true,true,"",https://cdn.shopify.com/s/files/1/0861/7810/3594/files/3_4af1fd49-1c36-4636-8530-17592d193442.png?v=1708423409,1,"",false,,,,,,,,,,,,,,,,,,,,,,,,,,,,,,,,,,kg,,0.00,archived
sebamed-repair-lotion,Sebamed Repair Lotion,"",Dermlax Shop,Uncategorized,"","",false,Title,Default Title,,,,,,,,"",0.0,shopify,0,deny,manual,3100.00,,true,true,"",https://cdn.shopify.com/s/files/1/0861/7810/3594/files/1_0a4df17a-f91f-47ea-9c18-06af2a098c77.png?v=1708421439,1,"",false,,,,,,,,,,,,,,,,,,,,,,,,,,,,,,,,,,kg,,1944.00,archived
acnelite-foaming-facial-cleanser,Acnelite Foaming Facial Cleanser,"",Dermlax Shop,Uncategorized,"","",false,Title,Default Title,,,,,,,,"",0.0,shopify,0,deny,manual,1395.00,,true,true,"",https://cdn.shopify.com/s/files/1/0861/7810/3594/files/7.png?v=1708371211,1,"",false,,,,,,,,,,,,,,,,,,,,,,,,,,,,,,,,,,kg,,1063.00,archived
beotiv-vitamin-e-face-wash,Beotiv Vitamin-E Face Wash,"<h3>Key Ingredients:</h3>
<ul>
<li>
<strong>Vitamin E (Tocopherol):</strong> A protective vitamin well-known in skincare for moisturizing and protecting skin.</li>
<li>
<strong>Raspberry Seed Oil:</strong> Crushed raspberry seeds produce a naturally skin-conditioning oil that helps your skin feel smoother.</li>
</ul>
<h3>Benefits:</h3>
<ul>
<li>
<strong>Suits All Skin Types:</strong> Formulated to suit all skin types.</li>
<li>
<strong>Natural Ingredients:</strong> 95% of ingredients are of naturally derived origin.</li>
<li>
<strong>Enriched with Vitamin E and Raspberry Seed Oil:</strong> Provides gentle and effective cleansing.</li>
<li>
<strong>Fresh-Feeling Facial Wash:</strong> Light, lathery wash that doesn’t dry out the skin.</li>
<li>
<strong>Non-Drying Formula:</strong> Leaves the skin feeling refreshed and hydrated.</li>
</ul>
<h3>Directions for Use:</h3>
<ol>
<li>Wet the face with clean water.</li>
<li>Squeeze a small amount from the tube and rub together between your palms to create a lather.</li>
<li>Massage onto the face and neck using your fingertips.</li>
<li>Rinse off with clean water and pat the skin dry.</li>
</ol>
<h3>Caution:</h3>
<ul>
<li>Avoid contact with eyes. Flush with water if lather enters eyes.</li>
<li>If irritation occurs, discontinue use.</li>
<li>Keep out of reach of children.</li>
</ul>
<!---->",Dermlax Shop,Uncategorized,"","",true,Title,Default Title,,,,,,,,"",0.0,shopify,3,deny,manual,850.00,,true,true,"",https://cdn.shopify.com/s/files/1/0861/7810/3594/files/beotivvitefinal.png?v=1750256766,1,"",false,,,,,,,,,,,,,,,,,,,,,,,,,,,,,,,,,,kg,,536.00,active
beotiv-vitamin-e-face-wash,,,,,,,,,,,,,,,,,,,,,,,,,,,,https://cdn.shopify.com/s/files/1/0861/7810/3594/files/beotivvite.png?v=1750256143,2,"",,,,,,,,,,,,,,,,,,,,,,,,,,,,,,,,,,,,,,
beotiv-acne-wash,Beotiv Acne Wash,"<h3>Key Ingredients:</h3>
<ul>
<li><strong>Salicylic Acid 2%</strong></li>
</ul>
<h3>Directions for Use:</h3>
<ul>
<li><strong>Cleanse twice a day.</strong></li>
<li>Use as an ordinary soap and massage creamy lather into the skin.</li>
<li>Rinse thoroughly. Repeat if the skin is still oily.</li>
<li>Use BeOtiv Acne Wash twice or thrice daily or as recommended by your physician.</li>
<li>Avoid contact with eyes. Flush with water if lather enters eyes.</li>
</ul>
<h3>Features and Benefits:</h3>
<ul>
<li>Clinically proven formula helps boost the delivery of acne treatment to clear up acne and blackheads, and even helps prevent future breakouts.</li>
<li>Formulated with 2% Salicylic Acid acne medication to treat breakouts.</li>
<li>Delivers acne-fighting medicine to the source of the breakout.</li>
<li>Gently cleanses deep down into pores to cleanse skin and prevent future breakouts.</li>
<li>Dermatologist recommended.</li>
<li>Rinses clean without overdrying or irritating skin.</li>
<li>Oil-free, non-comedogenic formula won't clog pores.</li>
</ul>
<h3>Composition:</h3>
<ul>
<li>
<strong>Detail of Active Ingredient:</strong> Salicylic Acid 2%</li>
</ul>
<h3>Indications:</h3>
<ul>
<li><strong>Anti Acne and Anti Sebum.</strong></li>
</ul>
<h3>Caution:</h3>
<ul>
<li>Avoid contact with eyes. Flush with water if lather enters eyes.</li>
<li>If irritation occurs, discontinue use.</li>
<li>Keep out of reach of children.</li>
</ul>
<!---->",Dermlax Shop,Uncategorized,"","",true,Title,Default Title,,,,,,,,"",0.0,shopify,20,deny,manual,850.00,,true,true,"",https://cdn.shopify.com/s/files/1/0861/7810/3594/files/beotiv_acnewash.png?v=1751110057,1,"",false,,,,,,,,,,,,,,,,,,,,,,,,,,,,,,,,,,kg,,536.00,active
beotiv-acne-wash,,,,,,,,,,,,,,,,,,,,,,,,,,,,https://cdn.shopify.com/s/files/1/0861/7810/3594/files/4.png?v=1751110057,2,"",,,,,,,,,,,,,,,,,,,,,,,,,,,,,,,,,,,,,,
acnes-creamy-wash,Acnes Creamy Wash,"",Dermlax Shop,Uncategorized,"","",false,Title,Default Title,,,,,,,,"",0.0,shopify,0,deny,manual,842.00,,true,true,"",https://cdn.shopify.com/s/files/1/0861/7810/3594/files/6.png?v=1708370744,1,"",false,,,,,,,,,,,,,,,,,,,,,,,,,,,,,,,,,,kg,,,archived
layers-facewash,Layers Brightening Booster Scrub  Facewash,"<h3><strong>Key Benefits: </strong></h3>
<ul>
<li>🧼 <strong data-start=""413"" data-end=""431"">Deep Cleansing</strong> – Removes dirt, oil, and impurities.</li>
<li data-start=""471"" data-end=""558"">✨ <strong data-start=""475"" data-end=""510"">Brightens Skin &amp; Clears Pigmentation</strong> – Helps reduce dark spots and even skin tone.</li>
<li data-start=""559"" data-end=""629"">🌿 <strong data-start=""564"" data-end=""583"">Minimizes Pores</strong> – Reduces the appearance of enlarged pores.</li>
<li data-start=""630"" data-end=""722"">💧 <strong data-start=""635"" data-end=""659"">Hydrates &amp; Nourishes</strong> – Enriched with Jojoba and Vitamin E for soft, healthy skin.</li>
<li data-start=""723"" data-end=""796"">⚖️ <strong data-start=""728"" data-end=""751"">Balances Complexion</strong> – Promotes a refreshed and even skin to</li>
</ul>
<h3>Description:</h3>
<p>Layers Brightening Booster Scrub Face Wash is formulated with Vitamin C, Tea Tree, Vitamin E, and Jojoba to provide a comprehensive skincare solution. This face wash deeply cleanses, clears pigmentation, minimizes pores, and balances complexion, leaving your skin refreshed and revitalized.</p>
<h3>Key Ingredients:</h3>
<ul>
<li>
<strong>Vitamin C:</strong> Known for its brightening properties, helps even skin tone and reduce pigmentation.</li>
<li>
<strong>Tea Tree:</strong> Provides antibacterial properties to prevent acne and blemishes.</li>
<li>
<strong>Vitamin E:</strong> Protects and moisturizes the skin.</li>
<li>
<strong>Jojoba:</strong> Helps to hydrate and nourish the skin.</li>
</ul>
<h3>Benefits:</h3>
<ul>
<li>
<strong>Deep Cleansing:</strong> Effectively removes dirt, oil, and impurities from the skin.</li>
<li>
<strong>Clears Pigmentation:</strong> Helps in reducing dark spots and uneven skin tone.</li>
<li>
<strong>Pore Minimizing:</strong> Reduces the appearance of enlarged pores.</li>
<li>
<strong>Balance Complexion:</strong> Helps achieve a balanced, even complexion.</li>
</ul>
<h3>Directions for Use:</h3>
<ul>
<li>Wash your face twice daily with the Layers Brightening Booster Scrub Face Wash.</li>
<li>Apply a small amount of the face wash to wet skin.</li>
<li>Gently massage in circular motions, avoiding the eye area.</li>
<li>Rinse thoroughly with water and pat dry.</li>
</ul>
<h3>Additional Information:</h3>
<ul>
<li><strong>Research-Based Clinically Proven Formulations.</strong></li>
<li><strong>Suitable for All Skin Types.</strong></li>
</ul>
<!---->",Dermlax Shop,Uncategorized,"","",true,Title,Default Title,,,,,,,,"",0.0,shopify,25,deny,manual,1250.00,,true,true,"",https://cdn.shopify.com/s/files/1/0861/7810/3594/files/2_f7050039-6fb8-4466-b695-847b96af2bf7.png?v=1751396506,1,"",false,,,,,,,,,,,,,,,'4,,,,,,,,,,,,,,,,,,,kg,,690.00,active
acti-white-facewash,ActiWhite whitening Facewash,"<p><strong>Ingredients:</strong></p>
<ul>
<li>Pachyrrhizus Erosus (as Actipone)</li>
<li>Texapon N-70</li>
<li>CAPB</li>
<li>SLS</li>
<li>Disodium Edetate</li>
<li>Citric Acid</li>
<li>Sodium Chloride</li>
<li>Dimethicone</li>
<li>Tween-60</li>
<li>Color</li>
<li>Propylene Glycol</li>
<li>Aqua</li>
<li>Fragrance</li>
</ul>
<p><strong>Directions:</strong> Transform the required amount of face wash into lather and gently apply on moistened skin and massage it well. Rinse thoroughly with water. For best results, use two to three times daily.</p>
<p><strong>Caution:</strong> Avoid contact with eyes. Flush with water if it enters the eyes. If irritation occurs, discontinue use and consult your physician. Keep out of children's reach. Store at room temperature. For external use only.</p>
<p><strong>Features:</strong></p>
<ul>
<li>ACTI-WHITE® skin whitening efficacy proven by clinical studies on Asian skin.</li>
<li>High skin tolerance.</li>
<li>Inhibition of key steps of melanin synthesis and pigmentation process.</li>
<li>Tyrosinase activity in melanocytes and melanosome maturation decreases.</li>
<li>Developed with components known for their skin whitening efficacy.</li>
<li>Improving skin fairness starts with well-cleansed skin with powerful skin whitening.</li>
</ul>
<!---->",Dermlax Shop,Uncategorized,"","",true,Title,Default Title,,,,,,,,"",0.0,shopify,3,deny,manual,1250.00,,true,true,"",https://cdn.shopify.com/s/files/1/0861/7810/3594/files/actiwhite.png?v=1750255214,1,"",false,,,,,,,,,,,,,,,,,,,,,,,,,,,,,,,,,,kg,,757.00,active
acti-white-facewash,,,,,,,,,,,,,,,,,,,,,,,,,,,,https://cdn.shopify.com/s/files/1/0861/7810/3594/files/actiwhite_2.png?v=1750255319,2,"",,,,,,,,,,,,,,,,,,,,,,,,,,,,,,,,,,,,,,
eva-glow-facewash,Eva Glow Facewash,"",Dermlax Shop,Uncategorized,"","",false,Title,Default Title,,,,,,,,"",0.0,shopify,0,deny,manual,1250.00,,true,true,"",https://cdn.shopify.com/s/files/1/0861/7810/3594/files/Untitleddesign_32.png?v=1708335147,1,"",false,,,,,,,,,,,,,,,,,,,,,,,,,,,,,,,,,,kg,,1125.00,draft
clearnex-whitening-facewash,ClearNex Whitening Facewash,"<p data-sourcepos=""3:1-3:407""><b><span style=""font-size: large;"" data-mce-style=""font-size: large;"">Description:</span></b></p>
<p data-sourcepos=""3:1-3:407"">Effectively cleanses the skin, removing &amp; impurities and make-up residues. A complex of active ingredients (Vitamins B3, Glutathione) brightens the skin and evens out the skin tone. Aloe Vera and licorice Extract<span> </span><span class=""citation-0"">help to soothe irritations. Gentle foam intensely moisturizes the skin and maintain its hydro-balance, makes the skin less prone to hypersensitivity reaction.It's soap free.</span></p>
<p data-sourcepos=""3:1-3:16""><strong>Ingredients:</strong></p>
<ul data-sourcepos=""5:1-11:0"">
<li data-sourcepos=""5:1-5:13"">Glutathione</li>
<li data-sourcepos=""6:1-6:18"">Licorice Extract</li>
<li data-sourcepos=""7:1-7:17"">Emblica Extract</li>
<li data-sourcepos=""8:1-8:11"">Aloe Vera</li>
<li data-sourcepos=""9:1-9:12"">Vitamin B3</li>
<li data-sourcepos=""10:1-11:0"">D-Panthenol</li>
</ul>
<p data-sourcepos=""12:1-12:13""><strong>Benefits:</strong></p>
<ul data-sourcepos=""14:1-17:44"">
<li data-sourcepos=""14:1-14:130"">This foamy<span> </span><span class=""citation-0"">wash gently &amp; effectively removes pore impurities &amp; purify the skin for a clearer, brighter complexion.</span>
</li>
<li data-sourcepos=""15:1-15:175"">
<span class=""citation-0"">Enriched with Glutathione<span> </span></span><span class=""citation-0 citation-1 citation-end-0"">and plant extracts for double whitening effect.</span><span class=""citation-1 citation-end-1""><span> </span>Helps restore and optimize skin's evenness for visibly fair &amp; radiant skin.</span><span class=""button-container ng-star-inserted"" _ngcontent-ng-c24424143=""""><span> </span> </span>
</li>
<li data-sourcepos=""16:1-16:35"">Skin pH balanced. Low irritation.</li>
<li data-sourcepos=""17:1-17:44"">Free mineral oil, alcohol &amp; colorant.</li>
</ul>
<p data-sourcepos=""5:1-6:234""><strong>Indications:</strong></p>
<p data-sourcepos=""5:1-6:234"">Cleanser cleans skin and washes away problem-causing dirt, oil and make-up to held skin stay clean and looking healthy. The rich lather I oil fee and gently removes dirt and oil without over drying and leaves skin clean and refreshed.</p>
<p data-sourcepos=""8:1-9:167""><strong>Direction for use:</strong> </p>
<p data-sourcepos=""8:1-9:167""><span class=""citation-1 citation-end-1"">Dispense a blob of the whitening foam into the palm and wash your face using circular motions. Rinse with water. Use daily in the morning and at</span><span> </span>bed time.<span class=""button-container ng-star-inserted"" _ngcontent-ng-c24424143=""""> </span> </p>
<p data-sourcepos=""11:1-11:22""><strong>EXTERNAL USE ONLY.</strong></p>
<!---->",Dermlax Shop,Uncategorized,"","",true,Title,Default Title,,,,,,,,"",0.0,shopify,0,deny,manual,1300.00,,true,true,"",https://cdn.shopify.com/s/files/1/0861/7810/3594/files/clearnex.png?v=1750255464,1,"",false,,,,,,,,,,,,,,,,,,,,,,,,,,,,,,,,,,kg,,832.00,active
clearnex-whitening-facewash,,,,,,,,,,,,,,,,,,,,,,,,,,,,https://cdn.shopify.com/s/files/1/0861/7810/3594/files/clearnex_2.png?v=1750255642,2,"",,,,,,,,,,,,,,,,,,,,,,,,,,,,,,,,,,,,,,
brilla-facewash,Brilla Facewash,"<h3 data-start=""341"" data-end=""364""><strong data-start=""345"" data-end=""362"">Key Benefits:</strong></h3>
<ul data-start=""365"" data-end=""734"">
<li data-start=""365"" data-end=""432"">🌿 <strong data-start=""370"" data-end=""394"">Controls Oil &amp; Shine</strong> – Keeps skin fresh and grease-free.<br>
</li>
<li data-start=""511"" data-end=""582"">✨ <strong data-start=""515"" data-end=""533"">Brightens Skin</strong> – Kojic Acid Dipalmitate helps even skin tone.</li>
<li data-start=""583"" data-end=""665"">💧 <strong data-start=""588"" data-end=""612"">Hydrates &amp; Nourishes</strong> – Vitamin E provides moisture and skin protection.</li>
<li>✨ <strong data-start=""437"" data-end=""458"">Gently Exfoliates</strong> – Removes dead skin cells for a smoother texture.</li>
<li data-start=""666"" data-end=""734"">🚫 <strong data-start=""671"" data-end=""688"">Unclogs Pores</strong> – Helps prevent breakouts for clearer skin.</li>
</ul>
<p data-sourcepos=""5:1-5:95""><b><span style=""font-size: large;"">Use this product to</span></b></p>
<p data-sourcepos=""5:1-5:95"">help prevent greasiness of skin to keep it visibly clear and soft everyday.</p>
<p data-sourcepos=""7:1-7:16""><strong>Skin Science:</strong></p>
<p data-sourcepos=""9:1-9:146"">Pores need to be kept unlocked in order to help prevent breakouts,<span> </span>but sometime daily cleansing may shrink cells.<span> </span>Leaving your face tight and dry.</p>
<p data-sourcepos=""11:1-11:14""><strong>Directions:</strong></p>
<p data-sourcepos=""13:1-13:57"">Wet face,<span> </span>dispense product into hands,<span> </span>Lather and massage over face and neck avoiding eyes.<span> </span>Rinse thoroughly in warm water and gently pad dry,<span> </span>For best results,<span> </span>use twice daily.</p>
<p data-sourcepos=""15:1-15:15""><strong>Ingredients:</strong></p>
<p data-sourcepos=""17:1-17:90"">Encapsulated beads,<span> </span>Tea tree oil,<span> </span>vitamin E,<span> </span>Kojic acid di palmitate and other excipients.</p>
<p data-sourcepos=""19:1-19:21""><strong>Other information:</strong></p>
<p data-sourcepos=""21:1-21:47"">Keep tightly closed,<span> </span>store in a cool dry place.</p>
<p data-sourcepos=""23:1-23:35"">Keep out of the reach of children.</p>
<!---->",Dermlax Shop,Uncategorized,"","",true,Title,Default Title,,,,,,,,"",0.0,shopify,5,deny,manual,1280.00,,true,true,"",https://cdn.shopify.com/s/files/1/0861/7810/3594/files/brilla_10.png?v=1751110022,1,"",false,,,,,,,,,,,,,,,'1,,,,,,,,,,,,,,,,,,,kg,,778.00,active
brilla-facewash,,,,,,,,,,,,,,,,,,,,,,,,,,,,https://cdn.shopify.com/s/files/1/0861/7810/3594/files/brillafinal.png?v=1751110022,2,"",,,,,,,,,,,,,,,,,,,,,,,,,,,,,,,,,,,,,,
brilla-facewash,,,,,,,,,,,,,,,,,,,,,,,,,,,,https://cdn.shopify.com/s/files/1/0861/7810/3594/files/brillafw_0f079cbc-3c14-44aa-a3bc-b712e5bf3dd1.png?v=1751110022,3,"",,,,,,,,,,,,,,,,,,,,,,,,,,,,,,,,,,,,,,
